player_id,level_reached,session_duration,in_app_purchase_amount,churned
1,39,9.857375071604139,9.3,0
2,29,10.62246077176419,12.44,0
3,15,18.14384289545356,3.87,0
4,43,13.213144517917021,12.01,0
5,8,23.45200254065209,7.48,0
6,21,22.33819168930379,11.16,0
7,39,23.368492231104316,18.07,0
8,19,10.41743503178389,2.04,0
9,23,17.454456060707855,9.51,0
10,11,12.612379555310651,0.54,0
11,11,16.63935909116645,1.08,0
12,24,10.9719312862802,11.23,1
13,36,21.130781837757276,0.74,0
14,40,11.06534224898057,9.05,0
15,24,5.263804876644512,2.48,0
16,3,25.16890407871581,3.63,0
17,22,17.21248339783965,1.39,0
18,2,9.65436617790936,2.86,0
19,24,14.188644424654315,17.22,0
20,44,12.115714526415578,10.19,0
21,30,15.0287072340222,29.91,0
22,38,19.013904179574105,0.5,0
23,2,18.228895464518153,15.72,1
24,21,16.26864510254257,12.01,1
25,33,15.026265566547544,3.02,0
26,12,20.393353787640052,13.06,0
27,22,5.372708908315532,12.61,0
28,44,11.255336533697811,6.15,0
29,25,10.106685833719162,11.67,0
30,49,20.031288865014456,5.88,0
31,27,11.304536921607644,4.09,0
32,42,8.57022303854776,6.28,0
33,28,17.746637730584663,22.55,0
34,16,10.456262095451374,4.85,0
35,15,13.246367587458213,5.17,0
36,47,26.905719504408488,9.38,0
37,44,18.93569277001737,13.98,0
38,3,13.944796962926628,13.27,1
39,37,14.394359370279084,0.2,0
40,7,19.53743793110736,11.63,1
41,21,18.314352150523153,5.99,0
42,9,15.377997447254685,7.43,0
43,39,15.517799711197123,8.25,0
44,18,7.600757597810141,13.16,0
45,4,6.549947249655316,17.8,0
46,25,14.115888621132477,10.39,0
47,14,11.833574073269277,8.3,0
48,9,17.930395171701818,4.68,0
49,26,15.98589871902813,1.48,0
50,2,11.136128032528102,31.84,0
51,20,15.815992297481788,6.2,0
52,28,12.908836072225386,8.35,0
53,47,25.333006890070145,13.91,0
54,7,16.931211494814786,0.71,0
55,44,7.196965064835357,19.31,0
56,8,24.10257550109791,15.95,1
57,47,11.83425498021375,14.89,0
58,35,10.126315046099155,0.22,0
59,14,25.718433262717603,7.48,0
60,17,16.72918328897782,0.56,0
61,36,18.503830036027427,8.0,0
62,40,18.665300579360753,12.67,0
63,4,13.970051418810982,1.3,0
64,2,12.1379736490684,11.87,1
65,6,12.953712725311298,5.97,1
66,42,23.044331396220166,16.69,0
67,4,16.018937766034043,7.63,1
68,29,21.564575198580684,4.1,0
69,18,14.617774363857508,4.03,0
70,26,11.223082113281277,22.78,0
71,44,7.7889176306597285,6.03,0
72,34,18.240015925770198,5.2,0
73,10,23.47049039205987,0.41,1
74,36,10.570134958767497,4.53,0
75,14,17.5668628431901,18.95,0
76,31,8.121921421596246,14.31,0
77,48,12.221516614690543,2.5,0
78,15,16.339683926872738,5.33,1
79,8,6.35852957164799,2.19,1
80,14,14.909883736353088,30.84,0
81,23,10.816497632914272,9.12,0
82,40,18.02379612869137,14.04,0
83,21,14.172996789232352,12.51,0
84,16,19.697195097337914,20.69,0
85,45,13.602008566275925,29.82,0
86,18,8.188102400852454,0.33,0
87,47,7.565199594818673,37.01,0
88,24,5.454952482210153,20.44,0
89,26,18.164789163049946,4.83,0
90,25,27.78865459634497,18.14,0
91,45,17.176190685925658,13.34,0
92,41,23.360234410021704,15.76,0
93,29,20.6678664539451,2.49,0
94,15,12.40831995062957,10.46,0
95,45,21.326579904953128,0.26,0
96,1,12.607126542437426,18.85,0
97,25,12.706460652308206,30.17,0
98,7,13.957038370318449,10.85,1
99,9,14.194009888364349,7.19,0
100,24,18.30684731593074,12.94,0
101,1,11.645566320545973,3.95,1
102,44,19.445513892914885,9.85,0
103,8,19.373720415157354,12.69,0
104,24,16.714817662222423,1.54,1
105,11,24.698059543037225,1.51,0
106,17,21.436963243291544,12.59,0
107,8,20.348646451002324,5.65,0
108,35,15.330766872716257,22.0,0
109,35,16.75883068907163,3.74,0
110,33,17.61903681543877,0.43,1
111,5,15.066206867638027,10.49,1
112,42,13.122152698457645,11.53,0
113,39,2.9714362856184415,8.07,0
114,41,18.588827045624114,11.5,0
115,28,20.20723608441677,7.42,1
116,7,9.194405719215819,11.8,0
117,9,18.025843248602456,0.45,0
118,8,12.04236660841238,4.59,1
119,12,13.167354087964634,2.37,1
120,34,21.55380263681677,1.05,0
121,33,10.046828048929932,2.67,0
122,48,10.039261056533899,2.12,0
123,23,24.02417182821999,36.17,0
124,24,14.272216507318083,3.38,0
125,37,21.232727966155338,2.63,0
126,35,7.006485690855327,18.01,0
127,44,7.406983652045734,5.43,0
128,40,10.435277422107895,5.47,0
129,22,12.592696117336555,5.86,0
130,27,7.9835670167344395,5.39,0
131,35,16.846482382149997,3.95,0
132,1,17.17297084328391,3.37,1
133,35,10.509285610807312,21.37,1
134,37,10.907006503045992,1.76,0
135,47,11.566092830742193,2.0,0
136,14,9.175571005534794,8.48,0
137,3,1.0,4.21,1
138,1,14.574798469275672,5.47,1
139,5,12.847811536495117,16.43,0
140,26,13.359270775867133,23.4,0
141,14,9.94098239495614,15.63,0
142,39,19.052487495751336,2.68,0
143,27,27.12695794708541,39.11,0
144,9,10.829575719894223,4.51,0
145,15,21.99848069486174,1.85,1
146,15,16.83324906073647,6.92,0
147,26,15.177099458912169,12.92,0
148,42,13.279386317185844,0.87,0
149,13,14.58391564883004,10.06,0
150,32,20.74795344849313,19.52,0
151,39,9.309595195217439,3.04,0
152,49,13.624966344242743,11.81,0
153,32,21.245001039112516,5.11,0
154,4,19.918573467639987,5.35,0
155,30,9.387070305248782,3.3,0
156,37,14.087040611094773,9.79,0
157,23,18.640039239170136,4.48,0
158,39,18.317140596605483,17.77,0
159,45,19.87567260621644,32.94,0
160,15,16.921429440836487,27.35,1
161,43,17.75976573997892,1.78,0
162,29,16.713982109635793,0.14,1
163,36,22.898665387639454,5.77,0
164,13,12.890944102843909,13.05,0
165,32,15.240955814726085,37.92,0
166,7,9.925155838411452,15.3,0
167,22,8.939891165977938,8.69,0
168,28,16.624783505291905,0.27,0
169,2,11.379068670290739,17.46,1
170,42,14.711571985513219,1.95,0
171,45,23.088746552621046,0.57,0
172,6,22.799688511864105,19.0,0
173,28,26.1202238934415,8.35,0
174,28,23.188262541995606,1.38,0
175,44,27.015090958927452,4.89,0
176,44,17.182648339062805,0.89,0
177,20,10.484897086777082,10.16,0
178,30,9.998037152572598,3.32,0
179,11,21.9816530372076,20.11,1
180,28,15.2581325140521,4.43,0
181,25,15.630657579230078,6.82,0
182,39,12.254644560230933,0.66,0
183,33,12.854130301753587,3.22,0
184,1,16.918796448884628,11.29,1
185,27,9.723882549379816,13.33,0
186,13,16.28569232904048,2.78,0
187,41,22.555400975675646,7.01,0
188,3,4.331820791705896,17.01,1
189,39,7.293440609614432,4.78,0
190,6,18.37804980751529,1.44,0
191,8,21.819839368304315,5.65,1
192,27,12.550536349301591,9.18,1
193,9,5.008796924777307,0.07,0
194,37,22.159620869703758,4.29,1
195,33,10.944674240427378,9.35,0
196,42,13.193768285361937,30.35,0
197,44,16.595224361598884,5.25,0
198,24,11.667833140446213,1.78,0
199,15,10.619351364214026,7.64,0
200,32,10.710999037179556,3.37,0
201,32,24.289642804638415,2.42,0
202,24,20.798067942126405,8.93,0
203,41,17.872586703085908,24.76,0
204,49,4.067833871327169,18.03,0
205,49,17.890959475277935,2.01,0
206,12,17.621001042047347,14.52,0
207,39,8.60933429907417,2.61,0
208,2,16.293550667369164,3.43,0
209,3,20.257462481293445,25.26,0
210,49,17.846829592968867,24.2,0
211,37,11.59915299149887,1.85,0
212,49,15.066323215419866,0.66,0
213,17,18.651784656005994,3.47,0
214,49,15.297260171088247,8.72,0
215,2,21.271424445534475,20.95,0
216,2,16.97840778420054,1.27,1
217,28,18.764613326439154,5.36,0
218,23,19.1070032349588,3.17,0
219,37,9.666586483470684,0.15,0
220,32,15.249930176783396,15.53,0
221,33,13.338227632405177,16.78,0
222,1,20.219229974035393,2.5,0
223,19,17.316165233520124,1.64,0
224,2,14.05893768947205,1.56,0
225,44,8.590742982786685,6.24,0
226,26,7.015458339397295,2.83,0
227,32,16.55171309972477,7.16,0
228,6,11.4139366138327,4.86,0
229,32,18.330632340486165,2.37,0
230,4,6.784298674618869,13.91,0
231,11,22.964755991044452,1.63,0
232,17,18.319320449658374,16.04,1
233,38,15.495925449888638,8.24,0
234,24,23.41529468201366,17.84,0
235,5,19.74208967110568,0.05,0
236,34,12.62498380691478,13.83,0
237,6,15.387881548891645,0.53,1
238,22,5.178628500926273,29.98,0
239,11,20.320951552744255,12.13,0
240,48,13.52024161004139,3.86,0
241,16,5.1138757738050895,3.85,1
242,33,9.090807152955042,19.77,0
243,9,19.35456024224705,23.31,0
244,6,23.069013575180765,22.22,0
245,16,15.102127594590435,16.54,0
246,29,10.089743290035532,17.09,0
247,3,7.89625155160449,8.5,1
248,20,22.07307309070554,0.29,0
249,36,17.247338892236137,0.91,0
250,19,13.349301896776268,10.49,0
251,26,12.158641069622295,5.13,0
252,3,18.359148188668144,8.38,0
253,19,18.221592470356804,2.63,1
254,20,10.517077932720273,10.48,0
255,32,9.288137545495289,2.78,0
256,7,9.540486521432527,6.18,1
257,41,12.658877097628217,6.51,0
258,33,11.551072732086219,1.96,1
259,40,23.090460090847827,20.89,0
260,39,12.481096888702805,7.46,0
261,18,8.751667760251351,20.16,0
262,40,9.032512795502363,3.05,0
263,1,14.080141994792022,1.89,1
264,11,5.889379385105798,0.18,0
265,28,14.699396430688017,0.99,0
266,25,8.318952497592178,1.6,0
267,23,20.793051833708507,0.82,0
268,31,15.582811746209725,22.72,0
269,30,25.605118007662217,24.24,0
270,42,13.858997102488948,27.7,0
271,35,1.0,32.15,0
272,7,22.28840600178102,6.77,0
273,16,17.50961579238534,7.55,0
274,26,18.284539394803367,1.4,0
275,48,9.987082051279755,1.47,0
276,49,14.785759722023055,14.82,0
277,2,15.9323043756783,19.36,1
278,1,13.810896911969508,15.36,0
279,48,6.328185873732631,17.99,0
280,12,28.843460241295272,3.24,0
281,5,19.179146189141125,6.27,0
282,37,17.10292023510198,6.15,0
283,32,21.569428105069896,53.57,0
284,9,18.220961055194206,29.79,0
285,41,11.613985599601497,9.13,0
286,35,21.24891378908845,1.48,0
287,19,19.261080032890074,2.99,0
288,48,11.803570913429706,4.52,0
289,16,18.950073341425224,20.65,0
290,3,13.797149839119594,1.87,1
291,20,16.042390998993064,2.48,0
292,24,17.998252334566132,4.3,0
293,33,21.842488506524802,26.16,0
294,24,11.77002007436473,7.01,1
295,11,16.824810903261316,10.41,0
296,49,25.078631131155976,4.9,0
297,8,14.119762519865242,2.09,0
298,36,15.982783888497911,2.52,0
299,38,25.07115237238994,16.23,0
300,40,18.18738735974552,22.39,0
301,20,7.630098604194421,6.79,0
302,35,11.022611739228175,4.42,0
303,48,18.447896071827216,16.49,0
304,25,17.115024539452374,11.18,0
305,35,15.812899333694098,0.42,0
306,25,25.806120915832324,4.32,0
307,29,11.912564219208026,11.46,0
308,18,14.62793088283982,8.53,0
309,46,5.184448952808822,38.2,0
310,18,20.80329944400486,20.11,0
311,2,11.005738494687101,0.62,1
312,35,20.285683844004645,12.94,0
313,16,19.760150657186507,4.1,0
314,41,26.745496293938892,11.46,0
315,36,18.24637788265606,9.6,0
316,33,13.219566878399457,6.99,0
317,4,17.26811479998546,19.17,1
318,33,11.203735760857061,12.33,0
319,14,16.595800887544545,22.03,0
320,21,13.995487472288138,3.31,1
321,48,14.648307751640642,4.28,0
322,20,10.508167560362182,9.73,0
323,8,16.50223029881388,33.95,1
324,7,19.121150128430344,4.65,0
325,3,6.739516026641365,0.33,1
326,17,11.557036733674313,5.9,0
327,33,15.840235845901352,7.85,0
328,48,3.2634167939329295,16.14,0
329,12,23.701322168564595,13.04,0
330,22,11.444445927234725,33.43,0
331,22,10.30956240620786,15.26,0
332,46,13.963288618716058,3.55,0
333,30,15.686864193991118,10.25,0
334,38,11.217635510238313,11.15,0
335,38,19.902068329944633,62.25,0
336,45,16.998532697206116,1.49,0
337,8,10.813790531973222,2.12,1
338,27,12.387974415388143,1.69,0
339,27,7.4161515180484034,8.89,1
340,34,8.73329552232582,1.45,0
341,21,16.937991641061807,10.67,0
342,30,10.865677219650857,16.28,0
343,33,24.021422265245462,5.67,0
344,28,15.354616001545713,8.23,0
345,47,8.235882874480023,24.39,0
346,33,9.283263569662186,8.43,0
347,5,20.26484847340714,2.34,0
348,48,14.617431986954628,4.2,0
349,19,19.95997413278818,7.55,0
350,4,13.167560099609672,1.68,0
351,35,12.19883953748245,9.48,0
352,49,20.597236855171925,71.9,0
353,17,10.707113114857037,10.57,0
354,44,17.44527066685181,4.66,0
355,28,13.94108194799316,4.03,0
356,30,19.393617066878875,26.82,0
357,29,24.092419937678997,20.52,0
358,46,13.039111583994954,6.39,0
359,6,12.26428930601772,4.36,1
360,35,18.329041945186777,12.39,0
361,41,9.589982023984659,3.78,0
362,37,23.082327289250177,1.27,0
363,24,22.230112750282366,3.71,0
364,29,10.004401804197848,5.7,0
365,49,7.084375902965468,2.95,0
366,46,9.19711423571891,2.44,0
367,31,9.273151800204412,0.06,0
368,35,19.008802821774882,9.97,0
369,33,22.745851578897017,9.53,0
370,21,18.950631063094118,2.08,0
371,32,13.819038916917712,28.76,0
372,23,16.71249233455207,5.27,0
373,33,10.651109835974822,0.26,0
374,3,20.486040227821164,2.48,1
375,18,17.160144699912664,11.78,0
376,25,18.865988910082315,2.25,0
377,42,11.362321490701122,0.55,0
378,31,14.157014065656767,9.62,0
379,3,18.625365699906016,7.31,1
380,40,22.217564497618074,14.32,0
381,46,11.959501202757075,14.81,0
382,24,18.9022595358541,32.17,0
383,32,11.439641016948581,0.59,0
384,47,25.585968864133044,0.4,0
385,22,12.925876458637354,43.58,0
386,23,18.21752587026056,10.35,0
387,2,15.828048076168162,12.57,0
388,27,28.026515606802466,1.01,0
389,42,16.149508040122818,0.72,0
390,2,12.42471988504936,1.75,0
391,26,18.197532563065316,5.57,0
392,17,18.086204333876864,1.17,1
393,40,14.21265068120529,5.91,0
394,33,9.526170678859458,8.24,0
395,9,12.360005693048217,0.0,0
396,43,19.407494740724594,1.21,0
397,48,6.262755268830185,4.7,0
398,39,13.759770503071435,0.55,0
399,29,19.974319609083917,1.43,0
400,42,14.532518904999762,2.64,0
401,26,25.868550697763716,5.61,0
402,35,6.276748798506738,12.55,0
403,25,10.193160655402831,1.42,0
404,24,3.426830988736061,13.39,0
405,13,24.968452833726495,19.31,0
406,7,10.275064246241847,10.54,1
407,36,5.065393441358335,0.45,0
408,45,11.940403427872827,5.81,0
409,20,8.03595445905765,10.79,0
410,1,11.976075548472986,38.4,1
411,8,15.20614625472452,30.33,0
412,46,19.024605520235504,5.04,0
413,16,14.12665529944531,9.57,0
414,14,15.126453496673381,22.15,0
415,12,12.092023884649347,17.78,0
416,23,7.441508863751705,6.53,1
417,15,5.767298785170494,3.03,0
418,28,13.177571098318193,1.47,0
419,34,15.42319889271607,6.69,0
420,2,12.806927393868746,12.83,0
421,32,5.95336503569329,34.99,0
422,23,16.00700046634086,19.79,1
423,22,23.146524414521572,2.28,0
424,25,14.426767432444262,12.72,0
425,22,12.102347112119586,3.41,1
426,22,14.697529798782405,11.5,0
427,49,9.478100777184405,10.96,0
428,42,9.155504353519257,3.18,0
429,6,17.257070440473182,2.67,1
430,15,19.951607645161662,1.1,0
431,43,14.264508239027899,0.52,0
432,37,5.131174761921166,19.55,0
433,33,16.766744632678755,0.51,0
434,8,25.336910851687243,0.93,1
435,44,13.780509182758577,2.73,0
436,44,14.110771122982886,21.86,0
437,5,10.636832349430309,4.05,0
438,39,17.40676998946705,2.13,0
439,4,11.645082677526936,12.57,0
440,6,20.10750948834297,3.84,1
441,45,11.712097267574222,4.06,0
442,32,16.708957340594818,13.43,0
443,30,14.7682787697022,2.9,0
444,47,22.775558096546504,22.71,0
445,35,17.047396930990242,8.24,0
446,40,21.935036595624606,7.72,0
447,16,15.543117503885833,3.08,0
448,13,14.146298497428592,18.02,0
449,42,14.809046152323875,8.5,0
450,30,11.142953993114038,1.69,0
451,19,17.65834391851936,2.31,0
452,17,11.548208295982567,6.32,0
453,19,15.562315207589247,15.13,0
454,28,19.27600983231956,28.02,0
455,26,22.91774454888469,10.89,0
456,37,15.814300419324951,7.06,0
457,26,19.306035280330164,2.89,0
458,23,18.70943875190407,11.17,0
459,9,13.088114545895122,40.31,0
460,12,25.539017272120887,6.47,0
461,1,12.118788985605283,1.77,1
462,1,15.454973130747828,1.09,0
463,47,22.270598766992137,3.14,0
464,34,22.147291213994116,8.43,0
465,32,15.071601990178307,29.34,0
466,48,19.95208373920314,3.55,0
467,25,13.880138317782222,3.64,0
468,40,12.55660554850471,6.56,0
469,45,8.9360546344078,25.08,0
470,1,18.619406827396404,5.43,0
471,16,19.14610465634228,2.53,0
472,39,12.160553522221692,1.78,0
473,5,16.340500169926173,6.11,1
474,22,28.25494213935967,16.13,0
475,29,20.733411500586822,3.44,0
476,3,10.492580287105692,7.19,0
477,12,20.00781139881694,9.24,1
478,26,10.515691093746597,5.99,0
479,16,1.0,2.13,0
480,37,14.897939283669357,25.48,0
481,22,22.816007297964926,8.33,0
482,29,21.987239802184707,13.06,0
483,14,16.886175845463274,10.11,1
484,28,12.291352933750527,62.39,0
485,5,17.432248419563233,6.09,0
486,47,13.654199148445446,5.53,0
487,49,12.431721540153447,4.47,0
488,30,20.310011011527855,4.49,0
489,46,12.369821101447034,3.23,0
490,5,20.63618278238038,39.44,1
491,12,12.039070190180936,20.46,0
492,16,25.292459774114448,3.81,0
493,26,6.7968277985744034,3.64,0
494,26,10.21615334147716,1.09,0
495,48,14.223161329048386,20.96,0
496,21,5.079780484059684,4.65,0
497,39,2.145069286224171,8.5,0
498,36,5.1229619154469574,23.06,0
499,33,13.53955394844496,5.24,0
500,30,13.666449950579434,16.44,1
501,37,16.66499740616433,5.63,0
502,23,14.014992591118288,12.07,0
503,10,16.497582322554244,5.64,0
504,5,12.74891792780799,4.99,1
505,36,18.574078787358406,46.79,0
506,34,17.97155001586761,9.48,0
507,31,13.366536900712404,4.58,0
508,10,17.66505717336195,2.98,1
509,19,14.046770320256654,0.41,0
510,32,7.3883704230344724,12.26,0
511,1,19.52248320691311,4.65,0
512,5,10.465919767007854,17.22,0
513,45,19.469119775708837,4.52,0
514,4,16.620133860585117,4.67,0
515,16,14.577388454914386,15.1,0
516,24,5.615033022744569,6.72,1
517,16,22.69872778707222,21.62,0
518,2,13.184430693229558,8.92,1
519,49,18.172817935777914,2.75,0
520,28,14.430129383146095,8.4,0
521,32,13.642823322188061,0.04,0
522,27,15.964039191984947,3.75,1
523,20,15.132861417209234,2.33,0
524,24,13.665036049121062,10.62,0
525,12,14.723427206939236,1.46,0
526,35,17.135323281358552,3.43,0
527,33,17.48909588379147,4.02,0
528,33,15.216786063719647,0.03,1
529,43,18.104684949072194,0.48,0
530,37,12.879650977784568,3.73,0
531,12,26.124431904982277,2.51,0
532,3,22.427943040038905,1.24,0
533,1,18.812214974158056,1.67,0
534,33,5.292097530814747,18.05,0
535,40,18.03009569427491,11.5,0
536,10,13.316814585689727,6.62,0
537,43,10.106596342953235,23.96,0
538,44,13.189519748475902,0.3,0
539,29,10.6608263303529,4.23,0
540,13,17.534015468797527,17.34,0
541,12,23.079970312816137,9.9,0
542,31,19.13014395853391,40.0,0
543,46,28.81262620394793,28.92,0
544,2,7.231937852122977,1.86,1
545,35,12.469826477654467,35.75,0
546,23,10.284874038288448,29.1,0
547,17,21.146841571799293,4.68,0
548,26,13.89724821510731,40.68,0
549,8,15.94758098238627,0.37,0
550,29,18.168427659865298,10.81,0
551,26,7.72605574731629,3.09,0
552,10,11.893255183975016,1.39,1
553,26,19.986329768489572,8.62,0
554,34,12.259560497460402,3.66,0
555,41,6.43178515465654,10.99,0
556,7,10.488685561578759,7.76,1
557,4,13.568659731973673,4.99,0
558,45,15.833802599447141,2.01,0
559,11,14.645933450247403,9.19,0
560,29,11.92891079028513,17.67,1
561,36,19.69656719424235,9.16,0
562,25,14.354695317190457,9.43,0
563,21,16.047006809989618,7.17,0
564,36,12.19522011305784,4.91,0
565,10,22.54470132120106,6.11,0
566,37,13.041844473965696,45.6,0
567,9,15.373464332966304,13.85,1
568,24,20.1749972106344,5.63,0
569,35,16.400211305299795,6.11,0
570,49,16.275448482187407,6.92,0
571,35,5.131722453016932,10.77,0
572,48,18.403175008469425,6.27,0
573,36,15.277934701067451,11.59,0
574,18,17.70782551586275,3.99,0
575,49,15.916065241844182,5.29,0
576,39,12.204212214385638,19.95,0
577,32,19.471535832747975,3.99,0
578,24,15.990633056399579,33.36,0
579,23,8.553067544785451,1.89,0
580,32,21.542585781730814,2.77,0
581,37,7.84760217806264,6.23,0
582,12,19.504646171252713,15.97,0
583,49,22.434658859651037,13.15,0
584,13,9.468522820183686,1.92,1
585,23,14.386191066310559,2.7,0
586,25,13.920258769329116,8.56,0
587,35,14.145144224095556,3.5,0
588,41,24.15119177616532,5.49,0
589,30,9.526405635414406,6.67,0
590,17,13.46716477560501,9.02,0
591,49,22.516612494108756,2.89,0
592,20,13.385255858304259,1.78,0
593,48,10.32110142066752,5.08,0
594,25,16.31507340884874,0.86,0
595,22,19.028202708535076,7.48,0
596,13,13.035795149258513,18.3,1
597,19,17.771841954037725,1.27,1
598,49,8.116924529627184,1.2,0
599,36,8.394864582907028,0.84,0
600,12,12.799568598736863,18.83,0
601,41,17.95008709995864,0.84,0
602,19,18.80748990492543,41.02,0
603,12,9.089919762709684,4.44,0
604,9,18.622103523662897,3.99,1
605,7,15.8325352021739,0.96,0
606,28,10.603976527743411,8.81,0
607,14,8.329058239885008,8.82,1
608,31,16.149115774521626,6.81,0
609,19,21.44781612082723,3.73,0
610,47,15.177612153889786,4.6,0
611,16,10.325395752968818,3.86,1
612,5,5.659888564602868,5.55,0
613,35,22.647454234443046,4.18,0
614,12,20.20925305159881,11.26,0
615,25,16.510384243858006,3.51,0
616,21,22.389969836327303,4.32,0
617,36,16.11959549876797,5.72,0
618,23,12.344815246911583,0.04,0
619,16,17.77566122525105,6.77,0
620,39,10.851371618661043,2.95,0
621,45,10.021760910734095,0.58,0
622,42,18.858035548036344,24.19,0
623,39,19.27879383782041,3.89,0
624,14,8.631308597562953,5.55,1
625,31,8.816011587790719,17.56,0
626,5,12.774751531834942,1.82,0
627,35,11.443475834101687,18.99,0
628,23,17.382443815826843,2.77,0
629,29,15.24024918882795,8.89,0
630,43,20.824531288183028,11.57,0
631,11,16.586288626169917,23.54,0
632,18,11.77711585164161,9.36,0
633,47,5.544355690567771,6.04,0
634,12,15.897279921385886,8.49,0
635,9,6.448359448818614,2.26,1
636,10,11.71522381539582,11.68,0
637,44,11.391366109516623,2.07,0
638,17,12.457864425582843,8.15,1
639,38,8.419828700365711,10.43,0
640,7,11.373616959450253,22.89,1
641,46,20.729522892259,5.98,0
642,13,20.715742437874667,14.93,0
643,40,22.662498877329856,1.83,0
644,42,15.05073262871887,1.7,0
645,9,16.356095644491234,7.44,0
646,27,20.803057088468293,9.07,1
647,2,7.646695215314413,10.01,1
648,5,19.028142533518505,13.69,0
649,29,21.511723616978276,3.49,0
650,37,10.55519836981188,9.74,0
651,38,21.913195728018298,2.08,0
652,19,25.288580401507915,2.47,0
653,8,18.889233352554143,0.7,1
654,48,17.97252184330062,13.74,0
655,45,9.401119754353708,7.07,0
656,1,20.34601964520462,2.72,1
657,22,9.872046736814434,8.12,1
658,17,16.848704013201818,4.37,1
659,7,17.355475536655124,18.15,1
660,25,1.0,7.51,1
661,45,17.029016917678756,0.3,0
662,4,28.10737393239244,42.06,0
663,36,4.540717888647643,0.77,0
664,6,14.730540029934327,11.91,0
665,31,5.264423116326904,5.75,0
666,19,10.529292805974114,2.87,0
667,44,5.351115725898481,11.28,0
668,39,15.797711634986088,1.35,0
669,27,18.968024016297974,19.54,0
670,10,17.04869316384546,2.88,0
671,26,10.34908765271214,4.49,0
672,19,11.953026217020362,10.01,1
673,39,16.361363430428195,0.01,0
674,3,10.505380049305398,6.4,1
675,45,8.35602445742179,22.47,0
676,13,13.804364699490195,11.41,0
677,28,10.276458953637961,4.91,0
678,20,17.057789586268214,10.8,0
679,28,21.493487001584587,27.58,0
680,8,27.987917013528815,2.08,0
681,41,16.69033456069825,7.59,0
682,39,18.229860814097684,2.68,0
683,1,12.003413283529362,19.26,1
684,3,12.313116128892275,12.77,1
685,13,21.420281232704696,16.15,0
686,28,13.61836099926611,28.65,1
687,49,15.364736893028912,2.64,0
688,25,21.114878350641675,0.5,1
689,33,13.656864140567052,3.44,0
690,38,22.502102188440745,5.09,0
691,6,17.865146680257027,9.81,0
692,44,17.276990854891075,15.98,0
693,45,11.75905426466328,4.3,0
694,32,17.545629975250527,6.41,0
695,45,12.854770260668769,15.39,0
696,47,17.347044280978523,2.55,0
697,21,14.490874671197856,2.45,0
698,16,19.8340478549206,8.9,0
699,21,14.841144136016224,5.73,0
700,11,25.189287751183485,29.74,1
701,37,13.62226510802137,4.42,0
702,36,12.32712618988245,14.25,0
703,35,16.730568934006268,8.75,0
704,19,20.389355279137366,0.56,0
705,20,20.35049242413637,0.88,1
706,18,15.833907222012487,2.27,0
707,47,16.695445804023926,1.54,0
708,41,16.702690286862115,4.0,0
709,49,9.610635931859374,8.65,0
710,14,20.120367208830483,9.22,0
711,15,8.710717839396663,8.86,0
712,31,9.62000662107604,1.25,0
713,1,15.275135422607326,9.17,1
714,3,13.400701329272293,5.27,1
715,16,18.98078699687725,23.34,0
716,23,17.236763363350903,24.3,0
717,11,15.691006935353462,14.62,0
718,12,9.37233002013975,12.14,1
719,10,15.13280052431701,1.22,0
720,32,14.737442654392918,0.88,0
721,16,16.11093368451085,18.38,0
722,8,12.84980997286181,5.57,0
723,38,17.614087689967715,6.0,0
724,12,13.267194811465664,18.83,1
725,24,17.145567325645562,9.71,0
726,28,18.980237870428756,1.98,0
727,8,12.32702250673813,2.37,0
728,28,11.139207649092574,0.06,0
729,36,17.381830782346697,12.4,0
730,26,8.394501596427853,6.65,1
731,8,20.558323774460312,29.95,1
732,28,15.054813085584875,12.52,0
733,28,14.426207990508175,1.09,0
734,37,17.73007959175613,1.76,0
735,41,17.419772602110484,6.97,0
736,36,15.032590374894536,25.89,0
737,27,19.39308205300957,2.84,0
738,17,11.638058473248739,17.46,0
739,9,18.561782466468127,3.74,1
740,33,9.606882641654623,3.15,0
741,20,17.553244955325667,23.17,1
742,13,13.360633517665214,0.48,0
743,28,8.444569688154045,10.81,1
744,48,16.283214085721866,0.44,0
745,29,14.827867534246355,16.13,0
746,13,7.286372452589357,17.68,1
747,46,4.431672287201348,22.38,0
748,35,14.238680832912525,2.06,0
749,6,23.091129803509137,1.33,0
750,18,16.605075041029554,7.0,0
751,5,11.658483816427779,3.17,1
752,47,20.409347578439284,9.32,0
753,25,19.536118089372792,7.21,0
754,2,21.35789538994693,1.56,0
755,10,18.419488821713536,13.44,0
756,30,19.429511615556038,16.29,1
757,45,18.65554265506282,32.98,0
758,5,12.612475262917862,5.03,0
759,33,6.813596302982024,4.12,0
760,1,12.39432302103474,2.14,1
761,18,20.52468488500677,2.0,0
762,32,13.094945819527142,3.87,0
763,47,14.272704744463221,40.07,0
764,49,9.171075334267776,0.97,0
765,11,12.244552139203886,3.0,1
766,21,14.95455416608287,0.9,1
767,26,17.462810889293767,3.2,0
768,25,12.706695164121667,0.97,0
769,22,12.357312871911505,7.1,0
770,27,19.21087782574434,5.77,0
771,49,16.62633263219112,1.91,0
772,13,17.243362325960746,1.92,0
773,33,22.641602930341854,9.84,0
774,34,12.474628057948213,4.9,0
775,41,14.754904147591825,0.58,0
776,35,17.755798872115733,25.28,0
777,1,10.642463191709933,5.19,1
778,21,16.145248691260594,8.94,0
779,48,15.110982486295502,21.66,0
780,6,28.886497057845617,5.14,0
781,28,15.499347508325368,17.18,0
782,17,20.78469882782166,24.62,0
783,5,19.149716069234213,1.91,0
784,31,9.217191984295063,22.3,0
785,5,7.255880810196501,1.28,1
786,38,16.235073026831472,3.22,0
787,3,21.286673310734773,16.51,0
788,23,16.43957409781587,23.09,0
789,37,15.394259020085872,11.52,0
790,37,13.579566735253751,1.11,0
791,10,8.380193767017978,7.4,0
792,10,10.197396412054939,8.5,1
793,19,6.88843155580151,3.31,0
794,17,9.484767004433742,47.44,0
795,21,12.369958812853248,4.09,0
796,14,18.88008010758493,2.36,0
797,9,12.774663696022012,1.17,0
798,46,16.27812892774859,4.76,0
799,1,15.67614605588341,11.8,1
800,45,17.495244177414868,2.63,0
801,13,9.825925342413706,14.68,1
802,4,20.295968575617742,1.45,1
803,1,7.964115075232035,5.81,1
804,49,12.760933988066963,12.12,1
805,40,14.89547296111711,1.45,0
806,32,18.800724240748735,9.11,0
807,34,21.89654667775377,16.04,0
808,28,18.84015760064195,9.05,0
809,31,22.079581787279295,7.16,0
810,8,10.854120352463477,18.22,0
811,39,20.951852400356046,42.28,0
812,26,20.0932836495665,2.0,0
813,34,3.0186247148716827,11.76,0
814,3,13.897678780528619,0.84,0
815,12,18.010187116908913,0.44,1
816,1,12.422930672772807,3.3,0
817,44,9.570874138518818,35.38,0
818,5,25.570876089709376,8.03,0
819,30,15.555200754854534,3.12,0
820,30,15.692027170770304,1.42,1
821,17,8.45502942562467,25.28,1
822,48,11.938195021018803,4.5,0
823,47,10.510796853140484,3.66,0
824,23,20.394876150696515,19.52,0
825,15,17.52316810463026,9.27,0
826,37,12.147181535967352,1.85,0
827,21,17.80250119333107,5.47,0
828,14,13.732399271294614,26.34,1
829,2,16.172453589892708,23.15,1
830,11,16.14881943592853,0.73,1
831,39,17.101336052397993,3.13,0
832,38,16.49825961698373,1.68,0
833,34,17.105248255824545,7.63,0
834,38,21.27904155242787,13.86,0
835,34,18.20281376536762,3.5,0
836,18,13.315491186370203,14.19,0
837,30,14.510236270074126,11.05,0
838,15,21.15085293998533,13.03,0
839,27,15.562112274741073,29.61,1
840,34,13.129907913214502,5.53,0
841,38,11.84430828934982,4.19,0
842,33,16.365190540831236,11.52,0
843,24,10.72571598727212,16.48,0
844,15,21.423977119171532,2.13,1
845,30,9.8109082312146,18.76,0
846,42,22.390338627597107,0.6,0
847,17,13.573848420637756,0.06,0
848,5,9.61631323186172,1.72,1
849,29,15.94587869282688,38.48,0
850,4,10.234804208928555,7.41,0
851,10,15.171858805151302,0.48,1
852,17,12.112282342003338,58.69,1
853,10,19.725366339345456,13.66,0
854,17,15.68374804968816,18.2,0
855,20,9.057495839627325,2.39,0
856,24,12.014817297869973,1.11,0
857,5,18.52473624796565,7.24,0
858,34,21.435460518952375,14.79,0
859,6,14.773625962661582,10.16,0
860,2,9.778017190655481,9.97,1
861,13,20.270181554254442,14.15,0
862,43,18.502818374466877,2.58,0
863,43,21.532697921512746,10.83,0
864,48,16.45104559210653,4.98,0
865,11,12.397015421015535,0.72,0
866,47,17.584442426977898,2.26,0
867,23,16.631646117207907,15.8,0
868,16,12.125631540769827,22.63,0
869,31,15.99319291923703,3.32,1
870,11,14.024870555889768,2.11,1
871,16,18.717689224918402,0.27,0
872,8,17.460034551577174,29.51,0
873,4,9.74204303359405,11.52,0
874,40,9.237887103195046,31.47,0
875,4,14.550944132132232,19.94,0
876,25,15.16409642689658,4.16,0
877,3,18.804883870459133,1.2,0
878,32,17.566519552809446,6.91,0
879,3,22.293428216063713,0.27,1
880,27,12.664032678622851,1.62,0
881,29,12.378569652863966,2.66,0
882,32,10.20092997177478,10.96,0
883,19,18.7470355738754,7.13,0
884,21,15.108760920079805,3.6,0
885,5,5.731982415191769,8.32,1
886,18,16.010826888539462,1.34,0
887,28,16.329850839085353,14.09,0
888,42,14.278265286260782,12.45,0
889,22,16.48327426479209,2.44,0
890,21,8.898821503871396,9.32,0
891,6,23.205159170500135,7.0,1
892,1,16.901297130379614,0.63,0
893,5,6.131505584606888,3.26,0
894,41,14.970514503349454,75.67,0
895,12,17.03360099826057,1.05,1
896,26,9.435339625384756,7.06,0
897,46,17.668151395067188,18.93,0
898,34,23.404628115043323,3.58,0
899,49,11.778154697252354,3.02,0
900,14,17.14219347934972,22.15,1
901,26,16.042992994960983,3.64,0
902,45,19.841449999061908,10.54,0
903,27,14.455790476879288,13.48,0
904,9,9.666416868190655,15.54,1
905,26,19.52091123487353,52.51,0
906,47,9.963697046399282,16.26,1
907,22,24.04430688946472,10.7,0
908,47,17.803846745075838,22.58,0
909,30,12.005536316923173,23.62,0
910,43,20.54325806253129,36.18,0
911,48,14.954054829845571,14.98,0
912,17,13.892972195029884,2.17,0
913,26,11.595653119511176,12.37,0
914,36,5.609105002340813,0.78,0
915,1,18.021962851834136,3.83,1
916,8,6.859366190911963,1.23,1
917,49,11.033528340743109,29.95,0
918,35,17.164222769251385,4.14,0
919,15,12.496617992522427,12.49,0
920,47,15.785759353954742,8.47,0
921,22,8.931523430251733,1.14,0
922,14,13.257703134310493,8.24,0
923,26,15.81692852479094,10.82,0
924,28,10.24263742032139,21.33,0
925,23,23.431817388709604,0.73,0
926,14,11.812880435596362,3.5,1
927,24,21.892083940079527,11.79,0
928,2,14.160972276267668,0.35,1
929,45,7.157622169593231,2.28,0
930,26,9.315495957021737,2.47,0
931,14,15.880396444656899,11.07,0
932,7,20.16387876279212,3.37,0
933,3,23.848885663126815,9.15,0
934,47,15.641093642966473,33.62,0
935,23,9.113781262527093,15.76,1
936,46,16.392425402723728,4.05,0
937,43,10.873926633199234,6.39,0
938,47,16.96095810597276,2.24,0
939,45,10.292627237972251,0.16,0
940,18,4.552148814150938,3.42,0
941,38,21.58427829809949,4.61,0
942,35,13.867916343273691,8.31,0
943,15,15.248301669082908,28.84,1
944,25,19.98350687119761,29.54,0
945,37,24.394233546657272,0.73,0
946,28,18.600403260744784,9.54,0
947,10,15.515008081018056,0.43,1
948,39,17.3143643805662,10.44,0
949,17,13.526084783566812,1.25,1
950,39,15.180571892448198,29.26,0
951,22,15.72431818929592,19.98,0
952,26,11.066873715984332,0.23,0
953,44,15.105867934389384,15.24,0
954,25,16.83550926251965,10.1,0
955,17,17.58508448787775,6.84,0
956,13,17.186618912146574,9.23,0
957,20,8.30487390962813,11.34,0
958,25,21.146294712998284,21.58,0
959,4,20.73140613726908,14.58,1
960,10,14.519257958906055,8.57,0
961,3,17.27754347552717,17.41,1
962,41,13.917231164457458,43.37,0
963,45,18.75978831405733,3.57,0
964,18,10.928640769333153,1.26,0
965,47,21.712302976454623,13.15,0
966,36,18.511038059089785,38.44,0
967,47,18.627168957844454,1.24,0
968,22,14.474735617870913,5.65,0
969,34,7.936907475336534,0.64,0
970,47,19.41967350060385,14.98,0
971,8,8.102193325487248,29.7,1
972,40,19.479863301122727,6.91,0
973,49,11.139363915838883,5.27,0
974,44,7.06475672984698,23.83,0
975,19,15.004998518567653,1.43,0
976,42,20.914002752692035,22.22,0
977,41,10.171981257906566,4.98,0
978,37,22.995173121974133,8.2,0
979,6,18.283702719153375,7.51,0
980,26,15.783797611829382,9.57,0
981,34,12.821878718804438,28.49,0
982,45,13.170513241025947,30.19,0
983,6,17.15083614375445,17.79,1
984,37,19.230204292595307,2.13,0
985,33,12.032518911739558,4.06,0
986,22,10.96743336357616,6.69,1
987,21,13.930865907890665,23.59,0
988,6,21.968143379286722,7.36,1
989,6,8.915558298317663,37.91,1
990,48,20.71238822371386,41.25,0
991,4,15.211399157965662,9.13,1
992,30,6.736304284206927,21.0,0
993,11,12.691837992171589,71.6,0
994,30,18.048340364701364,18.95,0
995,31,24.00906972520381,10.7,0
996,24,8.363136383092161,18.65,0
997,9,1.0,0.86,0
998,3,8.452235922710317,10.07,0
999,31,20.65207753933253,2.44,0
1000,40,6.031291464657899,1.23,0
1001,37,22.486269454396936,22.34,0
1002,36,21.0740447388096,10.21,0
1003,24,15.955181210313789,2.79,0
1004,31,11.86817344826486,4.89,0
1005,6,15.276303129085715,36.22,1
1006,2,18.05543676070051,19.82,0
1007,20,17.292382323626494,0.16,0
1008,28,23.698296866350525,39.02,0
1009,11,13.699487750867515,4.6,0
1010,4,8.495785131885011,11.89,1
1011,15,7.613596464339375,12.47,0
1012,6,6.613543659704247,24.27,0
1013,49,15.981394612678029,21.63,0
1014,30,13.828156496387715,3.31,0
1015,38,15.16327301447136,10.32,0
1016,2,12.314702295969084,5.0,1
1017,15,9.449165706386614,7.46,1
1018,11,18.07167942313726,8.09,0
1019,8,2.684680500768742,5.05,1
1020,26,10.992022161231318,6.23,0
1021,45,18.932450799841956,2.34,0
1022,44,10.495807866484817,9.36,0
1023,5,16.958377098992486,14.23,1
1024,6,10.998704522317677,5.62,1
1025,26,12.720775630848564,38.02,0
1026,4,17.87460257902399,0.59,0
1027,19,8.610758414684337,8.9,0
1028,20,18.72639165038173,8.76,0
1029,33,15.229602462238832,0.37,0
1030,20,21.282194336895152,2.54,0
1031,49,16.0407498582337,23.6,0
1032,12,9.652566897603261,7.86,0
1033,47,23.63997210970618,5.73,0
1034,1,10.070285275989212,5.37,1
1035,26,13.864219579330289,21.91,0
1036,14,19.787044634808865,4.57,0
1037,38,5.600361126581809,19.6,0
1038,37,22.198344900569367,3.7,0
1039,11,9.24557853836843,7.58,1
1040,36,12.72500290081214,1.55,0
1041,13,16.444289520988377,17.43,0
1042,43,14.791470719572995,13.32,0
1043,3,18.94588029225227,7.55,1
1044,33,6.995962145144748,0.26,0
1045,6,18.637256768863587,6.56,1
1046,10,19.036211938867652,2.55,1
1047,5,20.146129146229462,5.33,1
1048,23,7.051696140167948,19.41,0
1049,10,7.655323830854889,14.68,0
1050,44,13.288121751707441,2.77,0
1051,2,8.195871093486495,41.97,1
1052,13,5.9801605029274825,23.35,0
1053,40,13.072679713894171,7.52,0
1054,2,16.170456807288822,7.55,0
1055,20,28.994897651473295,23.15,0
1056,1,17.74337577022845,10.11,1
1057,37,23.761349999499096,7.69,0
1058,9,14.779244568132114,13.83,0
1059,17,17.79782996433647,2.68,0
1060,9,14.269311522336126,21.07,0
1061,11,28.415616083584446,7.58,0
1062,15,11.572045682354709,9.25,0
1063,24,12.250128499334046,0.94,0
1064,38,18.98270343828102,3.7,0
1065,35,16.03736451819663,5.56,0
1066,30,12.87918998261442,5.34,0
1067,31,19.801885743690782,15.06,0
1068,49,14.794264176344388,3.32,0
1069,5,14.759016362763058,2.01,0
1070,44,16.152911537644453,8.74,0
1071,14,6.329396552438308,9.55,0
1072,11,7.033730041052819,1.3,0
1073,9,20.43447806293404,0.02,0
1074,34,11.615191645412477,24.97,0
1075,12,14.335243258951524,0.83,0
1076,35,23.062193180614635,22.81,0
1077,35,14.560662720352077,5.1,0
1078,1,13.949555929464195,10.59,0
1079,40,19.480387947476448,2.05,0
1080,22,12.0086754172357,17.37,0
1081,29,21.014646146410197,1.99,1
1082,8,19.3777895971824,4.89,1
1083,11,24.151665976541686,2.72,0
1084,41,11.548284783614005,18.17,0
1085,37,21.834873231012068,19.54,0
1086,14,17.77046053501963,4.65,0
1087,30,8.373168081624891,3.67,0
1088,35,2.0191178777767185,14.85,0
1089,21,11.009865589523352,21.08,0
1090,37,16.461739036728765,9.78,0
1091,5,17.186739663039038,26.23,0
1092,19,14.704594673574675,4.83,0
1093,14,14.749353170384836,1.65,0
1094,26,14.37003249949905,1.98,0
1095,4,20.156085668691787,11.08,1
1096,25,7.818551508584641,5.23,1
1097,45,16.34144928767139,1.7,0
1098,42,10.886243620684793,3.46,0
1099,25,10.467294674712829,7.56,1
1100,18,20.88115281953418,1.29,0
1101,40,10.083684615400287,0.03,0
1102,8,14.302408830500692,24.93,1
1103,39,24.792492009394973,3.64,0
1104,40,19.190384840408374,2.5,0
1105,14,12.72514843519811,11.99,0
1106,32,13.138134707970595,19.2,0
1107,38,8.863985506708534,10.0,0
1108,33,21.503226211330258,2.94,1
1109,23,20.05675903960534,19.78,0
1110,15,18.433011369348904,7.14,1
1111,33,18.984164724045694,4.8,0
1112,25,11.127376953012881,9.28,1
1113,17,7.260437786320747,12.06,1
1114,33,17.802702126519044,9.01,0
1115,47,19.442789368106972,25.29,0
1116,2,23.035233415634814,9.89,0
1117,14,13.995548968632855,21.09,1
1118,40,13.266243607098403,8.84,0
1119,40,13.80369897665272,4.0,0
1120,39,18.35371912716444,7.6,0
1121,6,13.589553586623769,0.9,0
1122,6,14.738804566183301,2.62,0
1123,3,19.155264456194768,14.53,0
1124,7,11.87081922383132,10.83,1
1125,8,21.95576992710882,1.82,0
1126,42,18.16544503663288,5.76,0
1127,15,5.711896853298423,1.53,1
1128,47,12.423229017358175,19.37,0
1129,29,4.8782825089694555,1.16,0
1130,33,14.016603008565998,10.62,0
1131,30,12.508444479397323,9.34,0
1132,39,19.174273796000943,6.4,0
1133,27,10.59490825522333,3.26,0
1134,36,16.93867500967245,5.17,0
1135,29,17.84423804734217,16.42,0
1136,38,16.285974261140073,14.34,0
1137,33,20.700617908862643,13.43,0
1138,37,25.341444254209378,13.86,0
1139,27,15.559709713495337,1.55,0
1140,33,17.02589758445184,1.04,0
1141,4,10.59861523083945,19.77,0
1142,22,9.902382929883787,18.15,0
1143,2,20.16914825166364,11.44,0
1144,10,19.50762753051679,9.31,1
1145,5,9.851900629143683,4.57,1
1146,10,8.458897287452636,2.54,1
1147,33,11.756315976597051,11.02,0
1148,38,14.293110152829446,24.42,0
1149,13,12.954367957583779,5.74,0
1150,31,15.802574341661263,3.61,0
1151,47,19.585312561863027,3.16,0
1152,36,17.31052189377469,0.24,0
1153,45,17.68060498842062,7.35,0
1154,24,2.742318027955612,44.43,0
1155,15,6.930484899404588,16.89,0
1156,29,11.017715961769712,22.78,0
1157,8,11.843031759202468,9.71,0
1158,5,19.199139174696167,6.57,0
1159,29,10.605492842659341,46.52,0
1160,47,18.334638306786843,5.93,0
1161,4,11.07447130596851,24.87,1
1162,12,8.995578563035924,14.35,0
1163,45,9.227751704781042,4.02,0
1164,2,26.29133246644611,6.99,0
1165,27,10.963175157450028,4.85,0
1166,31,18.454936044301704,1.46,0
1167,36,7.209007851248997,4.41,0
1168,36,22.094645020893676,21.98,0
1169,26,16.745205725318566,13.97,0
1170,43,16.369894343964436,3.25,0
1171,27,17.069136615716594,4.59,0
1172,5,17.619998622226753,9.58,1
1173,20,19.0453362942244,5.38,0
1174,11,12.00451290895486,6.99,0
1175,10,11.71205853113939,11.98,1
1176,40,15.246119390240338,6.3,0
1177,38,18.422138802091546,2.12,0
1178,6,14.666722618887555,7.35,0
1179,8,18.869508978995515,4.4,1
1180,23,18.089183913509586,3.44,0
1181,47,13.915083692919868,3.98,0
1182,26,6.264100151095754,5.78,1
1183,46,12.482360273230444,21.77,0
1184,43,23.713986169048376,13.24,0
1185,12,16.700298253528498,11.02,0
1186,26,11.802249343649539,6.37,0
1187,13,16.253257888039496,0.02,1
1188,40,18.38322034163901,4.16,0
1189,18,11.804671952741833,16.78,0
1190,25,21.176919470609484,4.91,1
1191,33,17.478490105818253,8.3,0
1192,47,9.5004561341383,2.29,0
1193,40,19.28183143271187,24.75,0
1194,43,12.951933076011523,25.66,0
1195,12,14.104347868471972,1.58,0
1196,44,9.920156515159444,12.88,0
1197,36,18.15723206344915,0.78,0
1198,48,14.255673866522892,9.13,0
1199,4,18.368784772503048,1.97,0
1200,5,12.245088054672152,1.57,1
1201,37,11.672983560649609,0.04,0
1202,8,11.267814642011249,28.28,0
1203,42,16.98016089771464,17.68,0
1204,49,11.598250877486318,0.81,0
1205,28,13.984436756367934,9.15,0
1206,31,12.40786506346834,2.65,0
1207,9,17.200419624488383,3.07,0
1208,29,6.3234877669784435,20.73,1
1209,14,16.23516435111669,1.21,0
1210,40,23.656715945479036,9.2,0
1211,41,21.18013054366849,5.13,0
1212,22,11.916734390132639,2.12,0
1213,11,17.47300888082492,6.01,0
1214,23,16.502827364199526,28.22,0
1215,1,22.346960315810687,15.21,0
1216,46,2.449425388386162,1.42,0
1217,37,20.56433684467582,18.93,0
1218,21,13.662411636180645,27.72,1
1219,26,11.283855302747911,3.24,0
1220,46,11.140989856026872,4.06,0
1221,36,8.5004684189436,1.35,0
1222,23,11.929407962630322,4.23,0
1223,1,9.601329730343021,11.18,0
1224,40,15.901085852536593,3.18,0
1225,15,17.9496881616419,0.07,0
1226,21,13.71713295180819,4.13,0
1227,47,22.498616031280825,6.04,0
1228,9,12.257893572715307,8.36,1
1229,9,13.455687888017037,11.51,0
1230,10,12.63529678535788,0.64,0
1231,26,17.993094369571974,6.34,0
1232,41,18.497867514259443,3.1,0
1233,35,17.476834419855486,29.56,0
1234,25,14.379456730312652,4.46,0
1235,26,8.296885704610554,1.05,0
1236,11,13.402797095947466,0.42,0
1237,38,22.390698569502657,3.08,0
1238,2,20.06618943717493,1.97,0
1239,7,16.4702519834336,10.49,1
1240,18,13.077739714407784,18.77,1
1241,27,14.931907613327377,3.75,1
1242,34,13.099978804821427,8.62,0
1243,27,20.965258440417735,13.1,0
1244,17,10.805165008032922,5.08,1
1245,43,19.618346411484886,0.69,0
1246,44,12.353987141706163,2.6,0
1247,24,21.604634151809957,21.46,0
1248,25,17.133879619040034,17.4,0
1249,7,11.253063000275656,0.91,1
1250,6,13.453437932489964,2.54,1
1251,24,18.558203033616632,14.66,0
1252,33,12.504285882129704,6.65,0
1253,49,15.110682426906031,14.27,0
1254,29,12.435279154255278,2.37,0
1255,43,23.795585741242732,30.51,0
1256,22,24.65535946475665,15.31,0
1257,26,22.31561976695862,2.2,0
1258,28,14.378130174330835,8.17,0
1259,21,12.986236766465158,1.2,0
1260,49,11.104182102429352,4.49,0
1261,7,22.67860645401553,10.78,0
1262,17,19.653618553505844,4.01,0
1263,20,19.893804407536702,10.69,0
1264,41,13.750360315595541,2.81,0
1265,49,6.210512578710459,12.77,0
1266,20,7.360211952296184,4.46,1
1267,22,15.288170314512548,15.63,0
1268,28,12.386628718168323,1.47,0
1269,40,11.811493528036841,4.49,0
1270,49,16.72574186864312,6.23,0
1271,7,20.06829914929746,5.51,0
1272,1,11.493864657016253,5.68,0
1273,32,8.47195157171911,5.88,0
1274,13,11.612644122611368,44.92,1
1275,30,9.780180187240337,2.15,0
1276,23,17.964163079629945,14.64,0
1277,19,14.979456228950392,8.02,1
1278,32,24.402446141177798,5.34,0
1279,30,18.67342559819131,10.04,0
1280,29,24.06928068499083,19.21,0
1281,49,7.980623200461921,6.29,0
1282,45,1.0,20.01,0
1283,29,16.214960142177006,0.98,0
1284,30,15.616101204960536,10.59,0
1285,16,14.386072927260315,4.05,1
1286,40,15.478983628148224,4.89,0
1287,19,9.379869076346958,8.46,1
1288,18,17.81589348942225,6.54,0
1289,1,18.680966200511687,4.81,0
1290,14,9.001256414984462,3.69,0
1291,47,13.231817895753544,9.63,0
1292,2,13.540680754301196,7.04,0
1293,28,11.645945489198605,3.91,0
1294,49,9.194438049333892,2.29,0
1295,30,15.062524955127122,14.89,0
1296,38,16.30402760332149,16.08,0
1297,4,11.949089456178523,2.41,1
1298,1,9.546057011217712,3.03,0
1299,8,17.052786225206866,2.73,1
1300,29,11.163397623821723,21.59,0
1301,39,13.45397243200397,14.88,0
1302,3,12.8196168592089,0.78,0
1303,32,21.228543320848306,17.88,0
1304,10,11.39284767973191,0.38,1
1305,10,23.627632895044922,2.92,0
1306,19,18.761509690707534,25.13,0
1307,46,24.104493378946763,19.98,0
1308,34,18.323194147898366,15.21,0
1309,33,13.894777761489147,6.12,0
1310,23,10.41316835423903,3.88,0
1311,28,13.222943046128632,21.33,0
1312,32,22.436405126116135,10.7,0
1313,7,14.760306038275573,3.5,1
1314,29,18.304596935775542,6.22,0
1315,8,16.034856725329963,21.33,0
1316,1,16.248305892546206,23.38,0
1317,3,16.440798419824574,10.77,0
1318,24,17.47670743416226,13.19,0
1319,23,10.929462544545949,0.4,0
1320,8,13.625478645469025,9.28,0
1321,47,16.5465666650817,11.68,0
1322,37,15.817436112500983,0.21,0
1323,3,12.693976981938832,18.57,1
1324,33,17.083004573805525,26.35,0
1325,28,11.144293217213903,2.72,0
1326,47,8.884969155318652,18.69,0
1327,8,16.47492883944572,10.95,1
1328,34,9.007541312396214,8.69,0
1329,35,16.400620012098177,18.52,0
1330,32,5.226595022006233,3.36,0
1331,24,11.375060804216004,15.65,0
1332,14,13.362115434754424,3.78,1
1333,32,6.966824126911696,15.49,0
1334,46,13.136638635634135,6.0,0
1335,43,20.925098189762057,1.24,0
1336,16,8.648456365582222,4.8,1
1337,4,13.273133772393246,2.66,0
1338,37,23.513223346860997,1.06,0
1339,21,9.69069568494616,1.17,0
1340,14,21.98611675866936,15.14,0
1341,31,13.604973599770187,21.32,0
1342,48,15.509560429414575,26.19,0
1343,18,21.457411157046923,19.24,1
1344,7,12.574510303494904,17.73,0
1345,10,18.155128367017426,0.71,1
1346,7,19.422985533627937,15.61,0
1347,33,11.745929963789663,15.29,0
1348,23,11.192849164506022,1.41,0
1349,21,13.856984521755168,10.85,1
1350,19,14.013423294193803,6.02,0
1351,48,9.605260104544055,23.03,0
1352,19,11.791997506659841,11.89,1
1353,36,1.0,30.16,0
1354,29,13.328636583527969,1.11,0
1355,18,19.471970901506587,0.41,0
1356,2,6.666554326127253,36.34,1
1357,1,12.684277342282332,0.84,1
1358,47,27.21166403921611,4.88,0
1359,5,14.88719979333233,10.5,0
1360,20,21.783971839039854,21.21,0
1361,11,9.940423391544012,2.94,1
1362,42,17.244092028861125,0.29,0
1363,2,9.088908849791558,7.37,1
1364,3,17.00532307472142,6.37,0
1365,23,19.211241173798918,3.67,0
1366,12,18.02487922764838,20.71,0
1367,20,13.275313371342412,13.84,0
1368,5,16.374667830089457,19.53,1
1369,37,16.422459677047478,1.77,0
1370,38,18.32994827727576,11.79,0
1371,30,14.38116525896707,36.93,0
1372,9,19.655694001176172,9.47,0
1373,34,22.17302699648029,1.88,0
1374,44,13.410662766475,54.68,0
1375,35,15.232198639709802,7.51,0
1376,22,10.475926080941438,18.33,0
1377,44,16.70128661912134,1.62,0
1378,24,16.73318863890397,10.97,0
1379,17,15.289931925168512,24.37,0
1380,10,15.666998271506348,7.59,0
1381,30,24.609131945370933,3.41,0
1382,46,1.0,1.36,0
1383,23,12.516715610202649,3.51,0
1384,32,13.2813816095396,4.38,0
1385,17,22.284563064771504,12.38,0
1386,17,17.3764440465929,1.97,0
1387,14,17.49842918069078,1.12,0
1388,9,21.299280954515623,4.89,0
1389,40,14.100216490983597,6.14,0
1390,2,18.261632679141158,9.9,0
1391,45,12.346170559233215,12.29,0
1392,25,9.733468370772687,22.01,0
1393,39,23.97083493651494,3.41,0
1394,9,16.84515864882065,7.52,0
1395,22,18.22331297437301,4.56,0
1396,43,9.59912657617333,0.01,0
1397,46,17.55176322930944,8.66,0
1398,4,23.891163734359196,16.92,1
1399,26,13.612749658078025,0.37,0
1400,29,8.72100279410698,0.03,0
1401,45,15.919880968270554,13.01,0
1402,34,9.820515473948525,11.52,1
1403,23,7.211006517644888,5.21,0
1404,37,11.326171526296074,10.84,0
1405,11,12.537011026119986,30.66,0
1406,6,10.063751027245209,2.85,1
1407,18,21.6323339106928,2.82,0
1408,21,24.448050023197375,2.06,0
1409,42,18.090440081037162,12.87,0
1410,36,16.920977460515303,4.36,0
1411,41,14.289759436444443,44.82,0
1412,38,10.51833592943468,12.54,0
1413,34,23.014551155368174,4.58,0
1414,17,14.685732514548278,1.62,1
1415,37,12.687072639667498,8.97,0
1416,25,20.073783120016014,3.49,0
1417,38,14.632079050597934,23.59,0
1418,12,19.886471215457394,5.82,0
1419,23,12.951256467322281,3.46,0
1420,42,20.088184627268365,8.88,0
1421,22,19.89883608470682,1.47,0
1422,21,21.624142109950462,8.25,0
1423,27,11.452875802032533,0.58,0
1424,31,14.58480281810505,9.34,0
1425,6,24.738850394681243,7.55,0
1426,27,13.767939604477743,7.36,1
1427,40,19.055128990162384,11.53,0
1428,34,26.45282508810961,0.45,0
1429,12,5.75479402066269,6.16,1
1430,45,13.602221810142124,5.87,0
1431,7,15.009350919459381,6.16,0
1432,10,6.005606703630519,39.07,1
1433,45,12.720143910097287,1.5,0
1434,17,10.143093614729668,11.73,0
1435,26,19.288427341754222,5.14,0
1436,21,6.336763224362009,7.17,0
1437,28,24.44661310990273,14.37,0
1438,46,18.449487066289727,1.71,0
1439,2,9.730892098864807,14.42,1
1440,43,20.132097274359886,0.73,0
1441,1,17.984898367587554,6.6,1
1442,36,14.806161876046627,13.55,0
1443,26,11.392715587120668,2.14,1
1444,29,17.73831641003742,14.74,0
1445,21,15.614601828739646,1.82,0
1446,11,11.553797438674078,16.06,1
1447,40,8.283724529519134,6.33,0
1448,11,10.747054895814331,11.54,1
1449,36,12.483510721813875,24.94,0
1450,49,20.812436420957376,5.25,0
1451,39,19.303794748786206,2.65,0
1452,40,12.749662328429624,20.19,0
1453,35,12.944030201538036,1.76,0
1454,34,19.9567613977585,9.98,0
1455,47,16.336733747126313,25.67,0
1456,24,16.2670737993715,11.22,0
1457,22,11.483122972528408,2.18,1
1458,5,14.382905714759271,1.65,0
1459,33,15.021308336095439,2.91,0
1460,36,14.544041265131446,4.97,0
1461,47,18.670339559279313,1.73,0
1462,20,18.82676919708025,15.99,0
1463,19,10.405210826502316,4.42,1
1464,35,12.498927421245615,27.5,0
1465,43,11.563132333898519,18.48,0
1466,17,21.942628830551072,23.95,0
1467,45,26.2674526488292,3.49,0
1468,43,12.681893124315444,8.53,0
1469,34,14.164523772215585,3.88,0
1470,9,19.211574155986657,2.97,0
1471,26,11.463944603851385,9.34,1
1472,2,19.324541637912382,17.04,1
1473,9,14.89565368468894,0.98,0
1474,9,6.281301485250184,3.23,0
1475,40,8.497832098141526,2.3,0
1476,17,13.310729663746041,16.01,0
1477,1,21.11474277395423,27.09,0
1478,25,10.537327008055108,0.83,0
1479,43,12.329496993460175,4.77,0
1480,40,16.05562113391299,24.59,0
1481,42,6.65617521969496,4.23,0
1482,25,16.492766405288236,12.47,0
1483,39,7.28129956950449,1.06,0
1484,35,17.83592104730893,5.88,1
1485,3,10.956109588813026,7.0,1
1486,37,10.289754298925924,14.17,0
1487,44,16.36398312265897,3.41,0
1488,44,18.96995254750533,3.07,0
1489,30,16.881299280285933,3.61,0
1490,38,16.03821749925178,8.11,0
1491,34,16.109011047086153,20.88,0
1492,12,16.91160943880831,17.78,0
1493,19,17.24018098024252,0.6,0
1494,37,13.028594749665235,21.12,0
1495,44,18.2725147439037,1.0,0
1496,49,11.009048874093999,5.37,0
1497,17,20.456966318106872,14.5,0
1498,10,18.912218243942412,0.85,0
1499,49,25.904505022923537,0.41,0
1500,47,17.569242256527847,4.0,0
1501,12,19.54549843273795,13.09,0
1502,16,7.19730855993698,7.38,0
1503,24,19.708483711528615,5.4,0
1504,19,20.882280111821316,16.77,0
1505,8,22.523606466942255,14.55,0
1506,31,15.602331761707497,15.42,0
1507,21,13.29053311945995,6.16,0
1508,17,9.552426123616895,0.2,0
1509,23,10.009820190664806,1.89,0
1510,37,14.871966627221418,13.52,0
1511,16,6.24281001398084,13.99,1
1512,6,11.158906959593505,35.86,1
1513,8,15.447610253803257,2.11,0
1514,25,15.336017263551057,1.31,0
1515,18,10.15303123314585,1.49,0
1516,25,8.830683447706814,2.04,1
1517,12,9.577437718069916,7.52,0
1518,15,13.89573920597565,36.97,0
1519,26,25.648985715416327,8.9,0
1520,41,20.30169543033636,7.4,0
1521,45,16.070972019421205,11.19,0
1522,26,17.76945382671851,0.77,0
1523,47,20.07932436940071,16.89,0
1524,32,18.378093254644952,10.41,0
1525,10,13.458950132863714,1.88,1
1526,16,10.772058967142307,9.96,0
1527,7,14.373629146372313,9.07,0
1528,17,20.021208334559603,0.67,1
1529,23,13.648044122778796,3.11,0
1530,26,9.476621854311752,4.96,1
1531,21,6.382760036128387,2.81,0
1532,22,14.394846191608943,2.79,1
1533,7,9.871788787310791,8.51,0
1534,14,12.817420568118662,6.37,0
1535,15,22.281162644266605,11.0,1
1536,7,14.730751443765298,31.33,0
1537,9,11.247696126256113,10.8,1
1538,48,16.543756404959346,8.73,0
1539,8,24.604773335401248,18.81,0
1540,23,14.396518757964872,10.0,0
1541,29,3.2223684867401445,1.81,1
1542,18,18.2503828826299,3.78,0
1543,31,16.732150304634185,13.22,0
1544,30,15.45061177747863,13.41,0
1545,39,13.904113706695162,43.43,0
1546,35,10.96363912557609,9.86,0
1547,18,22.574871119669286,22.98,0
1548,42,5.808453326454762,0.56,1
1549,39,13.455194595941304,8.35,0
1550,17,13.338299142070635,25.24,0
1551,14,19.26720901198597,3.39,1
1552,31,21.17830322691872,1.68,0
1553,24,13.866330949862537,4.32,0
1554,35,15.964829261343432,15.71,0
1555,44,16.389934072386193,0.89,0
1556,45,20.26663119704792,9.17,0
1557,34,20.163652236815324,1.46,1
1558,3,12.307932277505344,5.72,1
1559,37,17.189507007181554,33.81,0
1560,43,16.91625896236432,2.17,0
1561,40,14.420450265750654,0.35,0
1562,26,16.8689086701608,5.57,0
1563,23,15.100938809381125,8.62,1
1564,44,15.789452995572432,3.53,0
1565,39,8.219968441437505,7.8,0
1566,15,10.410193139656855,30.66,1
1567,49,19.08877754786596,3.74,0
1568,4,8.947060615904405,3.7,0
1569,29,17.35054604597847,6.59,1
1570,22,14.592870094872746,7.24,0
1571,25,20.153273646649154,0.01,0
1572,13,18.24400271048343,9.57,0
1573,18,12.733604147715823,59.36,0
1574,33,13.883758260642251,3.45,0
1575,16,5.072310927199574,9.96,0
1576,45,14.348009424036356,0.05,0
1577,42,8.649256286979048,9.27,0
1578,44,13.906468209957218,5.93,0
1579,2,11.810408830220652,7.56,1
1580,35,10.616853990552595,7.85,0
1581,42,20.93862256060107,1.95,0
1582,34,8.61894551496473,14.7,0
1583,30,10.184674432940774,8.11,0
1584,13,11.508944783049602,3.15,0
1585,13,12.594409705647044,27.71,1
1586,18,10.616107442642278,0.13,1
1587,32,13.204257538468537,12.94,0
1588,32,16.51077158409432,4.8,0
1589,35,18.349293790144827,7.39,0
1590,39,18.10653978705126,3.45,0
1591,46,5.458987108344678,3.88,0
1592,29,16.900979467557185,0.15,0
1593,49,17.20949246356563,13.09,0
1594,29,11.68800428144412,12.41,0
1595,44,23.338421031535695,10.62,0
1596,16,20.438331159072938,21.03,1
1597,44,14.084878084294777,23.15,0
1598,47,12.020158473658835,8.13,0
1599,10,23.257222304714794,11.55,0
1600,30,14.904931310702727,0.11,0
1601,25,15.425185288302036,18.73,0
1602,39,15.362282985629246,16.95,0
1603,20,26.515522356079906,0.2,0
1604,5,13.917423679464802,7.83,1
1605,1,14.881790116005917,23.71,1
1606,30,10.844686685005703,2.0,0
1607,49,13.052502788681801,4.35,0
1608,3,9.843039028567508,4.02,1
1609,45,10.94633373483439,4.4,0
1610,14,5.950241710961349,0.43,1
1611,30,19.40762285489384,3.27,0
1612,4,15.783731687929565,3.49,0
1613,18,16.195546461404103,20.09,1
1614,37,14.737808467335658,4.34,0
1615,25,15.358830087586712,5.93,0
1616,48,23.095695356252186,4.79,0
1617,1,11.156136040826297,1.29,1
1618,46,16.39178399139591,46.41,0
1619,15,16.364955714125045,17.48,0
1620,9,20.70994614197879,7.79,1
1621,15,17.193274062768754,6.47,0
1622,49,17.444594224136754,10.48,0
1623,24,8.708652147300718,3.95,0
1624,4,10.955488241475091,0.52,0
1625,12,9.165557979682037,5.18,0
1626,37,2.620641012559723,41.34,1
1627,37,16.98599668053819,2.01,0
1628,43,13.691855800459935,7.5,0
1629,6,16.995358442898464,0.09,0
1630,39,15.177446402677502,1.3,0
1631,46,16.20218157601805,8.85,0
1632,24,21.690577058858512,3.53,0
1633,11,15.036475446379768,23.61,1
1634,13,18.34494609051913,5.21,0
1635,34,13.48878156982962,2.33,0
1636,25,19.123940600061292,7.89,0
1637,7,8.801811726401096,15.85,1
1638,4,5.8122189925002345,0.2,1
1639,8,25.53330235832218,7.04,0
1640,20,24.18152076156622,14.85,0
1641,29,5.272427517768106,1.09,1
1642,45,14.819433370118615,23.31,0
1643,46,15.74958171539321,3.07,0
1644,10,18.614857909841945,1.87,1
1645,43,23.696044482756164,8.9,0
1646,34,9.692948739904411,1.92,0
1647,26,9.96159087242276,11.39,0
1648,41,14.99414411904393,6.74,0
1649,49,10.182109830572644,1.16,0
1650,3,1.4293161074476366,24.36,1
1651,6,13.863799676125547,11.18,0
1652,5,19.287719535783452,7.9,0
1653,5,14.89766307230674,4.69,1
1654,47,18.12022629574901,1.45,0
1655,23,17.40503101977126,12.29,0
1656,49,9.86507187304016,16.8,0
1657,9,15.340107721895276,1.34,1
1658,35,7.3741967548049505,6.82,0
1659,20,12.440446692573978,6.63,0
1660,49,15.252265922259662,4.31,0
1661,42,14.994236668559637,15.58,0
1662,35,8.545325615947146,1.05,0
1663,18,9.555022568972236,2.29,0
1664,17,16.454798148289477,0.02,0
1665,24,19.136967176516503,4.67,1
1666,3,13.965162532550515,3.44,1
1667,32,13.714866603733896,20.17,1
1668,35,19.65638000001461,13.7,0
1669,38,11.13966942986368,0.88,0
1670,13,23.635147830520587,13.51,0
1671,47,8.273636476751257,11.25,0
1672,25,20.242481657443967,3.31,0
1673,9,17.695839220765286,0.16,0
1674,4,27.050602611975958,1.22,0
1675,14,9.394153398089461,2.88,1
1676,37,3.329885706995146,16.96,0
1677,34,21.247231836476956,6.26,1
1678,11,7.643332463401077,25.06,1
1679,41,18.07888246069044,15.57,0
1680,3,20.910755403136285,3.38,0
1681,28,16.89880382358876,18.67,0
1682,29,16.160904432510968,1.24,0
1683,9,17.004700174034724,0.37,1
1684,3,19.18710946685672,9.38,0
1685,25,17.93534242381509,4.18,0
1686,34,8.917080966044223,4.0,0
1687,12,24.124998609245917,11.62,0
1688,42,15.25554017438451,18.98,0
1689,9,17.591707932397522,3.89,0
1690,15,18.554945087634312,3.93,0
1691,40,20.779639009406427,7.63,0
1692,25,20.26053411237318,10.59,0
1693,5,15.658684132237461,2.27,0
1694,11,15.337332422923952,24.38,1
1695,34,17.043054914844483,10.63,0
1696,24,20.500305029767333,9.81,0
1697,15,9.436891575835578,23.45,1
1698,38,18.2204771112098,23.78,0
1699,8,10.56838697502001,1.46,0
1700,5,24.25606762500735,1.57,0
1701,48,16.836570839922388,14.35,0
1702,26,12.91986212674566,31.44,0
1703,18,17.14358300834448,10.98,0
1704,6,15.046008288432265,5.3,0
1705,37,14.199065188337862,11.5,0
1706,48,5.9538737179612475,2.6,0
1707,13,9.879034984111424,61.98,0
1708,28,14.29773450258743,5.64,0
1709,5,6.558229301597985,26.84,1
1710,13,12.064118513211897,5.64,0
1711,17,12.500626186064874,26.33,0
1712,40,11.10278686631034,4.09,0
1713,45,18.861774068323204,14.29,0
1714,32,10.599153407009307,30.16,0
1715,29,15.44204406038282,10.38,0
1716,3,13.234180205047126,11.32,1
1717,40,14.406013684339326,1.09,0
1718,34,23.032003763255656,6.43,0
1719,40,15.898431759165874,21.78,0
1720,27,16.86516445763144,2.76,1
1721,13,11.172914563934661,15.53,0
1722,45,18.130748386478185,11.26,0
1723,33,17.919849534239173,2.52,0
1724,6,17.43804333519356,3.32,0
1725,24,8.954115910586742,5.58,0
1726,19,12.073763910159531,1.34,0
1727,16,22.167900317841458,24.46,0
1728,40,11.561277671563653,13.45,0
1729,28,22.849940128773152,4.54,0
1730,33,12.268017114747966,3.56,0
1731,48,15.741080770264112,11.7,0
1732,41,14.06415382871268,5.52,0
1733,13,10.77597358909168,2.61,1
1734,43,10.847955102151582,5.62,0
1735,45,11.478784967551324,20.5,0
1736,25,15.740321407247874,0.71,0
1737,42,19.452087619976353,4.59,0
1738,36,15.41578326356998,32.79,0
1739,27,14.833108817272253,0.15,0
1740,38,21.051890276711482,22.13,0
1741,7,15.206690884831566,4.7,0
1742,5,12.285681974443264,2.1,1
1743,43,10.011294606816001,0.15,1
1744,45,21.35223641829309,0.73,0
1745,31,13.353012449188487,1.89,0
1746,23,12.10713102813066,0.26,0
1747,42,11.674783882136369,4.09,0
1748,10,21.07095277743864,0.46,0
1749,32,12.135130033658875,11.78,0
1750,43,19.95231378837547,17.09,0
1751,30,13.847960447952655,21.84,0
1752,39,8.958098344865384,7.97,0
1753,31,13.337541530900497,29.28,0
1754,18,14.836034327760297,0.06,0
1755,36,14.424146036143252,1.44,0
1756,2,14.300081485619325,3.47,1
1757,14,13.390275284140905,15.56,0
1758,13,11.074950201486855,21.66,0
1759,29,15.053687818870968,9.63,0
1760,12,17.704742103639628,4.83,0
1761,39,7.687021197001438,10.96,0
1762,2,21.495311090261033,2.0,1
1763,32,1.0,6.12,0
1764,13,15.376242873831746,7.08,0
1765,46,17.330434677367123,1.11,0
1766,27,11.983235950524879,0.34,0
1767,49,4.370826145147095,13.87,0
1768,41,14.516379499539761,7.65,0
1769,17,15.848479623017168,4.04,0
1770,40,9.256406327119002,5.75,0
1771,31,10.849332947097704,31.63,0
1772,34,19.81356048031892,4.86,0
1773,24,15.58840879850888,1.09,0
1774,45,7.456615053686796,6.23,0
1775,35,17.24914958877566,10.44,0
1776,48,10.34740584010816,0.12,0
1777,6,11.126187835866759,4.04,0
1778,19,15.98828696340399,5.0,0
1779,30,15.522450138095676,6.23,0
1780,7,12.986967294205842,3.59,1
1781,10,12.478953127090735,10.99,0
1782,41,13.746004806375275,28.95,0
1783,32,11.097032534636835,24.53,0
1784,34,20.445061258887712,10.92,0
1785,28,7.154031504957671,7.07,0
1786,15,13.795607027133373,17.48,1
1787,30,7.702974633107256,18.08,1
1788,37,19.680008736392608,17.69,0
1789,29,13.788448330065126,1.72,0
1790,22,9.716657035594437,0.26,0
1791,4,18.42523813130843,40.86,0
1792,20,3.5403466163052997,32.1,0
1793,32,16.40442012569494,8.31,0
1794,36,20.756445942688735,49.71,0
1795,4,15.897717789313896,14.72,1
1796,27,12.467447766079585,7.29,0
1797,17,8.78909019095314,4.93,1
1798,12,20.412573177112538,8.99,0
1799,22,19.637109288211505,7.25,0
1800,17,11.773190845544894,50.84,0
1801,10,11.90681243195236,6.74,0
1802,1,20.933835501133252,18.07,1
1803,22,17.65806573394272,16.8,0
1804,26,6.067078301446271,0.74,1
1805,18,14.021487976485039,0.91,0
1806,14,13.837217761110848,10.78,1
1807,47,16.238172363148024,3.0,0
1808,29,15.030230079676526,10.72,1
1809,12,12.436444191138907,1.56,1
1810,36,15.89179826179939,5.06,0
1811,35,12.761111685766402,1.08,0
1812,12,32.07093512990029,3.31,0
1813,7,15.613639505067681,0.92,1
1814,29,14.926502654354989,35.26,0
1815,11,24.214037791557814,5.03,0
1816,33,8.178283032778483,23.15,0
1817,6,14.450135629582592,35.46,0
1818,47,10.251984564978633,24.03,0
1819,15,18.175050282550444,6.07,0
1820,32,12.528252589109336,15.09,0
1821,11,17.900468675998738,1.67,0
1822,23,17.540254992172713,1.0,0
1823,26,18.90186130995037,20.95,0
1824,34,17.62259396260978,0.32,0
1825,46,13.879803030724917,35.87,0
1826,34,8.011736466155066,11.15,0
1827,29,20.045424705066317,5.44,0
1828,4,22.045137123325784,1.52,0
1829,17,10.310658443541978,12.85,0
1830,35,18.679386808063438,8.28,0
1831,13,9.148186262072068,12.42,1
1832,41,16.017160873809487,5.41,0
1833,39,17.047102431041655,0.69,0
1834,15,12.86890113097663,3.78,0
1835,29,15.475357184465382,3.78,0
1836,29,19.241015857486076,0.09,0
1837,11,14.452917473744947,0.1,1
1838,32,11.62431247719901,4.02,0
1839,2,8.881103936138306,13.01,1
1840,47,13.04617816872795,9.78,0
1841,14,9.126392093954555,2.73,0
1842,20,13.1130798918028,9.23,0
1843,22,12.673787682852057,10.42,0
1844,11,19.020524849812602,7.39,1
1845,27,15.367375081051554,7.37,0
1846,3,27.73629844858596,4.62,0
1847,17,4.932053817461826,1.32,1
1848,44,16.5668571585939,4.87,0
1849,28,12.742218572502443,4.24,1
1850,29,10.219796897577769,8.96,0
1851,21,14.85115252711915,19.4,0
1852,47,14.476915338195198,4.71,0
1853,16,20.38906408673016,12.37,0
1854,37,15.456292234015013,16.7,0
1855,20,11.535992061406157,2.38,0
1856,6,16.6710528185016,23.19,0
1857,19,13.851742181442411,0.73,0
1858,5,9.372607274396465,23.2,1
1859,3,13.757273152436118,1.79,1
1860,1,16.154710387033443,4.11,1
1861,38,15.361412151160733,9.29,0
1862,15,16.651565273159413,23.61,0
1863,34,12.367573954964042,2.95,0
1864,35,16.588059807169717,14.42,0
1865,49,15.600579064087079,12.39,0
1866,25,15.641146918867715,1.74,0
1867,24,15.161782764133434,6.53,0
1868,12,25.88046605117982,6.57,0
1869,18,20.550631219000344,3.63,0
1870,15,16.476958784643163,15.14,0
1871,44,10.998963615758914,26.03,0
1872,16,13.538337501217681,12.61,0
1873,27,23.078940755741694,36.1,0
1874,8,12.18531268583248,0.52,1
1875,46,14.171351834322673,0.38,0
1876,25,13.892983371927958,22.43,0
1877,17,16.83943638579258,22.81,0
1878,29,12.816767613572845,1.13,0
1879,8,15.884290040741277,4.42,0
1880,15,12.92841552674188,18.04,0
1881,27,21.57255349765866,1.38,0
1882,46,11.568611877830033,3.11,0
1883,7,19.888224223942178,11.43,1
1884,3,12.074320718381673,40.12,1
1885,29,10.731268360596289,15.95,0
1886,44,11.49603626755039,15.02,0
1887,24,6.442821364826228,4.2,0
1888,3,17.192992231921533,10.83,1
1889,20,9.180119452384478,1.2,0
1890,46,13.21040236203697,48.62,0
1891,15,18.808107987993814,6.55,0
1892,25,18.646763398723174,10.18,0
1893,30,7.841705420013671,20.89,0
1894,14,16.552717899654688,0.01,1
1895,7,20.70246991154128,37.29,0
1896,17,11.81578544905068,4.45,1
1897,44,17.567866640009147,4.15,0
1898,20,9.283601971027304,1.57,0
1899,36,16.928284766184948,19.53,0
1900,9,15.65635680664829,20.47,1
1901,38,18.305734779127263,0.2,0
1902,48,17.995730434443526,0.57,0
1903,22,8.232581952244239,25.05,0
1904,2,15.682766203720963,1.31,1
1905,24,22.26456822136936,9.7,0
1906,8,4.0734558910878516,9.67,1
1907,11,19.834630569310328,20.38,0
1908,13,23.00852549814544,8.5,1
1909,17,7.576822397575992,5.69,0
1910,8,11.646504644262608,36.64,1
1911,21,17.58871660975266,2.6,0
1912,18,10.569374420931796,3.05,0
1913,30,21.822895918226813,0.89,0
1914,18,20.294481328780357,37.02,0
1915,46,8.075183802284407,12.25,0
1916,47,11.284709500344935,0.12,0
1917,31,18.849184109175106,12.18,0
1918,38,18.65329701373664,5.18,0
1919,32,26.092200176515192,34.28,0
1920,11,10.600588972752591,3.25,0
1921,45,22.296089197359954,12.39,0
1922,25,10.43043027618215,9.87,0
1923,33,17.50160466227936,0.12,0
1924,38,19.46171220779742,21.65,0
1925,41,1.0,1.5,0
1926,8,19.55603149041391,10.89,1
1927,11,21.922848455246932,14.94,0
1928,22,20.47940876736871,9.97,0
1929,24,25.266694050388384,1.02,0
1930,41,19.825886417529453,36.96,0
1931,17,12.313974493237428,2.7,0
1932,12,21.19505567207639,9.88,0
1933,46,12.030168597222923,15.95,0
1934,32,15.412089624729893,28.01,0
1935,15,19.158916367006178,9.26,0
1936,16,17.240404120733547,3.0,1
1937,22,21.755659959250817,18.12,0
1938,28,27.44337347919384,1.78,0
1939,20,9.313180290243002,0.23,0
1940,33,13.358319405951562,23.88,0
1941,10,16.58189181281155,8.57,1
1942,40,12.684045283466293,0.72,0
1943,32,14.621468657510507,8.67,0
1944,33,18.879098031375342,1.57,0
1945,2,18.214541656833834,0.32,0
1946,33,16.23666365152942,1.24,0
1947,33,15.738652516321153,14.92,0
1948,41,13.880649327531918,14.09,0
1949,13,22.02261419723859,9.27,0
1950,30,23.31694418296499,2.35,0
1951,33,20.094070018042352,13.43,0
1952,13,9.253117060670228,5.24,0
1953,26,13.688947849827642,7.15,0
1954,22,15.998329798864424,22.79,0
1955,39,10.296527360388826,6.12,0
1956,2,15.395418523644642,9.84,1
1957,38,15.111108962671215,32.64,0
1958,39,20.420690872936156,6.0,0
1959,26,12.508547801606841,8.23,0
1960,46,20.816514441368476,8.78,0
1961,15,10.213159819153066,2.75,0
1962,34,10.91080401169323,13.35,0
1963,42,13.103188461340062,12.97,0
1964,44,15.23935943332404,2.4,0
1965,49,2.9174379929870113,0.13,0
1966,40,17.296487827054694,68.51,0
1967,11,23.546712658728758,8.71,0
1968,3,18.256347839886768,2.0,0
1969,6,13.946650365974186,3.33,1
1970,9,9.577044588652036,9.62,0
1971,6,5.934888821254932,1.48,0
1972,9,6.7848818764234125,0.38,1
1973,39,14.345800624965614,16.02,0
1974,31,25.534550092256342,12.58,0
1975,32,1.4146330468429653,3.7,0
1976,41,18.501089446175314,0.6,0
1977,12,11.611422938070293,6.66,0
1978,8,13.322525204858284,3.23,1
1979,8,10.311505567279939,5.07,0
1980,28,8.162806042565478,3.2,0
1981,20,15.628186193361604,1.93,1
1982,47,16.314017432348347,4.89,0
1983,7,18.341700293596453,33.49,1
1984,11,6.573781469459048,3.1,1
1985,20,19.36986166739044,4.09,0
1986,16,19.45903777127592,3.99,0
1987,4,17.12246843215736,6.54,1
1988,6,12.895191914657696,18.55,1
1989,22,16.542154335944723,5.14,0
1990,26,14.197754715948388,16.41,0
1991,3,19.84258164992503,1.22,0
1992,41,13.167278510366085,22.53,0
1993,42,15.540122150383342,2.05,0
1994,14,6.308389975144296,0.4,0
1995,11,16.526498945951108,1.72,0
1996,18,11.252227745476315,2.12,1
1997,12,17.562331086802846,7.1,1
1998,23,18.942124476239172,5.98,0
1999,12,11.950135289526738,12.58,0
2000,13,15.155941512338584,0.52,0
2001,25,15.872474556766289,6.89,0
2002,45,16.840318659666604,4.04,0
2003,19,18.94928912821958,9.96,0
2004,46,18.295055881817316,0.45,0
2005,36,13.100548463759335,0.36,0
2006,45,22.99160964577052,5.57,0
2007,8,18.759937380604004,16.68,0
2008,29,22.025721961260132,11.12,0
2009,32,16.733533616859596,0.17,1
2010,44,17.029027276392704,1.97,0
2011,18,14.414044742977282,2.57,1
2012,6,12.781127607811523,5.5,0
2013,18,19.876690905521844,8.84,0
2014,19,16.32295312290708,2.44,0
2015,22,14.342180772433025,4.82,0
2016,37,9.886875070642988,8.77,0
2017,32,22.775577688540594,4.84,0
2018,41,15.56312717316285,1.55,0
2019,3,8.866387113907244,6.77,1
2020,28,15.407112329122617,3.92,0
2021,10,13.99539781099719,19.96,1
2022,35,13.790267999274258,14.94,0
2023,29,17.88129900985683,2.11,0
2024,15,14.00230239284882,1.66,1
2025,33,13.472504739597538,4.27,0
2026,7,21.812023684694296,5.31,1
2027,12,6.302165123690093,26.89,1
2028,49,14.743088460528616,3.59,0
2029,30,19.644259303294067,20.22,0
2030,21,18.134662244462334,7.04,0
2031,31,20.100242966383092,21.68,0
2032,24,25.10785939942002,12.11,0
2033,20,23.49475871945996,12.32,1
2034,37,9.222326430585627,7.31,0
2035,4,6.946482919462518,18.34,1
2036,28,16.634262033492575,2.94,0
2037,44,8.229411592211896,23.79,0
2038,20,5.3676533990246185,10.13,1
2039,24,16.58121428930793,5.78,0
2040,49,17.835226627426167,40.28,0
2041,32,23.555703227745067,19.81,0
2042,41,18.842155349952115,14.79,0
2043,36,24.59780042984822,3.2,0
2044,34,16.77777092667989,36.4,0
2045,36,9.318648806603212,13.59,0
2046,2,19.11093528085812,9.29,1
2047,15,21.671565497599104,25.48,0
2048,34,16.95542198955786,1.77,0
2049,36,22.2527523267787,1.5,0
2050,6,14.383746434819114,8.29,0
2051,39,17.729495585576622,0.58,0
2052,42,14.128339593290654,10.91,0
2053,12,26.895217956985515,2.75,0
2054,3,19.20630343163606,1.27,1
2055,45,9.416474345743964,5.27,0
2056,18,24.2629873423731,6.27,0
2057,40,11.33410120821306,1.87,0
2058,21,15.068479797832698,0.42,0
2059,15,17.3415039791283,5.35,0
2060,33,17.74995987421827,14.25,0
2061,35,17.41861111744199,20.73,0
2062,26,9.334772473302731,1.03,0
2063,8,17.43517317581055,7.44,0
2064,36,20.503229685678512,3.06,0
2065,48,20.35932014997079,4.69,0
2066,30,8.490937032739811,27.1,0
2067,23,11.721735592594861,4.34,0
2068,42,9.7773917689956,4.55,0
2069,44,16.699064960002246,2.35,0
2070,14,7.241761087762195,32.19,1
2071,14,9.38628613859266,6.1,1
2072,2,11.674325051743846,8.45,1
2073,37,6.016049438846387,6.04,0
2074,5,14.861004480704516,2.92,0
2075,38,4.467523804959523,16.63,0
2076,45,17.426723847717664,0.29,0
2077,41,13.014891806655632,11.72,0
2078,47,11.880083963817787,9.02,0
2079,14,12.69625689215371,1.56,1
2080,39,14.698069538523093,1.81,0
2081,25,17.964330913715578,10.77,0
2082,20,21.585486367985588,3.74,0
2083,2,20.069529076074772,3.09,0
2084,39,26.15844161388308,0.61,0
2085,6,18.376486046887248,14.55,0
2086,17,15.701575511869665,21.43,0
2087,25,12.714840903341855,17.14,0
2088,28,12.881005215287345,6.27,0
2089,2,17.69519013282961,7.63,0
2090,35,10.002779291108979,2.77,0
2091,37,16.14488069595968,1.9,0
2092,5,14.905675520980578,17.32,0
2093,1,11.359514717488562,16.01,0
2094,40,9.744048535169092,15.02,0
2095,12,27.623587508659206,6.22,0
2096,36,8.017144168908544,19.99,0
2097,45,14.66120717826692,26.07,0
2098,23,21.112919040786032,3.98,0
2099,47,17.64528432464139,2.54,0
2100,31,12.632322220221695,6.24,0
2101,11,9.03926432227331,1.98,1
2102,10,15.64893221629762,21.54,0
2103,3,1.802423754325595,4.12,1
2104,14,15.849335301979343,8.58,0
2105,16,15.1741329344727,9.03,1
2106,10,20.350609642632996,7.24,0
2107,29,9.283301284577837,1.7,1
2108,10,13.38264300076967,47.11,0
2109,12,17.18450823418759,1.89,0
2110,30,16.02783879351781,13.92,0
2111,41,8.286767515447902,15.67,0
2112,1,11.762491348080587,1.57,0
2113,5,21.999557801156968,27.06,1
2114,20,16.29663192645558,6.69,0
2115,8,6.679419260113853,9.91,0
2116,43,19.416160733386683,10.28,0
2117,12,7.003676369736098,7.03,1
2118,1,13.464897511936243,1.53,1
2119,20,17.81638277288239,13.93,0
2120,28,21.06852940009368,8.72,0
2121,43,3.3103788116960047,1.26,0
2122,37,18.557950537353488,12.05,0
2123,47,19.308623200252335,12.13,0
2124,37,12.21492265920935,7.95,0
2125,12,15.45454544717175,0.95,0
2126,37,1.0,4.35,0
2127,49,1.2600984259604413,0.52,0
2128,49,20.542663600041273,6.49,0
2129,44,12.305523855070156,23.69,0
2130,28,13.268938842489305,0.02,0
2131,47,16.173382018470132,3.1,0
2132,15,13.170338946115637,16.09,1
2133,6,12.706539332315256,0.1,1
2134,44,16.972445309550245,0.1,0
2135,20,7.5223187116030585,9.44,0
2136,14,20.799588259302965,15.57,0
2137,2,13.848749875628233,14.98,1
2138,9,9.971707496295636,15.12,0
2139,37,9.29895157738834,4.48,0
2140,20,15.213259432276615,21.43,0
2141,26,13.468211451108115,0.13,0
2142,29,7.255799627406202,3.74,0
2143,1,11.990824473109317,4.11,1
2144,35,10.954004985585918,1.81,0
2145,6,21.309282682604348,4.1,0
2146,37,15.652262074858712,8.82,0
2147,5,22.846697141852793,7.35,0
2148,33,11.45012887816371,3.85,0
2149,49,13.544340556279849,13.84,0
2150,14,16.93276612617857,12.55,0
2151,12,18.02066305287017,3.29,0
2152,42,18.60495536226483,3.9,0
2153,20,10.56095223783262,3.39,1
2154,24,10.701604315047025,1.38,0
2155,43,13.222898642564116,13.97,0
2156,34,22.404534320427985,0.47,0
2157,25,9.996584082842318,1.63,0
2158,29,12.365374969216727,1.11,0
2159,39,18.649289572115933,17.45,0
2160,31,18.3817713237441,0.45,0
2161,47,17.777091839089596,10.93,0
2162,43,15.40421790389651,0.45,0
2163,23,9.67433189225132,15.44,1
2164,44,11.546120355489322,24.39,0
2165,38,20.63245087964475,6.67,0
2166,20,18.868186666278707,16.32,0
2167,23,8.325075461122669,12.26,0
2168,45,19.34728814852411,15.88,0
2169,16,21.543892193821677,14.56,0
2170,42,15.269153943568357,2.3,0
2171,8,17.131405903398033,6.92,0
2172,21,20.057425927881045,32.29,0
2173,1,11.52141801918799,4.21,1
2174,8,26.6479890231074,35.23,1
2175,29,21.115389893232663,8.75,0
2176,32,17.62014073601731,6.19,0
2177,38,14.827460779076443,10.72,0
2178,5,17.473887223068736,16.92,1
2179,47,7.198587506677775,5.01,0
2180,22,25.410438839548092,0.34,0
2181,47,20.64445786721175,12.34,0
2182,34,22.320067984011278,31.27,0
2183,1,15.153785818418463,9.81,1
2184,26,13.198554019601861,2.09,1
2185,43,11.62846398324862,2.85,0
2186,10,19.067873044234034,24.05,1
2187,30,12.437264601718645,0.14,0
2188,18,14.063215334076466,7.96,0
2189,17,17.73199563337625,1.73,1
2190,26,11.703358415818306,3.32,0
2191,8,20.21973381991595,3.67,0
2192,47,14.911294610550728,2.48,0
2193,40,7.45940340852014,15.72,0
2194,49,11.649986606158361,4.04,0
2195,12,21.540927249851322,4.24,1
2196,27,10.314987433188087,6.03,0
2197,8,19.470387436188094,23.26,1
2198,25,15.608367183472861,11.65,0
2199,46,14.141498491354431,0.64,0
2200,4,27.56297075391637,0.4,1
2201,33,8.578918785351728,8.36,0
2202,1,11.299331975051086,21.81,0
2203,19,14.88284965508296,3.9,0
2204,31,27.078746960250417,2.85,0
2205,16,14.89449411603846,13.79,0
2206,14,16.37126469277726,9.22,0
2207,48,13.320822502066822,8.32,0
2208,5,16.793142892809517,1.62,1
2209,41,13.630912966817691,1.94,0
2210,26,18.476613022166276,3.31,0
2211,28,18.870936632427473,2.32,0
2212,2,13.829474185859004,35.56,0
2213,6,9.37259980951968,0.19,0
2214,9,15.467849235128678,9.84,0
2215,33,22.01060874210583,7.29,0
2216,41,10.866697031103953,3.9,0
2217,25,16.669584451966504,21.86,0
2218,48,8.971297849936912,11.09,0
2219,13,9.800963327617374,64.1,0
2220,9,21.50182917651494,1.85,0
2221,13,18.4576669132464,0.92,0
2222,31,16.744825650192137,1.5,0
2223,41,3.391133678458525,3.14,0
2224,11,12.235535642816469,5.39,0
2225,4,18.034070015433436,19.85,1
2226,34,7.75467246039505,3.34,0
2227,38,13.230573050457016,24.68,0
2228,46,18.833268553096588,6.22,0
2229,4,7.44430643327597,10.41,1
2230,38,6.603567065256016,3.07,0
2231,19,7.5308594187791025,1.7,1
2232,6,16.67242605805756,20.36,1
2233,34,12.21500735568549,1.16,0
2234,18,19.390243132315575,14.87,0
2235,13,15.605091926173074,8.7,1
2236,41,24.402673589690203,19.74,0
2237,23,8.812589008753259,12.65,0
2238,19,16.65885852554549,3.31,0
2239,45,11.02392614487675,8.54,0
2240,11,18.001063495740148,0.13,1
2241,1,15.5996794513642,6.45,0
2242,24,10.034395880898096,0.9,1
2243,7,14.21423876945562,5.6,0
2244,25,15.365490386058255,1.16,0
2245,21,12.003455300023875,31.12,0
2246,15,18.635836074917883,7.4,0
2247,1,9.844536916655427,24.44,0
2248,12,25.455042790165816,0.23,0
2249,7,19.768451503134273,10.15,1
2250,15,16.74370559526768,3.67,0
2251,21,29.226571373485953,5.65,1
2252,19,13.453505870533675,20.64,0
2253,29,18.056879337821737,39.13,0
2254,25,16.11340231799604,2.83,0
2255,33,18.98733846603912,29.61,0
2256,49,22.480581835333105,11.67,0
2257,32,17.7447468830568,30.24,0
2258,49,20.208969476575994,8.26,0
2259,35,12.248060048267043,32.38,0
2260,44,13.969249257681007,22.3,0
2261,38,23.19143780131502,1.38,1
2262,26,17.9842808176468,3.72,0
2263,11,16.241618224290942,2.78,0
2264,35,11.233778954582414,8.49,0
2265,8,19.832980405674753,16.24,0
2266,46,11.092672895087698,14.25,0
2267,14,9.61917072114947,12.97,0
2268,10,15.574628755144605,4.7,0
2269,2,2.9875373323565473,1.5,1
2270,46,18.055383581854873,2.36,0
2271,9,16.88472098370644,13.54,0
2272,3,13.235982206820697,1.6,1
2273,21,13.689409207199812,2.52,0
2274,26,14.403395476668006,5.53,0
2275,8,11.054363112263292,0.75,0
2276,48,15.922863137491465,2.39,0
2277,2,13.753025348072425,1.62,1
2278,6,15.562260766443092,30.23,0
2279,28,14.221357073326285,2.13,0
2280,29,13.237356637543762,19.79,0
2281,26,16.392463117188186,1.22,0
2282,25,18.905499214657553,20.38,0
2283,12,12.376154274160513,9.15,1
2284,5,16.97736645822979,18.95,0
2285,34,17.597152052570955,20.2,0
2286,48,8.580680589967148,9.07,0
2287,37,19.882722375769042,24.97,0
2288,15,25.282256653279944,8.81,0
2289,44,14.559521546687272,12.47,0
2290,36,14.144022956479851,5.38,0
2291,15,13.934969192023262,24.54,0
2292,43,18.10302877399652,17.38,0
2293,48,17.55389263324906,1.82,0
2294,23,7.04669398839573,8.59,0
2295,6,10.669394748829191,22.71,1
2296,46,17.536564249458436,15.75,0
2297,44,14.274891150601245,32.85,0
2298,43,9.1694104638024,2.63,0
2299,45,22.501300901440082,4.58,0
2300,21,11.0014336687101,7.08,0
2301,23,15.17888560998464,2.65,0
2302,43,14.142404442855133,5.01,0
2303,16,9.60655599524721,7.71,1
2304,47,15.924774010902166,2.12,0
2305,15,16.960534417497097,2.97,0
2306,25,12.661619840851861,1.33,0
2307,36,13.31903867805259,12.5,0
2308,11,18.002435213813065,4.49,0
2309,15,5.12430867168306,2.49,0
2310,4,10.774980748761394,7.08,1
2311,21,16.067174482661898,0.71,0
2312,13,12.366306365049418,25.69,0
2313,22,12.294854681352742,3.49,0
2314,19,19.508462730980845,21.76,0
2315,34,11.833378589811591,6.88,0
2316,14,24.89589125556912,18.98,0
2317,4,6.22743711055541,2.84,1
2318,48,3.940030833889658,1.93,0
2319,46,19.394680807342286,18.93,0
2320,27,10.08024370313976,2.39,0
2321,29,10.164632058635028,13.71,1
2322,47,19.923666369098385,4.22,0
2323,28,12.513657069767696,13.79,0
2324,35,19.551809079324524,23.82,0
2325,8,11.947940286237703,39.97,1
2326,16,16.81265760987653,4.46,0
2327,42,12.442887600107895,4.58,0
2328,36,10.400938620648558,39.84,0
2329,30,23.65300678767359,19.77,0
2330,18,20.582310881799128,0.46,1
2331,2,11.3667965853366,8.52,1
2332,49,14.108019815927808,2.0,0
2333,13,22.3811339920564,51.18,0
2334,4,10.05889792469239,1.5,0
2335,26,10.329459815959558,8.19,0
2336,25,17.35030236152427,10.94,0
2337,30,26.352472801306103,27.66,0
2338,11,15.269157759337247,18.79,0
2339,7,20.249056197433504,2.82,0
2340,31,9.91280121855666,8.5,0
2341,44,16.805261709680167,30.7,0
2342,10,13.201926440742195,13.31,0
2343,39,24.333125393133745,11.66,0
2344,13,22.993454222065655,14.06,0
2345,31,26.39708368425681,3.89,0
2346,7,11.52255355451296,13.07,1
2347,49,15.177491037029709,2.65,0
2348,42,16.875834621620307,5.59,0
2349,42,11.717661818370578,22.07,0
2350,36,15.655275998637014,0.19,0
2351,20,19.54489018179415,5.35,0
2352,4,12.24817236134248,3.1,0
2353,7,11.483217701314873,2.21,0
2354,1,11.151721119150668,18.24,1
2355,44,8.281488076056561,11.92,0
2356,45,19.269964335467588,1.19,0
2357,42,11.471658321370597,6.82,0
2358,47,10.944463348755999,6.29,0
2359,13,17.645349175863704,1.54,1
2360,22,14.94691989558743,16.08,0
2361,21,12.372348199474516,4.57,0
2362,22,19.05314405333001,14.35,0
2363,28,12.172769340462883,2.13,0
2364,9,4.115245138530275,3.78,0
2365,26,21.666214943529067,1.0,0
2366,9,10.859022621553358,1.55,1
2367,15,11.405229105723675,21.47,0
2368,10,11.427314695109754,1.16,0
2369,24,15.298004944873181,1.01,0
2370,42,13.628787713968547,28.2,0
2371,8,19.94035556429069,10.38,0
2372,24,23.225569962552022,1.06,0
2373,16,11.604002607838163,35.65,1
2374,49,10.309962879841247,1.59,0
2375,26,12.390493126564149,14.54,0
2376,27,17.195291456601517,0.35,1
2377,37,14.418195156187092,9.8,0
2378,4,12.49794244895243,7.91,1
2379,24,8.514947516167684,2.33,0
2380,19,3.9555557859978396,10.3,0
2381,36,9.976412223992837,9.6,0
2382,39,21.322079309259397,16.01,0
2383,10,17.179963865320985,20.86,1
2384,25,14.042323386312333,7.14,0
2385,18,18.648933982786946,6.74,0
2386,19,8.560584224492905,9.72,0
2387,36,15.28375025777811,13.06,1
2388,10,6.06822437830029,4.4,0
2389,33,16.730095130767413,7.02,0
2390,5,16.297575880227143,8.8,0
2391,47,16.416541115943243,44.55,0
2392,49,20.83809039979913,8.86,0
2393,35,18.879973982645552,2.54,0
2394,44,8.955431923363678,8.87,0
2395,34,20.913596639403387,17.12,1
2396,33,13.952740258406681,19.48,0
2397,21,5.149257491677329,16.11,0
2398,17,14.456221875460976,21.91,0
2399,22,18.235645450711726,4.08,0
2400,48,9.930740515270239,7.08,0
2401,37,21.664291218535944,15.12,0
2402,15,10.383417204239187,3.07,1
2403,35,12.594540212321897,4.65,0
2404,28,11.676312321294654,17.79,1
2405,7,6.455118944100954,14.7,1
2406,32,10.034331886398178,35.47,0
2407,11,11.44070347747115,55.15,0
2408,10,14.349472330768084,2.75,1
2409,9,1.0,23.07,1
2410,14,18.58276511679914,0.99,0
2411,13,18.533368507218356,12.37,0
2412,25,20.90730622794689,2.49,1
2413,2,7.541722609582994,3.57,1
2414,35,13.53584290084082,29.25,0
2415,7,19.707178100747793,3.05,1
2416,21,20.13747908863938,11.18,0
2417,18,22.39465469126278,1.96,0
2418,3,15.513574872861051,0.98,0
2419,42,14.720130710290732,4.14,0
2420,39,7.2102540190583,9.79,0
2421,41,20.32438097113655,2.85,0
2422,49,12.698428791669764,3.57,0
2423,11,15.16970488717865,12.34,1
2424,39,14.835852863780111,1.08,0
2425,24,3.0267387078395647,5.92,0
2426,46,10.942721379816417,28.43,0
2427,19,17.269406850182566,5.06,0
2428,4,14.757070986094082,5.7,1
2429,26,17.30911487918205,13.4,0
2430,38,18.919234701556924,15.1,0
2431,42,10.883797096787596,14.68,0
2432,32,12.424248596770974,61.5,0
2433,39,14.294064372205998,0.74,0
2434,45,18.867494772720786,40.32,0
2435,46,13.829509808965199,30.0,0
2436,36,6.094514229855619,19.11,0
2437,40,14.009085643274663,6.05,0
2438,37,18.666352254843524,20.47,0
2439,33,21.78509711409149,2.5,0
2440,36,16.40287962092387,15.69,0
2441,3,7.570016618003509,2.05,0
2442,9,12.96814627092468,16.89,0
2443,8,17.37528573844601,9.53,1
2444,33,19.331073790786355,1.03,0
2445,6,17.535357936115723,22.57,0
2446,41,13.741962309759039,8.63,0
2447,39,19.292577148878003,10.68,0
2448,4,11.79717453702467,3.33,1
2449,13,15.923245364370688,20.53,1
2450,49,18.748937059533674,7.88,0
2451,2,17.883179035017832,5.47,0
2452,5,17.995474851126367,7.64,0
2453,44,17.869574968100856,12.15,0
2454,27,9.756530613536848,11.88,0
2455,32,15.087787749649126,4.43,0
2456,21,10.453772707789707,4.87,1
2457,8,13.552629718235004,8.26,1
2458,38,9.155800349979037,25.82,0
2459,8,16.72483353175977,13.68,1
2460,3,5.174241264096928,4.95,1
2461,44,18.086405963042328,4.11,0
2462,3,15.076738939095156,7.42,1
2463,22,24.51079822038767,20.4,0
2464,6,13.976999239893942,0.09,1
2465,2,13.975516514023424,12.4,0
2466,23,18.412661412647036,3.49,0
2467,44,14.267536427107796,2.34,0
2468,2,16.37416403649961,0.12,0
2469,38,19.9720002104429,22.69,0
2470,17,13.6624258117956,24.33,0
2471,35,20.976300845157336,0.63,0
2472,34,6.604330722426919,7.38,0
2473,23,23.017399381774123,1.66,1
2474,30,6.059169592773335,14.22,0
2475,8,21.760936558487593,10.95,0
2476,22,5.6676876584789895,3.53,0
2477,44,24.902920592048943,1.24,0
2478,36,15.804381067899454,17.79,0
2479,5,10.275578837080744,11.22,1
2480,13,24.325598834275702,0.07,0
2481,29,9.55564963803679,9.89,0
2482,31,13.863230602567267,16.62,0
2483,47,28.023561454896786,8.93,0
2484,16,16.977690772554546,5.53,0
2485,42,4.869926011089948,8.77,0
2486,30,13.633538913135068,9.67,0
2487,16,13.191202687454705,10.22,0
2488,12,15.942584382820849,34.13,0
2489,17,14.77778514069355,1.97,0
2490,16,17.72925248916797,9.76,0
2491,12,7.359728746040329,2.08,1
2492,8,12.260484799072483,2.36,1
2493,20,16.559218160159503,11.06,0
2494,3,11.189290962817118,24.76,1
2495,16,20.479717917289733,1.73,0
2496,30,11.289315787326192,32.82,0
2497,45,15.716645446683293,3.85,0
2498,23,14.475215174453883,4.96,0
2499,28,9.926595632163384,1.67,0
2500,40,15.302454976057877,9.57,0
2501,5,8.440339225579605,9.07,1
2502,20,12.78194386612699,5.84,1
2503,40,15.151370772476525,6.46,0
2504,44,7.8633090546332145,9.75,0
2505,1,18.11750820460261,8.76,1
2506,30,16.301873342547307,4.69,0
2507,21,17.660003881443625,21.55,0
2508,20,15.012345380700266,11.02,0
2509,6,9.24658209354112,2.3,0
2510,22,14.999635740437618,3.86,0
2511,18,18.11548541824712,15.51,0
2512,8,9.048456052668676,1.1,1
2513,39,9.445869917060275,13.87,0
2514,32,13.769578070244453,4.44,0
2515,33,13.143352324838366,8.02,0
2516,16,14.91918082690617,3.29,1
2517,12,13.541510271480265,43.02,1
2518,38,15.799997728985938,23.63,0
2519,34,21.109090097246792,26.37,0
2520,14,17.691941942986787,2.04,0
2521,36,15.280758271682087,18.43,0
2522,33,9.466442265271139,7.67,0
2523,23,11.390067061122302,12.31,0
2524,45,19.208670895234224,2.45,0
2525,2,12.657573030708413,12.45,1
2526,41,10.161239357531436,24.57,0
2527,21,25.49016559389397,3.11,0
2528,2,22.62229686963338,2.66,0
2529,27,14.377732904335724,1.1,0
2530,9,9.586677492156305,3.1,0
2531,1,18.616794236364736,7.67,0
2532,11,12.54966000835438,17.88,1
2533,3,19.44266381406024,3.27,0
2534,23,12.554732946186864,9.71,0
2535,26,23.22697783947628,6.53,0
2536,4,12.406291843020762,3.4,0
2537,18,26.823667423017994,7.14,0
2538,6,15.975288924398408,1.84,0
2539,35,21.921528170272197,10.2,0
2540,22,12.299498204950662,1.23,0
2541,43,8.443248739959095,13.13,0
2542,15,3.468885978215525,1.96,0
2543,22,21.38301919040016,62.98,0
2544,37,15.340069549880205,17.35,0
2545,42,8.762122747391459,4.21,0
2546,12,21.591015255429276,5.55,0
2547,47,20.779970083804134,3.0,0
2548,49,21.911929201852676,14.57,0
2549,42,8.301069857785706,4.79,0
2550,38,21.23205650522877,14.07,0
2551,18,16.92020987837771,0.19,0
2552,45,22.13811518653788,1.46,0
2553,35,17.71365582272191,4.54,0
2554,30,15.86507781423819,1.15,0
2555,24,21.299926172311093,9.19,0
2556,42,19.259497190921582,0.52,0
2557,30,20.408827993865167,19.64,0
2558,14,12.559762996746061,14.33,1
2559,6,14.137953130027608,2.44,0
2560,3,6.330932038766679,6.61,1
2561,16,12.199379654667025,6.01,0
2562,7,18.951967693194845,12.9,0
2563,14,17.82093908799194,5.13,1
2564,9,10.102339450348468,0.33,0
2565,15,21.411727101175465,3.2,0
2566,21,29.865376426851427,6.28,0
2567,35,10.486377727106781,36.69,0
2568,2,13.970590989780646,21.3,0
2569,27,11.89202287224287,2.0,0
2570,2,14.525571219034624,12.85,0
2571,35,16.369530002409114,27.62,0
2572,18,11.51333530706237,0.09,1
2573,14,13.615401029640832,12.76,0
2574,20,15.43621599296388,6.15,1
2575,18,17.358009830037762,11.4,0
2576,10,22.3324645249267,9.3,0
2577,25,14.92760570667625,41.78,0
2578,2,12.190821824051707,3.41,1
2579,25,18.481695738494384,15.42,0
2580,33,17.000864394864045,2.67,1
2581,36,14.035862020876353,5.72,0
2582,31,17.425083624134135,37.04,0
2583,14,13.08425710637078,14.53,1
2584,1,12.348079904727836,3.8,0
2585,46,5.503414226034206,9.66,0
2586,16,13.360384463022111,0.51,0
2587,46,6.187385095747302,3.1,0
2588,3,11.802980755820151,12.67,1
2589,35,17.89740368298661,8.44,0
2590,41,7.474151630822,6.34,0
2591,6,14.050775279168171,11.74,1
2592,25,15.327368338836497,5.08,0
2593,13,13.807028978343832,0.27,0
2594,34,12.593325863797531,5.82,0
2595,8,16.626944067763194,23.24,0
2596,21,17.320496002833014,19.42,1
2597,34,15.007630642698146,5.26,0
2598,4,12.87119541098536,0.22,0
2599,25,19.32367966525054,10.11,0
2600,15,8.446299698758747,13.52,0
2601,4,18.436892792376103,3.48,0
2602,45,17.09847195660828,6.48,0
2603,12,15.995134219066346,48.11,1
2604,32,14.950522521366779,8.59,0
2605,32,5.550156005438257,4.32,0
2606,28,21.93676181005864,9.87,0
2607,13,19.193355244425955,1.98,0
2608,31,10.193049120528471,2.22,0
2609,14,18.794048425078106,25.89,1
2610,20,15.944198497618101,2.73,0
2611,18,12.084989852717747,3.72,0
2612,29,20.958968586947737,7.85,0
2613,6,12.845803705795653,23.0,0
2614,32,21.7806329979811,15.21,0
2615,29,17.67140182475064,0.45,0
2616,43,19.78279363212177,11.81,0
2617,2,17.895426865367238,7.01,1
2618,23,17.663653938797708,6.45,0
2619,19,16.076152158232166,11.76,0
2620,31,11.365905264723654,2.18,0
2621,5,15.31262861172404,39.89,1
2622,19,19.581954220205837,10.37,0
2623,34,18.596298557928083,4.55,0
2624,10,17.50626732430149,9.17,1
2625,25,4.521233434520012,2.44,0
2626,2,13.93387940546371,10.05,0
2627,11,13.408553893250986,0.29,0
2628,31,9.483712159691937,4.17,0
2629,15,19.518788105686337,13.76,0
2630,9,4.873456534452256,16.5,0
2631,23,19.183178739506562,2.92,1
2632,19,21.646191247016148,7.75,1
2633,9,13.950791308655656,7.52,1
2634,35,14.628305280111594,5.47,0
2635,21,19.837796178466693,2.59,0
2636,9,11.181726732878339,12.15,1
2637,28,18.303882383862284,2.91,0
2638,46,10.410928261617837,24.19,0
2639,7,8.912790471903165,7.52,0
2640,16,16.479953633249348,20.44,0
2641,16,14.86656509352732,3.44,0
2642,33,6.394978444145099,16.45,0
2643,4,22.076554762098112,1.21,0
2644,4,12.926414808081782,14.56,0
2645,39,17.553399596795263,4.89,0
2646,40,23.025916256665752,6.35,0
2647,17,16.23802188139681,1.82,0
2648,37,21.366460329335453,0.19,0
2649,39,10.684729768275087,10.97,0
2650,29,22.10492676915024,8.86,0
2651,36,10.870677520084383,9.74,0
2652,38,12.144292561859094,2.94,0
2653,39,7.726672945062283,2.73,0
2654,37,16.342122774579707,17.74,0
2655,35,18.15463757171463,14.32,0
2656,7,18.834041926967597,4.11,0
2657,27,7.842068701423075,10.16,0
2658,28,16.874881232315158,17.61,0
2659,22,17.059911840043544,21.97,0
2660,14,18.07385854787964,0.06,0
2661,7,11.136356067157495,16.79,1
2662,37,2.473481345778998,4.31,0
2663,22,18.532394520016904,12.67,0
2664,5,14.270851825485297,4.64,0
2665,2,16.40120552854844,9.32,0
2666,27,14.526964816050864,10.41,0
2667,21,16.172511235134394,5.19,1
2668,38,18.685596470946276,7.19,0
2669,15,5.71489145228804,12.96,1
2670,21,20.7051013811964,6.47,0
2671,10,14.089287521647895,0.14,0
2672,23,23.135371342379997,0.13,0
2673,39,12.702722923074084,10.83,0
2674,5,11.59201093706294,18.79,1
2675,1,14.258302961045413,15.38,0
2676,13,17.499935204659213,3.72,1
2677,21,13.628237241684776,6.37,0
2678,26,17.862566438127615,2.67,0
2679,45,13.064370474702244,45.24,1
2680,21,15.174461090055518,3.02,0
2681,18,26.182764745223523,5.38,0
2682,37,16.786334317662778,11.43,0
2683,45,17.18748113462988,20.88,0
2684,32,7.637150064055112,0.53,0
2685,36,21.771437616725002,3.58,0
2686,17,20.332325426616336,8.42,0
2687,35,11.427754453541008,9.63,0
2688,49,20.233629671858683,0.73,0
2689,11,16.649006136700105,10.91,1
2690,21,15.232079493032858,7.51,0
2691,26,21.454778231374995,17.58,0
2692,4,12.43850713464635,2.51,1
2693,34,11.388224721600748,2.17,0
2694,48,16.037816601685027,15.77,0
2695,18,17.641144072688153,12.17,0
2696,40,19.83157943346918,15.69,0
2697,35,14.245235241266975,15.23,0
2698,41,10.751144417046756,1.1,0
2699,29,27.642838589824642,3.27,0
2700,29,9.567027194805188,3.01,0
2701,38,15.275590616447644,27.27,0
2702,42,18.898527622738058,6.68,0
2703,21,20.755613075189174,1.18,0
2704,42,12.16419910626141,3.42,0
2705,13,5.625411527961484,20.55,0
2706,49,12.048674132686646,18.78,0
2707,41,19.306612551069424,23.06,0
2708,17,18.18748240747619,4.92,0
2709,9,18.350611794440375,10.25,0
2710,41,18.558320430371868,3.26,0
2711,1,21.70042116340254,1.99,0
2712,2,11.120557773526043,0.22,1
2713,48,9.01051002136198,2.53,0
2714,29,16.85240122631878,9.27,0
2715,33,9.757376552159052,23.46,0
2716,10,8.695423252574972,1.43,1
2717,40,21.11979954953568,25.01,0
2718,21,16.251799085379066,4.24,0
2719,28,15.142465745225431,5.57,0
2720,11,15.246369983826577,4.54,0
2721,34,14.469304950876673,5.25,0
2722,8,21.08620322663287,3.0,0
2723,22,7.426920474021081,11.99,0
2724,8,7.2198820939979065,14.2,1
2725,49,10.318092407060456,17.32,0
2726,15,16.44580823869976,4.17,1
2727,17,24.02671869939244,14.47,0
2728,23,19.345419957526364,10.15,0
2729,24,17.962213571120486,31.68,0
2730,45,14.600665343577372,5.53,0
2731,19,8.337350430020347,48.68,0
2732,5,17.57494912043582,13.49,1
2733,32,25.129835329175663,14.97,0
2734,44,13.799711722457356,0.26,0
2735,1,12.196633176230335,6.88,1
2736,23,13.823784018048533,7.51,0
2737,37,17.998755692462097,0.41,0
2738,8,15.558650926259661,3.74,0
2739,13,19.550070555573605,31.16,0
2740,8,14.832745628750875,5.55,0
2741,23,13.794941851771096,2.07,0
2742,43,16.145029899771227,7.2,0
2743,1,12.301739115846608,0.34,1
2744,45,23.70382470722319,7.26,0
2745,24,19.115571990583074,9.02,0
2746,35,9.50150706297169,4.43,0
2747,24,11.271204142329308,14.38,0
2748,17,17.82668502583052,1.46,0
2749,5,15.91658772998207,21.05,1
2750,20,16.51255854674037,31.11,0
2751,21,14.03936264691929,0.01,0
2752,40,17.275865182627168,18.5,0
2753,31,14.156970657481459,7.05,0
2754,46,17.816897717047954,6.19,0
2755,36,18.86514115625449,2.73,0
2756,11,23.033701683190802,5.93,0
2757,15,12.4265037852702,30.04,0
2758,19,14.944406840872297,2.37,0
2759,7,8.905092945519165,1.97,1
2760,28,24.131307085195466,2.77,0
2761,43,5.122560213980794,8.03,0
2762,5,23.414346942659044,26.64,0
2763,5,15.467347911455706,8.53,1
2764,30,17.092139652433232,2.79,0
2765,32,14.171654531351743,5.81,0
2766,8,15.15550329056646,4.95,1
2767,10,17.940422998722514,0.48,0
2768,38,6.816762690893709,7.15,0
2769,47,11.739368814530486,1.35,0
2770,32,10.774713580956709,18.47,0
2771,48,17.237023917679085,7.96,0
2772,28,15.021830992019261,18.62,0
2773,17,18.09047920214404,31.25,1
2774,31,15.82387502090678,28.68,0
2775,8,20.29294417907998,1.06,0
2776,40,11.29862854495623,28.97,0
2777,25,15.290778899251189,15.88,0
2778,9,20.54681707001257,15.04,1
2779,2,19.546630240103365,0.94,0
2780,15,7.601777217749561,1.98,0
2781,3,9.894446055076394,36.95,1
2782,49,14.59104530647608,2.4,0
2783,36,13.825816636293615,1.85,0
2784,4,14.672866357240425,4.5,0
2785,14,18.98095150125923,24.46,0
2786,41,16.44691502501036,6.47,0
2787,41,16.73845451509615,25.33,0
2788,25,18.353067843017126,4.07,0
2789,10,20.370871025727794,2.57,1
2790,21,1.0,6.84,1
2791,36,13.066867758809734,9.56,0
2792,12,10.585161063701497,4.97,0
2793,27,17.376580679474262,4.25,0
2794,40,12.689480222076723,2.46,0
2795,2,15.379308084575609,3.22,1
2796,13,19.260715382012542,11.18,0
2797,32,11.9850703061092,4.62,0
2798,31,16.814078363561094,0.83,0
2799,16,22.76913911580214,1.49,0
2800,32,19.158077299357902,4.66,0
2801,32,7.071113216600111,25.84,0
2802,34,13.541266493619494,4.76,0
2803,11,16.77908167638498,0.63,0
2804,10,17.763919281109647,5.41,0
2805,15,13.738254808563768,11.05,0
2806,17,11.801055545052334,9.0,1
2807,40,15.338814674244844,3.27,0
2808,18,9.565576480525278,11.65,0
2809,9,20.498671330222592,9.96,0
2810,25,24.34340486974084,1.89,0
2811,40,16.97346984225062,1.77,0
2812,14,13.83780723235443,7.92,0
2813,25,19.704504999568233,10.77,0
2814,22,18.859646121793368,32.68,0
2815,30,13.622296269472878,5.48,0
2816,20,14.760782153251233,14.48,0
2817,21,11.952328304359519,1.24,0
2818,44,15.82342412467985,22.04,0
2819,32,16.49454570022624,10.03,0
2820,46,11.09933672864652,9.92,0
2821,49,9.626618291860517,1.54,0
2822,21,8.36992293982967,0.4,0
2823,35,17.082673313060212,12.09,1
2824,32,14.94258715189947,1.24,0
2825,30,14.582129265725865,1.36,0
2826,39,17.322629611721666,2.08,0
2827,49,10.495190121558116,1.03,0
2828,12,9.648736324144036,9.82,0
2829,41,16.20540959484429,5.48,0
2830,47,6.356605202097217,3.09,0
2831,18,13.705077345328878,5.81,1
2832,21,27.332231862889394,18.59,0
2833,13,8.257312685737379,26.18,0
2834,21,12.851288200346383,6.68,0
2835,8,4.385535981551158,8.36,1
2836,46,13.831359708889277,2.97,0
2837,40,24.83268214132655,7.21,0
2838,46,17.334587183952003,13.79,0
2839,7,11.931103454395124,6.78,0
2840,23,25.907053226355494,3.6,0
2841,44,6.288236952407949,8.72,0
2842,32,17.269715798785093,29.31,0
2843,11,15.324563935464685,21.89,0
2844,22,13.764876595447918,14.66,0
2845,22,19.035457368644224,3.23,0
2846,43,9.090102958623497,2.76,0
2847,25,16.563113169361646,18.23,0
2848,22,15.928291613822582,2.0,0
2849,28,10.644936684431434,9.3,0
2850,29,24.749977902086588,5.78,0
2851,13,14.090813683191804,6.31,0
2852,18,14.30674813902646,6.06,0
2853,2,9.861614123521289,23.02,1
2854,29,14.18329774441809,0.91,0
2855,21,26.67377303409492,15.27,0
2856,15,13.736440700142074,18.02,0
2857,27,17.593509715068215,28.63,0
2858,31,19.752738659967562,6.03,1
2859,15,14.09298844429952,6.93,0
2860,23,12.952048488581,32.52,0
2861,24,17.361319406130864,6.13,0
2862,44,13.793708155577999,7.0,0
2863,13,13.340774636068678,4.04,0
2864,22,19.699449471297314,0.32,0
2865,43,14.65288456543475,5.67,0
2866,37,21.0661991913237,10.64,0
2867,33,14.54036655878439,11.71,0
2868,3,8.414022208236549,0.07,1
2869,19,1.0,16.15,0
2870,23,5.80925776573655,6.78,0
2871,29,6.6701976686786875,7.36,0
2872,30,16.332689654139486,32.63,0
2873,39,10.143336533929308,3.35,0
2874,44,5.129343119679206,14.34,0
2875,47,14.345471557625313,8.55,0
2876,25,9.590859664345727,12.07,0
2877,37,17.315495689619826,5.41,0
2878,47,17.191343236334145,3.27,0
2879,8,17.7204314109159,7.9,0
2880,42,2.2085973635294636,4.7,0
2881,16,15.227045631899408,2.52,1
2882,8,14.392987999659702,18.28,0
2883,1,8.891778601111021,6.46,0
2884,44,4.312846187317746,18.79,0
2885,5,14.45657539431287,6.43,1
2886,3,20.320580268781026,8.14,0
2887,1,2.091211987123632,53.56,1
2888,4,10.837395635480018,30.26,0
2889,40,15.657675564930814,3.17,0
2890,35,20.624599970968156,20.3,0
2891,32,13.438142429093412,4.95,0
2892,42,24.655014740153916,0.74,0
2893,34,6.023467303598915,8.58,0
2894,43,4.91531039180526,37.75,0
2895,25,20.088575248618444,36.62,0
2896,10,3.2518787398661466,1.35,1
2897,21,17.307661681503248,14.75,1
2898,46,13.527337807530941,16.24,0
2899,39,10.494996987800011,4.6,0
2900,27,12.866663957655641,10.75,0
2901,27,8.554640531852806,6.7,0
2902,2,13.40832972291862,2.59,0
2903,41,15.087096671774292,14.32,0
2904,48,12.918890117769315,3.05,0
2905,13,12.075318589093648,4.16,0
2906,9,16.270684975202744,2.11,0
2907,36,23.297858978974148,12.7,0
2908,22,13.668982990088022,6.14,0
2909,42,19.099952525021088,5.86,0
2910,26,10.169115009973282,9.28,0
2911,12,8.329593495875633,1.71,1
2912,17,17.26657693657012,22.84,1
2913,14,13.83232728208325,6.26,0
2914,14,20.647486708215414,4.57,0
2915,34,21.627117578468802,1.35,0
2916,20,19.195424212137432,1.84,0
2917,11,19.08679165200092,25.3,0
2918,16,1.0,6.1,0
2919,31,17.222612497835144,12.81,0
2920,6,19.314399147325023,0.84,0
2921,19,8.641086989191285,10.31,1
2922,37,15.043862557948932,25.45,0
2923,4,9.786358928288816,3.57,1
2924,47,20.13755297400439,8.65,0
2925,4,10.220009674617511,28.17,1
2926,20,11.035689465316764,12.71,0
2927,10,12.679749169719923,0.64,0
2928,24,26.24705110950137,4.76,0
2929,35,20.02336135038098,0.9,0
2930,26,23.063019294569422,19.76,0
2931,37,5.934400722598795,9.72,0
2932,38,8.653526269137167,31.32,0
2933,21,21.692898218588486,0.2,0
2934,40,6.19919425886663,5.5,0
2935,39,11.64157914575167,1.1,0
2936,21,25.276706703139283,4.32,0
2937,10,10.18267634847655,1.77,1
2938,38,5.895012736423874,3.99,0
2939,46,15.23737252188164,17.11,0
2940,4,6.101285129193785,1.75,1
2941,45,21.18625036486458,6.42,0
2942,20,10.52570625255153,25.46,0
2943,17,9.5238048554404,67.08,1
2944,7,15.14691176332001,2.89,1
2945,4,12.977810737622718,27.42,0
2946,29,16.2617459684041,3.03,0
2947,14,17.607522247013502,5.34,0
2948,3,13.913561282615529,21.03,1
2949,24,9.192756950069843,15.43,1
2950,37,18.652541425323825,19.48,0
2951,16,11.53295090948836,16.11,1
2952,4,10.654555127471491,2.68,1
2953,24,15.713303075780255,8.18,0
2954,34,5.356687903721642,4.87,0
2955,30,16.954380165735266,6.16,0
2956,18,15.978810019420946,1.67,0
2957,19,20.6090982013651,3.79,0
2958,31,12.498039302078032,19.49,0
2959,19,21.624157660111337,22.78,0
2960,49,17.64821450250938,9.42,0
2961,46,14.866054127783805,6.9,0
2962,19,24.08347962753019,12.48,0
2963,22,15.476063654233918,9.39,0
2964,24,12.408163361861746,41.15,0
2965,45,15.619199965357456,2.11,0
2966,12,12.305154164430085,5.96,0
2967,30,16.86823340297347,25.04,0
2968,38,21.603436409987527,24.62,0
2969,31,14.959979837553703,6.84,0
2970,36,15.45069830036664,1.45,0
2971,19,18.989155972646437,16.87,0
2972,48,20.936200120540654,8.8,0
2973,45,12.736823673920881,14.84,0
2974,36,15.86168003101815,6.21,0
2975,30,19.011311537233745,2.28,0
2976,49,16.64976128038519,0.24,0
2977,33,5.689552821156841,8.19,0
2978,18,19.91363479955711,1.76,0
2979,49,17.61440657356868,2.07,0
2980,28,17.969743701034034,5.73,0
2981,47,9.039246361733197,5.84,0
2982,11,15.761949673510863,3.21,0
2983,45,19.216726167023143,1.41,0
2984,33,10.59709697548399,29.0,0
2985,17,11.897277250778084,1.41,1
2986,6,19.30239560533798,4.32,1
2987,4,11.664486876146691,3.64,1
2988,20,13.957455612272302,20.12,0
2989,48,9.826906704463774,5.28,0
2990,47,24.09969283659583,1.32,0
2991,27,17.603113825842794,0.1,0
2992,15,13.723025116469167,12.8,0
2993,6,12.788124047338984,12.54,0
2994,47,8.858176884263067,5.41,0
2995,14,14.449499543859622,1.35,0
2996,11,18.32529040595023,4.65,0
2997,39,10.95092951361633,8.91,1
2998,9,15.527705606481911,12.17,1
2999,26,13.163091126754896,0.81,0
3000,16,21.900579647877493,8.13,0
3001,5,11.816506180122346,3.23,1
3002,10,18.885779372184153,9.6,0
3003,3,21.970112979716838,10.45,0
3004,13,13.114346981112156,24.15,0
3005,43,12.05711276174878,5.28,0
3006,49,19.613511592623134,7.71,0
3007,30,6.093880427990788,3.12,0
3008,45,17.15297319551326,3.38,0
3009,6,7.12339103581259,0.47,1
3010,17,21.112058325831647,3.37,1
3011,45,13.739518277708326,0.66,0
3012,19,14.54610954628865,33.22,0
3013,42,11.3787539532116,9.79,0
3014,35,7.0864636836389385,1.9,0
3015,46,21.32930218816025,1.24,0
3016,26,14.144712458203536,4.62,0
3017,5,31.043843033540146,3.68,0
3018,29,10.94909098470216,3.27,0
3019,37,11.766529367087006,6.31,0
3020,20,10.513779426650135,24.4,0
3021,49,14.119197203976565,8.39,0
3022,21,22.87608953892213,7.37,0
3023,10,20.050686683868424,16.43,0
3024,5,7.477230832077003,0.04,1
3025,36,21.02060037898593,2.2,0
3026,6,18.413956430605637,6.86,0
3027,26,17.406939133259115,12.22,0
3028,4,11.578795832797857,6.64,1
3029,39,11.950448506862923,1.79,0
3030,39,15.685336166128005,26.59,0
3031,35,12.234186689858614,3.98,0
3032,1,21.56315992044567,15.52,1
3033,24,12.020221619371705,22.2,0
3034,36,5.266178135858572,4.25,0
3035,6,8.492715283185596,18.66,1
3036,41,8.810183135875672,12.41,0
3037,46,13.683259631883365,23.46,0
3038,44,16.080330167846622,2.89,0
3039,31,15.269002183376458,26.78,0
3040,20,17.3045449884601,0.68,0
3041,24,13.738599879746596,15.78,0
3042,25,13.915465026296818,5.72,0
3043,36,23.759299871510102,1.96,0
3044,21,21.026787856304384,0.83,0
3045,30,17.04150240952282,4.94,0
3046,24,19.583352378386135,4.93,0
3047,44,5.368924172531509,2.61,0
3048,42,10.887306905422795,2.43,0
3049,30,12.838982429972647,5.1,0
3050,22,10.94617018990498,5.28,0
3051,28,7.271313455957362,5.84,0
3052,7,17.10271901282895,20.31,1
3053,35,21.9287387964231,9.45,0
3054,28,14.935951385003218,0.21,0
3055,14,18.24091022816993,7.32,1
3056,10,14.78733023006218,14.37,0
3057,16,12.791805951616304,0.58,1
3058,16,19.595982795088617,5.49,0
3059,31,7.8590452959621295,6.0,0
3060,42,5.6829862702721705,30.8,1
3061,25,7.788500890447894,6.46,1
3062,13,19.267939891380443,13.86,0
3063,6,15.436055534430437,3.61,1
3064,44,16.882689896233934,15.11,0
3065,9,23.384614967287746,3.9,0
3066,45,9.183301627244244,5.62,0
3067,36,21.02085184581934,6.53,0
3068,43,13.018377929256856,26.09,0
3069,20,12.258195623766309,0.55,0
3070,18,15.406101886258018,2.19,1
3071,43,16.188681278399308,12.23,0
3072,21,13.9472893021338,8.62,1
3073,4,18.05157150530816,2.9,1
3074,33,15.426215384055386,3.41,0
3075,27,14.0033419162377,4.58,0
3076,7,12.918579321101095,5.98,0
3077,6,16.191732328588248,17.04,0
3078,15,8.216710862769473,0.14,0
3079,18,9.62768085010006,22.83,0
3080,32,13.162749654019093,5.33,0
3081,11,17.724375298447946,2.62,0
3082,20,25.714250618624284,7.1,0
3083,24,14.203371820581985,10.78,0
3084,15,6.128843543321185,0.46,0
3085,48,11.048762451838503,12.58,0
3086,7,18.29445924796115,14.3,0
3087,21,10.148589455255262,1.82,1
3088,42,8.471273710607779,1.84,0
3089,26,18.268344508070392,2.28,0
3090,44,17.324400304464564,15.93,0
3091,14,7.637296286216017,3.17,1
3092,37,10.525033272721595,15.89,0
3093,21,21.223350884087473,7.78,0
3094,18,19.264221350471708,14.57,0
3095,5,9.013142420994111,8.07,1
3096,3,5.0555532254410736,4.09,1
3097,23,16.342589579304356,24.16,0
3098,26,13.51966002380635,12.56,0
3099,37,15.908709483635358,6.62,0
3100,24,18.17330971921969,10.15,0
3101,49,10.21865291301989,9.57,0
3102,19,12.839272367070507,4.43,0
3103,25,10.504707381471004,5.51,1
3104,21,10.683824835097548,3.83,1
3105,12,17.82379596662215,76.38,0
3106,41,15.720342906722076,8.68,0
3107,33,7.185291149446317,0.97,1
3108,4,18.625518209582562,7.32,1
3109,42,13.249649627109003,0.51,0
3110,7,18.855827034139608,3.41,0
3111,22,9.926309770268812,5.91,0
3112,33,10.371559906511846,7.64,0
3113,17,16.25856149053334,37.37,0
3114,24,9.517699559151627,40.3,0
3115,34,13.625594146291167,1.03,0
3116,28,8.949632688203629,7.72,1
3117,43,13.043151334641749,16.99,0
3118,41,14.840728840975512,2.71,0
3119,39,15.076289674503792,13.89,0
3120,22,13.176263643668255,21.09,1
3121,49,16.666751501590692,10.86,0
3122,17,15.73899522756019,3.97,0
3123,34,14.553166681315982,25.66,0
3124,6,11.870747336444479,21.5,0
3125,46,20.341218747892544,12.58,0
3126,6,16.93143604116297,4.52,1
3127,34,9.819455680540022,15.7,0
3128,1,18.244419378452463,3.8,1
3129,10,19.37746818476338,2.92,0
3130,21,14.592176203539113,7.24,0
3131,5,14.92456336962697,58.55,1
3132,2,4.705646603083935,16.31,1
3133,22,10.782794616716377,13.09,0
3134,48,19.21847208176327,6.02,0
3135,2,11.0868840089873,3.74,1
3136,10,14.200790389093124,19.37,0
3137,34,10.706899349671168,8.39,0
3138,16,16.154077924158653,16.78,1
3139,48,16.968712775714458,6.69,0
3140,39,17.102373308675915,14.02,0
3141,22,9.303195201966496,20.23,0
3142,12,15.533510534182767,4.97,0
3143,24,22.88284880660945,0.14,0
3144,47,18.742443692423308,2.94,0
3145,40,15.466656180455445,24.64,0
3146,38,5.345128290644798,11.63,0
3147,10,13.753217609451028,13.36,1
3148,35,23.23182790323805,3.93,0
3149,49,21.593034180065494,12.08,0
3150,32,17.307091623932312,10.39,0
3151,7,11.403347939526059,1.96,0
3152,21,15.261394912227255,34.64,0
3153,20,18.867404166927628,4.37,0
3154,26,19.70269596814632,3.99,0
3155,4,16.563101528229147,4.61,1
3156,46,19.27519841358825,0.96,0
3157,22,14.706537101685802,9.81,0
3158,15,14.485466684546672,2.73,0
3159,40,12.70542489113999,16.26,0
3160,21,17.122684161841658,5.01,0
3161,15,20.00170136116911,6.14,0
3162,22,18.542219353677428,10.4,0
3163,28,8.909817593239453,14.35,0
3164,14,9.177628424135618,2.63,1
3165,27,20.51819941756232,33.9,0
3166,41,15.882864068922212,9.74,0
3167,40,16.078240757383295,0.06,0
3168,28,15.965573168450124,5.37,0
3169,26,23.75819750786782,5.74,0
3170,49,12.768575909220404,16.56,0
3171,2,20.583170678380714,3.64,0
3172,25,16.168035121600834,4.02,0
3173,3,6.997435103674736,0.73,1
3174,8,10.875738599936911,3.33,1
3175,44,11.964847081520276,12.62,0
3176,33,20.465540072330583,10.07,0
3177,42,21.136489033962885,0.85,0
3178,35,16.7692692538917,1.22,0
3179,6,12.38613360159352,4.73,0
3180,39,10.445094419748813,13.62,0
3181,23,20.687905093308004,17.89,0
3182,25,8.577237955419712,0.15,0
3183,43,14.480548578761919,3.99,0
3184,19,26.822356051600035,5.52,0
3185,5,12.401064059811734,24.21,1
3186,11,8.641508851604431,6.96,0
3187,12,6.172709873509106,3.14,1
3188,10,27.02002211415349,4.94,0
3189,8,16.74313549727773,5.73,1
3190,24,10.654621956992774,11.09,0
3191,28,14.054316904257913,0.42,0
3192,41,11.685220911201757,4.93,0
3193,36,5.682219798535964,10.4,0
3194,37,18.940587167268934,3.33,0
3195,21,15.16906411197404,8.96,0
3196,8,18.524918893589696,4.42,0
3197,9,15.032752434129218,14.22,0
3198,47,15.656226178992753,0.63,0
3199,15,3.825888089803776,25.01,1
3200,48,19.53923876003664,1.88,0
3201,46,9.558451238183656,1.73,0
3202,40,10.839582115427664,18.37,0
3203,18,12.36063847747992,20.35,1
3204,42,4.706582137872575,0.98,0
3205,20,12.087217460683258,23.94,0
3206,6,11.739079441316354,3.19,1
3207,12,13.11083265533664,9.64,1
3208,2,6.494102413798103,0.71,1
3209,7,19.63854441780653,4.79,0
3210,16,16.990282890977863,5.99,0
3211,3,10.67979902320482,9.16,1
3212,45,12.092267938564248,7.45,0
3213,3,19.190741643865493,6.19,1
3214,27,13.712624844398903,32.1,0
3215,43,8.797320853981317,2.05,0
3216,40,14.582040649575623,1.72,0
3217,38,9.560784841042182,12.5,0
3218,33,11.460634129387635,0.77,0
3219,28,14.746879504887051,6.6,0
3220,1,20.276057324528296,6.62,1
3221,8,25.11662372115041,3.71,0
3222,37,21.813078106911526,26.66,0
3223,32,14.640718805988012,3.32,1
3224,48,26.286749005960885,3.4,0
3225,43,17.791346721841443,2.67,0
3226,37,10.101557303431338,1.58,0
3227,4,15.472749261614284,4.53,1
3228,30,11.715416765620619,11.42,0
3229,6,8.760470368360576,13.55,1
3230,46,9.128881112708951,16.79,0
3231,19,14.263829109127787,2.2,0
3232,32,18.77102995306704,0.36,0
3233,9,20.341016278979506,36.76,0
3234,12,8.776410416543095,0.14,1
3235,11,13.483706587894565,32.36,1
3236,46,17.432953398675284,17.65,0
3237,16,15.759292978758051,24.31,0
3238,1,18.472731835234477,4.9,1
3239,45,12.826531476095713,2.2,0
3240,21,21.364576175525812,9.33,0
3241,30,14.978789890954806,13.52,0
3242,13,18.788620678606037,1.4,1
3243,34,13.096131426964487,15.98,0
3244,4,15.291954717692539,2.34,0
3245,28,7.019870742857623,6.77,0
3246,38,10.816223649790146,19.41,0
3247,31,13.962681557335394,2.15,0
3248,27,15.500307716335158,2.77,0
3249,5,28.406007755907858,0.65,1
3250,25,13.090500035868937,1.59,0
3251,3,8.116798839996378,1.58,1
3252,33,23.512423597274616,2.27,0
3253,4,20.39418875514216,3.37,1
3254,25,9.217438982970684,16.87,0
3255,20,17.326310349396547,24.74,0
3256,34,19.176032116647583,5.21,0
3257,26,15.819125567498581,1.37,0
3258,5,16.629109601989214,2.53,0
3259,35,11.838719158704398,13.33,0
3260,28,17.518946661112036,11.31,0
3261,29,12.543228602094024,34.18,0
3262,9,1.773029271529861,0.15,1
3263,38,15.981329860330552,13.89,0
3264,6,6.620253427261691,7.05,0
3265,19,20.067470817288633,23.3,0
3266,44,9.345899282823833,8.58,1
3267,11,2.7349789553981623,5.92,1
3268,2,6.153544195718435,10.96,1
3269,47,14.792616708557073,17.93,0
3270,44,15.932539061200346,3.32,0
3271,44,7.936815918448003,1.14,0
3272,9,9.638058726288596,5.67,1
3273,21,14.959655560568093,2.41,1
3274,24,19.861138789853158,5.61,0
3275,34,8.94958909631056,47.16,0
3276,22,16.895876312589472,8.54,0
3277,3,6.306546855104276,11.83,1
3278,12,16.57944368352267,11.33,0
3279,28,18.778960405279715,17.19,0
3280,30,17.62103305361253,28.85,0
3281,26,19.971988903438486,10.75,0
3282,48,19.638712002644212,6.46,0
3283,21,24.2346590797506,3.82,0
3284,28,15.543092095295432,4.47,0
3285,26,24.249456928485216,4.07,0
3286,33,10.279504549567086,3.92,0
3287,21,13.973291281392628,11.86,1
3288,35,14.424984134799665,8.86,0
3289,34,9.78607770404919,2.26,0
3290,41,3.196705663929402,34.94,0
3291,47,19.346491809058254,5.58,0
3292,18,10.350329230486707,8.35,0
3293,11,12.99585496358527,12.13,1
3294,23,22.922926323853474,9.51,0
3295,48,17.86042537736406,3.73,0
3296,22,23.701057273675136,15.98,0
3297,17,15.602655170481365,1.17,1
3298,5,17.777463636488545,8.42,0
3299,44,13.79664221249875,3.19,0
3300,11,10.756518506117391,9.56,1
3301,30,17.75896477067656,2.46,0
3302,15,12.820493950847549,14.79,0
3303,27,18.22260983121862,2.58,1
3304,35,12.147654910058904,22.11,0
3305,33,14.123083736572415,19.77,0
3306,20,14.52358747349712,4.5,0
3307,16,20.384825125228296,4.87,1
3308,34,12.878256793871314,12.09,0
3309,2,20.934950597963088,0.95,0
3310,35,10.475741297996995,0.84,0
3311,40,16.349287958348036,1.47,1
3312,28,11.561996862056056,8.27,0
3313,47,20.578729111198548,1.61,0
3314,39,10.906682522322399,3.25,0
3315,6,11.416336280889162,10.41,1
3316,9,8.7184878325238,0.16,0
3317,20,15.515203072430108,1.99,0
3318,1,17.95524352424675,26.58,1
3319,8,17.415645918453986,10.89,0
3320,23,14.278810200314725,3.65,0
3321,3,11.69729434231341,0.46,1
3322,4,13.60660041146052,8.82,0
3323,25,13.797352385323984,2.52,0
3324,47,16.26305213711,32.23,0
3325,38,15.919264052366122,11.61,0
3326,15,23.698595372921744,36.54,0
3327,21,15.198180325407415,18.9,1
3328,35,16.80400484232605,6.6,0
3329,46,15.357279032026309,11.07,0
3330,14,13.366332200173352,16.72,1
3331,36,16.770372505069727,8.63,0
3332,12,12.89669703025791,0.63,0
3333,17,14.708913743563244,6.36,0
3334,39,20.796342692388517,1.4,0
3335,9,12.573202858537606,12.55,1
3336,35,16.936719678765336,11.41,0
3337,13,2.5932544875686823,49.49,1
3338,15,14.073280446715588,9.91,0
3339,18,12.539406351542418,16.1,0
3340,33,15.601302171511552,3.12,1
3341,6,13.81881611834027,4.16,1
3342,27,15.707588875371902,24.89,0
3343,23,13.106668569860245,14.07,0
3344,27,16.931673495579226,10.65,0
3345,34,6.426789992565553,2.93,0
3346,46,15.557061480402147,11.99,0
3347,38,10.314603750917126,21.78,0
3348,14,20.839332716370336,2.62,1
3349,36,10.233930070600188,12.25,0
3350,8,19.976103420100227,5.0,1
3351,35,14.942336794026339,1.26,0
3352,19,5.85618588422353,14.42,0
3353,30,10.61866325409438,1.83,0
3354,14,19.239005120646596,2.92,0
3355,20,18.95504412424794,15.28,0
3356,49,8.503246136347924,13.55,0
3357,25,22.814278628212925,2.93,0
3358,40,14.87717896495058,28.3,0
3359,24,19.424228271004807,2.42,0
3360,14,8.940793252284248,50.55,0
3361,26,12.720254919134678,13.39,1
3362,38,17.079521351289273,4.98,0
3363,23,13.434182735021846,1.4,0
3364,22,1.0,3.86,0
3365,48,14.046088315035721,2.15,0
3366,19,5.176509277872292,9.72,0
3367,46,9.646537292047375,4.41,0
3368,3,7.985661036272441,3.5,1
3369,42,20.662777285416027,14.15,0
3370,19,22.23177552471911,2.62,0
3371,9,16.707819658754048,8.84,0
3372,28,13.84965649013903,2.16,0
3373,20,15.141693897417976,12.55,0
3374,45,20.65927417508047,9.81,0
3375,7,5.082858533436468,16.0,1
3376,14,9.62449054760923,0.71,1
3377,9,20.020212013959814,2.36,0
3378,19,21.061354890489667,1.68,0
3379,47,17.94860650006679,2.11,0
3380,14,9.775142170741022,1.09,0
3381,38,19.947744905367188,8.26,0
3382,36,21.807163456394257,9.0,0
3383,40,18.591251337520955,18.55,0
3384,17,2.5299517840968164,5.41,0
3385,30,15.622974044579884,7.6,0
3386,9,17.926200321459078,47.45,0
3387,33,12.421913348388678,7.59,0
3388,25,15.93338462048795,8.52,0
3389,14,12.43270419321914,55.01,1
3390,11,10.692033020566269,51.38,1
3391,35,22.552954086267192,5.52,0
3392,41,16.07534335126133,10.08,0
3393,14,9.470101769166517,6.55,1
3394,30,8.116999842305923,12.76,0
3395,41,10.69508947329069,27.87,0
3396,4,10.722133126211814,3.71,1
3397,4,15.732651390106687,17.09,0
3398,28,17.42778361094413,10.64,0
3399,8,17.422434249169754,3.29,0
3400,2,11.249440064226043,15.96,1
3401,41,19.603153572917577,5.57,0
3402,46,21.139221575682267,1.28,0
3403,22,13.700183164903281,50.23,0
3404,41,9.83964601438988,5.55,0
3405,16,15.501412572708725,7.8,1
3406,29,25.800381240315836,16.5,0
3407,49,9.708512160622236,32.41,0
3408,48,12.36918348516585,20.63,0
3409,30,15.287170301488175,7.45,1
3410,12,17.70832012257969,7.89,0
3411,35,5.072100032397028,3.3,0
3412,11,21.52943847150087,6.21,0
3413,46,21.4614597434071,29.34,0
3414,21,12.876031796046359,12.98,0
3415,21,28.53309146666131,0.12,0
3416,5,21.13852691462896,1.24,0
3417,48,20.872249664941037,25.75,0
3418,20,20.93776594890506,18.89,0
3419,37,20.7935802935402,6.66,0
3420,3,14.890452558588603,9.6,0
3421,44,14.395200024335734,3.42,0
3422,33,10.282149661399192,15.74,0
3423,9,12.113141148851561,9.25,1
3424,9,13.445511588572405,11.87,0
3425,4,15.327300250948834,4.7,1
3426,35,22.991480237517518,5.63,0
3427,17,4.487525892869275,2.33,0
3428,34,21.724671380388067,29.58,0
3429,24,9.940620107369071,29.29,1
3430,32,14.477400782781068,17.02,0
3431,1,11.378010717691993,27.42,0
3432,8,24.271384547328317,10.95,1
3433,45,12.500211145170478,2.67,0
3434,23,17.607239633146058,14.28,0
3435,47,17.866333391381172,3.93,0
3436,40,9.199966249397203,5.81,0
3437,12,14.516148239307798,3.21,0
3438,12,21.021631315535252,5.51,0
3439,46,10.633825945785087,11.37,0
3440,47,19.144828047406342,1.17,0
3441,15,13.344600143495361,1.11,0
3442,41,20.81827011518302,11.51,0
3443,19,23.737484709445948,15.12,0
3444,26,4.9608005016777525,8.02,0
3445,29,8.309324549455095,2.0,1
3446,22,12.80745193135119,5.63,1
3447,40,22.327122104221406,14.2,0
3448,21,17.662330273339716,11.58,0
3449,38,8.776242005144269,1.16,0
3450,20,18.394601627212484,34.79,0
3451,29,10.431326336991063,2.53,0
3452,4,19.35265967107678,2.49,0
3453,7,17.69482498676995,6.16,0
3454,28,10.409440927875838,3.96,1
3455,28,14.670227832390527,41.34,0
3456,4,21.123418807946276,0.8,0
3457,22,5.539813464183737,3.66,0
3458,12,16.505544035593577,4.82,1
3459,45,9.46550339058179,6.8,0
3460,3,14.919061953755955,0.17,0
3461,22,17.2888111842864,0.86,0
3462,44,25.065844869641705,2.98,0
3463,2,14.868511095809898,8.07,1
3464,24,22.32762829610963,14.6,0
3465,34,10.797509066254971,11.6,1
3466,27,12.524899685082616,8.37,0
3467,41,17.935292979243414,5.06,0
3468,1,16.008805242034807,20.46,1
3469,8,13.35790559086349,6.16,0
3470,23,13.222427771561572,3.56,1
3471,38,21.666472779592503,9.92,0
3472,6,13.557789144862133,11.78,1
3473,22,9.895753396419515,5.08,0
3474,25,10.725621878711394,0.29,0
3475,18,18.349505678408082,0.99,0
3476,17,26.28261225606227,18.68,0
3477,12,12.380086583510082,0.58,0
3478,6,25.743127626783817,8.97,1
3479,26,14.945796162200878,2.03,1
3480,27,13.600938850101825,2.6,0
3481,8,10.448614641841239,3.19,1
3482,19,14.00993099875425,0.39,0
3483,42,11.219296799239807,1.95,0
3484,1,10.818095879946581,10.51,1
3485,29,6.739748661971687,6.91,0
3486,45,23.830583423248065,15.96,0
3487,49,20.32192970766989,0.63,0
3488,35,16.358001838112475,21.97,0
3489,40,14.279920191579594,56.26,0
3490,14,14.972098511166013,0.16,0
3491,35,11.115455355538142,34.31,0
3492,48,9.330742500077172,2.69,0
3493,45,18.58707056615454,11.79,0
3494,20,13.688886524538702,3.46,1
3495,49,16.628678565144455,7.38,0
3496,13,6.687805181884066,7.14,0
3497,38,13.422855990126651,4.48,0
3498,49,9.233200977812766,12.64,0
3499,46,17.42027876172468,9.15,0
3500,49,19.976389262885927,7.1,0
3501,8,22.298496946069093,40.65,1
3502,43,11.855101335270708,28.14,0
3503,20,9.360504539838155,31.11,0
3504,33,12.907031960138662,21.31,1
3505,26,11.503435389931438,2.95,0
3506,39,17.156166880732187,4.31,0
3507,21,7.986088539370489,2.63,1
3508,49,6.228024688596301,42.81,0
3509,42,13.267758513213128,1.66,0
3510,43,18.63253032199712,4.57,0
3511,41,9.862716544546902,2.22,1
3512,9,19.245566478032046,2.53,0
3513,24,16.82668867013467,2.84,0
3514,37,22.73397793369687,10.21,0
3515,49,10.988726667814554,0.79,0
3516,41,6.967640666015688,8.5,0
3517,17,17.992708801075544,17.11,0
3518,24,16.3993726892238,14.55,0
3519,21,16.012490035972597,1.64,1
3520,39,9.760861478728588,24.62,0
3521,41,18.875753036628318,14.7,0
3522,39,11.832870964624643,0.05,0
3523,13,16.01030239338316,13.37,1
3524,11,12.702159441245291,13.37,0
3525,46,16.771907951421678,6.87,0
3526,19,9.024347743425052,0.47,1
3527,11,17.498391536229967,8.67,1
3528,13,18.287946297619715,14.51,0
3529,46,15.579890791413485,3.16,0
3530,45,23.21948362600847,11.0,0
3531,1,16.035801604061902,4.37,0
3532,40,19.593768800183344,8.53,0
3533,44,15.462083988995238,4.85,0
3534,19,19.14699432002361,3.62,0
3535,12,7.3334784216928774,19.37,0
3536,8,15.164723986875433,14.02,0
3537,8,9.365323186008192,4.24,0
3538,45,15.702135978058923,5.7,0
3539,12,16.920963550050363,11.77,0
3540,48,19.037488065229272,16.66,0
3541,33,17.449549632027907,11.53,0
3542,45,13.315735176114298,7.79,0
3543,26,11.232022558195949,30.88,0
3544,39,3.2873825012916864,14.88,1
3545,28,15.344262889252759,1.23,0
3546,5,20.68930857154517,8.17,0
3547,8,15.541967333240972,5.27,0
3548,25,14.576241543858943,15.84,0
3549,27,15.715286442747054,0.46,0
3550,46,13.061453000284516,5.29,0
3551,23,15.974839429202774,3.83,0
3552,30,12.975181693437044,1.52,0
3553,45,10.505593004892095,4.76,0
3554,47,14.623507026790422,11.17,0
3555,23,14.514485296926662,4.49,0
3556,49,24.375850435631435,8.68,0
3557,47,10.971550034989443,8.98,0
3558,20,14.202791479909987,8.85,0
3559,18,13.716673368192396,7.54,1
3560,18,12.761585837097794,1.24,0
3561,2,17.565526195533256,2.46,0
3562,4,26.18981508912109,16.1,0
3563,30,13.395864016646954,6.98,0
3564,33,17.579472458097694,12.24,0
3565,36,5.438140045263943,8.44,0
3566,18,13.032352350079842,0.39,1
3567,37,22.776205698061,15.91,0
3568,19,14.725098032760096,0.66,1
3569,47,17.51170007504646,28.68,0
3570,28,11.886244319354056,2.43,0
3571,40,16.287785959282324,7.18,0
3572,20,23.163881233930407,0.66,0
3573,49,9.199585188654488,22.53,0
3574,33,25.932712525878948,39.09,0
3575,12,7.27027909052979,1.58,0
3576,15,12.572490782572459,3.51,0
3577,41,10.820414076102074,0.16,0
3578,39,13.637695091163783,15.46,0
3579,2,10.755485623379627,3.73,1
3580,29,10.376401682535256,8.89,0
3581,41,9.066266972441896,0.4,0
3582,10,18.2202681427811,12.57,1
3583,2,13.810210020297099,7.54,1
3584,11,12.50244790150246,12.91,0
3585,13,16.411284552910804,15.59,0
3586,10,7.526822444547202,0.93,0
3587,14,16.531862719831732,8.63,1
3588,18,14.53115299489377,10.5,0
3589,9,14.68481084985386,7.27,0
3590,39,17.595833754534727,2.01,0
3591,28,23.217620043967457,15.88,0
3592,3,16.614873709774294,59.75,1
3593,20,14.000627460976087,34.83,0
3594,6,9.086778062120327,15.03,1
3595,27,3.045910371831118,5.41,0
3596,2,15.639420835814311,4.11,0
3597,29,8.701833299095664,0.71,0
3598,38,2.2986827287392693,5.38,0
3599,3,13.245647884503713,1.7,0
3600,16,16.19740867880939,2.93,1
3601,30,18.721519082679706,22.25,0
3602,40,20.306253568022612,34.59,0
3603,2,19.37856081797524,29.67,0
3604,17,19.512875148020335,2.15,0
3605,41,7.659649937056735,23.12,0
3606,12,14.252021812966209,1.53,0
3607,35,17.899177832973063,7.09,0
3608,43,15.231873075726503,10.32,0
3609,1,14.224253617087497,6.21,1
3610,45,15.140450099561544,30.33,0
3611,15,16.22766999104575,4.05,0
3612,26,14.615531472821697,7.49,0
3613,37,10.768603212954666,0.78,0
3614,21,6.48587946431188,19.12,1
3615,49,13.979864192643788,5.33,0
3616,31,15.287413771526372,12.06,0
3617,25,15.232897907379709,11.46,1
3618,23,19.764605317911055,11.28,0
3619,24,20.65303150511463,7.07,0
3620,38,14.479885981153785,3.25,0
3621,28,14.515675817515955,9.81,0
3622,21,17.865642997853254,32.65,0
3623,43,17.132741897589874,17.95,0
3624,18,12.787208990993328,1.15,0
3625,36,18.29506918069388,0.23,0
3626,35,14.26812795525259,6.91,0
3627,45,14.374446306498863,14.95,0
3628,9,17.1680689754432,3.77,0
3629,38,13.494166901283716,12.08,0
3630,30,15.473362537450017,26.87,0
3631,44,16.487721532207747,6.14,0
3632,34,19.085892797331052,2.8,0
3633,32,18.740702901376377,24.98,0
3634,3,16.33522238384165,6.39,1
3635,3,1.9561563277990537,5.24,1
3636,28,16.216754098606014,4.36,0
3637,44,16.989429644729555,5.5,0
3638,15,18.004644235651888,11.2,0
3639,41,10.21987518633976,5.69,0
3640,23,4.389619737900539,3.92,0
3641,40,19.030850053918332,13.61,0
3642,11,8.877367032685214,2.27,1
3643,48,21.110847721589078,2.26,0
3644,32,12.10674057095585,11.92,0
3645,36,9.864135208240485,20.15,0
3646,33,16.748109862679932,2.76,0
3647,24,18.080880425021935,2.12,0
3648,39,17.78289011037789,11.1,0
3649,34,17.508052029679554,9.7,0
3650,28,11.461048463733503,5.93,0
3651,37,7.365451018564025,1.01,0
3652,7,13.051678023504413,0.96,0
3653,4,9.271461059922556,15.02,1
3654,37,17.162743424497183,6.01,0
3655,1,19.3712390540854,19.52,1
3656,1,15.863483250594012,8.55,1
3657,47,14.995275927802922,9.64,0
3658,20,13.447837107441341,27.21,0
3659,19,19.901746347693976,1.8,0
3660,29,5.84765630677833,7.83,0
3661,10,8.969244800015877,0.6,1
3662,18,24.13366651366793,4.45,0
3663,28,8.725203145981665,1.6,0
3664,35,17.65518416235039,2.08,0
3665,43,18.6839505415846,27.3,0
3666,47,5.368744644091681,9.43,0
3667,31,6.328510619316678,22.27,0
3668,27,21.3235717029845,5.86,0
3669,11,10.135281673726297,9.1,0
3670,49,10.271841901175897,0.33,0
3671,49,12.395619258254413,6.34,0
3672,38,10.147589784103413,8.3,0
3673,5,17.631338393389147,0.17,0
3674,8,9.0898122047158,15.58,0
3675,34,5.171197359462639,3.5,0
3676,48,20.78178258595392,6.02,0
3677,12,9.335446169035146,7.67,0
3678,38,11.239906166665351,48.53,0
3679,1,19.14928967311227,1.04,0
3680,31,15.351219442108064,8.1,0
3681,4,20.561706293051667,7.56,1
3682,49,19.225710524933668,0.71,0
3683,45,12.732846771707717,10.05,0
3684,5,20.109599412430086,3.38,0
3685,30,15.838865738965278,1.1,0
3686,24,12.008060456548275,1.97,0
3687,3,16.45200811484257,17.35,1
3688,11,8.452687400787532,1.1,0
3689,45,19.169238512376953,6.29,0
3690,4,18.52059394173903,2.17,1
3691,26,15.60179220741918,1.77,0
3692,27,5.408634875480093,2.3,1
3693,46,20.772023935592244,6.79,0
3694,43,17.18546342128729,2.72,0
3695,27,14.885208265610576,1.02,0
3696,42,14.096667604104798,16.16,0
3697,6,12.316403863471985,7.76,1
3698,15,13.277646187399391,1.71,0
3699,30,18.846083464475697,6.38,0
3700,42,12.416369785554897,0.71,0
3701,37,13.628489286017938,8.69,0
3702,37,14.36203361846581,4.16,0
3703,42,14.499013693899695,1.09,0
3704,37,11.910940418868226,2.03,0
3705,35,14.149002780608013,4.24,0
3706,23,16.71656972950577,16.42,0
3707,6,10.475977000994016,1.91,0
3708,4,14.17214691359019,1.16,0
3709,18,24.6549210356055,7.26,0
3710,9,14.684278298976285,8.18,0
3711,49,10.347884775690105,0.95,0
3712,29,9.762940913535756,3.35,0
3713,13,8.67402463983654,3.05,0
3714,47,23.135582808361285,2.06,0
3715,17,20.04011194858173,3.79,0
3716,45,8.551874662878928,0.38,0
3717,32,16.0685314716912,10.54,0
3718,48,21.12418029351454,44.64,0
3719,22,14.79765944296265,10.05,0
3720,4,12.541929986360323,4.48,1
3721,5,26.20449824239176,11.02,0
3722,37,5.473275881705733,8.48,0
3723,41,28.16290386665077,18.76,0
3724,49,15.29999604428253,9.73,0
3725,13,21.452150651472586,10.05,0
3726,34,8.996934103588373,2.51,0
3727,45,11.372078509753445,5.37,0
3728,22,9.600216286400997,4.22,0
3729,23,14.494844104954376,0.11,0
3730,3,16.538630700543802,3.76,1
3731,42,20.33400998301311,6.66,0
3732,34,6.442722008156155,9.16,0
3733,32,15.784419688710445,27.27,0
3734,45,19.474544339746544,2.73,0
3735,49,20.410929855821653,1.65,0
3736,21,12.79740359188286,20.36,0
3737,46,12.859619013184428,28.45,0
3738,44,14.539877300824264,6.69,0
3739,21,15.930263522051284,1.22,0
3740,44,21.51298905812456,6.64,0
3741,11,8.949521862714933,1.16,0
3742,39,11.068731381967254,21.47,0
3743,4,8.34294344677284,12.32,0
3744,1,17.138770425191723,2.76,1
3745,28,20.506840961306903,21.78,0
3746,24,7.895166228148604,10.16,1
3747,35,15.44351653448102,30.63,0
3748,13,20.14501619989081,39.36,0
3749,47,18.92273401476516,0.03,0
3750,34,18.863769289325784,1.28,0
3751,11,9.050622885533759,7.92,1
3752,36,18.847172054590672,31.2,0
3753,17,14.070372411574944,51.56,0
3754,35,20.3508090727714,8.38,0
3755,18,17.245832776173664,1.91,0
3756,40,10.922496183451596,1.78,0
3757,22,16.39405977777253,14.43,0
3758,24,19.092580302262064,8.96,0
3759,19,12.468179654609163,7.96,0
3760,37,15.644009960604732,6.27,0
3761,39,8.316952115255093,12.91,0
3762,21,17.745159673153395,19.52,0
3763,8,14.718681431869753,3.61,0
3764,28,19.57043196314764,2.5,0
3765,5,17.604334029386898,11.09,1
3766,17,12.964134030308921,24.62,0
3767,37,10.768155558247301,4.28,0
3768,36,9.617999163371582,3.18,0
3769,19,12.462890002756218,2.56,0
3770,27,19.43548351392879,2.94,0
3771,34,6.2186632314801,1.45,0
3772,11,9.821376111805346,9.08,0
3773,45,19.294997133285204,3.3,0
3774,47,21.64476134875708,9.54,0
3775,12,10.084206583881379,0.87,1
3776,21,9.765954636092165,1.23,0
3777,11,22.03580119785952,7.68,0
3778,39,14.382027902163092,7.16,0
3779,28,10.527288104364224,3.17,0
3780,5,20.2230894469431,17.55,0
3781,17,17.517403983019996,2.07,0
3782,20,18.68327013317652,4.47,0
3783,41,10.787802091201598,8.11,0
3784,46,16.874126705396524,20.19,0
3785,12,21.231430804615798,5.42,1
3786,6,18.203971803241092,5.08,1
3787,17,19.599349591765446,8.66,1
3788,19,22.01571274981451,3.81,0
3789,26,17.138348598776776,12.35,0
3790,48,12.174395363087505,2.86,0
3791,44,19.385555767659767,17.33,0
3792,44,9.47147324549688,3.18,0
3793,32,13.888402530611456,49.2,0
3794,6,17.9403961456458,3.8,1
3795,36,1.0,21.11,1
3796,38,16.262316826732338,5.06,0
3797,11,16.49813035963905,2.82,1
3798,33,9.320325392188614,2.56,0
3799,24,16.62930295874657,18.98,0
3800,23,15.949742506280286,3.69,1
3801,15,15.169858901918204,4.13,1
3802,27,20.947169018809216,2.19,0
3803,11,19.394546782586012,32.53,1
3804,17,18.199914253566707,2.81,0
3805,14,9.878892353785684,2.84,0
3806,27,14.91329332408142,28.81,1
3807,18,20.922173698529498,23.12,1
3808,28,13.926690891593536,2.86,0
3809,47,22.771310097067854,20.0,0
3810,47,18.345967032007508,2.87,0
3811,4,23.54780281446122,0.88,1
3812,7,9.663338885076046,17.17,0
3813,45,14.226712306876466,14.76,1
3814,35,14.699344884959741,3.49,0
3815,48,18.030866532176017,0.94,0
3816,9,11.30701209058744,2.31,1
3817,8,6.961964799817608,14.74,1
3818,45,16.890988534892294,33.45,0
3819,17,13.167633760399664,3.0,0
3820,17,12.646514790999161,17.05,1
3821,49,11.535955423193682,2.59,0
3822,33,15.619443789253712,11.38,0
3823,32,9.615712355229284,0.87,0
3824,8,14.029021264826532,8.8,0
3825,19,10.85643509206089,3.14,1
3826,38,11.954112930067806,26.02,0
3827,3,16.76905092386479,3.42,1
3828,5,18.257049310513978,5.08,0
3829,13,13.469475366807789,18.37,0
3830,47,19.839151967527684,5.77,0
3831,46,10.136432045314447,2.72,0
3832,31,7.400506974998397,7.93,0
3833,16,8.318374067420962,18.33,1
3834,32,9.62296603943079,5.68,0
3835,22,8.435533829418603,1.43,0
3836,29,25.10576958948123,4.83,0
3837,22,7.2488960620178755,30.89,0
3838,43,19.687144516984564,0.75,0
3839,3,14.874355754463625,5.25,0
3840,10,16.12300233458955,10.44,0
3841,42,10.471351436447677,0.82,0
3842,21,16.62726362447342,4.23,0
3843,16,10.430407224646508,28.23,1
3844,12,19.613830910142234,0.31,0
3845,2,20.02756738927117,13.93,0
3846,41,14.325690315670393,18.41,0
3847,24,14.653179473228608,3.24,1
3848,35,17.163619497134167,2.42,0
3849,30,16.908047140288936,24.63,0
3850,30,20.12073186566808,14.44,0
3851,47,19.979229626051495,1.2,0
3852,35,14.855795346604422,2.39,0
3853,19,12.613877575225278,9.71,0
3854,8,19.058098939307385,5.44,0
3855,26,14.21857125556283,7.02,0
3856,49,15.568719711432626,30.27,0
3857,40,17.651581119255454,5.45,0
3858,7,19.87778486037679,21.34,0
3859,30,16.30424070954143,10.81,0
3860,7,12.064010270630565,1.3,0
3861,3,23.98505171932225,13.65,0
3862,1,22.65170905771706,7.34,0
3863,36,9.909983213737506,2.55,0
3864,25,10.441142115378163,3.42,0
3865,37,11.06993259070463,8.15,0
3866,1,19.242754458574055,9.21,1
3867,15,24.175715958617502,34.48,0
3868,37,12.468633664143915,19.29,0
3869,13,15.846341789577865,2.3,1
3870,40,11.236970698670401,14.87,0
3871,8,23.500963824414786,0.08,0
3872,5,19.124141709382414,1.39,1
3873,9,10.876822180480701,2.23,1
3874,1,4.488294445238237,9.09,1
3875,36,20.187935288807836,2.17,0
3876,35,12.137575968927864,4.55,0
3877,2,19.21366084605463,2.78,0
3878,40,16.468451684252074,4.12,0
3879,23,5.828519836379741,28.55,0
3880,9,10.96611634096486,59.43,0
3881,34,13.229276563569607,11.57,1
3882,46,11.62105005374336,8.49,0
3883,14,15.580841424426923,12.33,0
3884,4,17.006907230756592,14.77,0
3885,30,23.946799687535403,13.43,0
3886,31,17.361067384382338,0.85,0
3887,38,22.45550532859938,3.71,0
3888,11,12.615916072293526,4.21,1
3889,35,20.826067067568378,4.61,0
3890,8,13.094009547550357,4.22,0
3891,3,10.414915992621893,15.47,1
3892,14,10.203616208943822,13.77,0
3893,13,1.7902237072826601,0.05,1
3894,45,19.27041311470079,3.52,0
3895,32,8.549024818299955,9.77,0
3896,34,22.040726173068585,1.28,0
3897,45,14.128897488397294,0.74,0
3898,19,7.225676259326203,17.63,1
3899,38,9.411349184797622,6.03,0
3900,16,15.953174711571654,19.36,0
3901,2,5.600212637280579,17.35,0
3902,40,17.949725034771816,22.38,0
3903,17,7.4183385597027485,0.49,0
3904,34,11.305118340677383,2.06,0
3905,42,15.993601676874453,3.51,0
3906,16,17.338053450865992,1.46,0
3907,38,18.988598981304687,6.65,0
3908,2,8.467269932434565,16.04,1
3909,2,13.457736034939124,30.2,1
3910,26,20.46499750992062,22.03,0
3911,13,13.458940169919348,6.11,1
3912,47,16.471372256022313,10.12,0
3913,31,15.812196292220342,2.62,0
3914,34,21.506185756455793,5.16,0
3915,39,12.670454029121895,20.49,0
3916,3,8.050255356484822,0.3,0
3917,8,10.160640549320506,7.61,0
3918,23,15.94421989991761,20.62,0
3919,14,7.152296268349714,1.3,1
3920,27,12.277930074662638,40.48,1
3921,29,15.377081964870989,0.12,0
3922,39,11.16703947678296,21.73,0
3923,39,16.63426623876667,4.36,0
3924,1,18.622058811741425,1.42,0
3925,17,17.274542999763373,1.71,0
3926,41,7.262475199738861,12.08,0
3927,30,15.395910937848136,20.46,1
3928,13,15.78721153419375,10.25,0
3929,21,13.095349408937537,26.41,1
3930,19,16.566555064281857,18.48,0
3931,19,16.387122878728036,0.09,0
3932,25,14.545623815685165,11.07,0
3933,22,9.978641609933401,3.63,0
3934,31,14.866895238499337,6.06,0
3935,17,24.334654638372065,0.99,0
3936,23,13.038464854921537,3.31,0
3937,32,20.236527290880034,10.02,0
3938,10,15.194285102838105,2.46,1
3939,10,10.996355123318207,10.43,1
3940,36,13.517016508903097,25.64,0
3941,8,14.915648131459493,0.05,0
3942,20,18.276057331394526,15.41,0
3943,32,26.900227244096644,10.25,0
3944,14,15.273323030071367,0.48,0
3945,28,8.845703843542216,15.61,1
3946,46,6.727112993609079,2.54,0
3947,24,12.891077153358669,3.09,1
3948,15,9.359560500083564,0.98,1
3949,22,17.78953148769632,7.64,0
3950,30,17.826278617532076,6.9,0
3951,4,14.270122838461566,4.26,1
3952,13,18.28693218949802,1.85,1
3953,23,15.32379673884601,18.2,0
3954,8,24.337868976841783,20.91,1
3955,18,18.130624731775168,7.78,0
3956,12,19.478085380741348,2.8,1
3957,31,7.759362945898808,1.01,0
3958,14,9.143822763853809,20.29,0
3959,34,17.394192130522367,1.01,0
3960,18,7.25388245896835,0.13,0
3961,34,11.87762078562449,6.34,0
3962,11,20.89706306544194,13.14,1
3963,41,11.77072100147269,6.12,0
3964,12,8.951336468564447,0.53,1
3965,49,18.337716556529074,11.71,0
3966,15,25.367661230204227,10.28,0
3967,31,10.95677421568731,11.44,0
3968,49,21.120128990714182,2.37,0
3969,29,10.334125167177309,15.88,0
3970,26,14.437661094464934,6.52,0
3971,18,14.654335301494267,7.69,0
3972,32,11.090091299590169,7.89,1
3973,22,19.37697655774069,3.38,0
3974,38,7.301395447379474,2.88,0
3975,17,15.975238050795394,0.05,0
3976,23,20.37082289096464,5.05,0
3977,24,18.96081734622102,6.64,0
3978,8,17.456075303928287,13.58,1
3979,41,22.926496966006688,0.69,0
3980,6,13.901913164596571,25.77,0
3981,5,7.37636925691638,3.06,1
3982,44,15.676034427859767,4.57,0
3983,29,14.371188447226547,0.5,0
3984,28,4.420897144800691,10.59,1
3985,11,9.374493697458064,12.34,1
3986,1,8.73686981841523,26.42,1
3987,43,10.927335372435754,4.11,0
3988,19,13.244128679506536,2.98,1
3989,9,13.43563019397804,12.95,0
3990,27,11.105976356983055,12.27,0
3991,34,8.73030729383164,27.67,0
3992,44,16.887258543795383,2.3,0
3993,4,15.582859306113404,12.22,0
3994,36,15.733357493285206,0.69,0
3995,18,23.895056096671148,6.55,0
3996,15,15.81437026769893,1.27,0
3997,13,13.166711138597503,10.59,1
3998,19,14.470970037894142,9.2,0
3999,49,15.49409610589792,0.5,0
4000,6,18.07896674105682,3.85,0
4001,48,14.776397865786796,5.03,0
4002,12,5.285395497421069,2.85,1
4003,37,12.816259383753867,0.39,0
4004,17,15.007465876817268,3.84,0
4005,23,21.52100782825824,15.73,0
4006,26,11.07052177026807,4.46,0
4007,29,6.823695696896856,3.91,0
4008,33,15.321886032803624,28.43,0
4009,27,19.331184607543562,0.43,0
4010,25,13.032885292988022,14.58,0
4011,10,26.915247435187226,6.6,0
4012,47,25.737490329948194,28.91,0
4013,23,14.637636427255412,5.0,0
4014,21,15.933565784166099,12.31,1
4015,21,21.843657371043214,0.73,0
4016,43,14.55082636434935,26.42,0
4017,13,10.979557413732412,4.22,1
4018,37,19.44465953117631,7.42,0
4019,33,17.32206421217648,1.49,0
4020,24,10.963275939920939,29.11,0
4021,44,16.395820851248796,11.18,1
4022,11,14.199697406958608,0.55,0
4023,17,13.074521543288167,1.69,1
4024,4,11.07080185833079,5.11,1
4025,47,15.607015558112744,2.44,0
4026,25,13.670713165552563,3.63,0
4027,30,16.423532883793644,59.88,0
4028,9,19.09918811032488,10.75,0
4029,21,16.157831847154487,25.54,0
4030,20,16.24342299688163,5.72,0
4031,19,12.294114659162616,12.39,0
4032,19,20.87178007257434,6.16,0
4033,12,10.757353395106165,3.98,1
4034,37,6.940039990959356,7.32,0
4035,42,9.645082596979565,5.57,0
4036,17,20.17131955716436,39.39,0
4037,37,17.29448910099137,6.86,0
4038,48,21.559713114660283,16.67,0
4039,39,8.384742374166821,10.99,0
4040,28,26.601091101337396,6.53,0
4041,41,13.581579073798233,6.43,0
4042,35,6.198282657793042,4.18,1
4043,47,25.978915834878258,1.13,0
4044,48,8.449488692303316,14.33,0
4045,18,13.010521432413935,25.02,0
4046,14,13.97123879780167,2.46,1
4047,35,17.22041571250164,25.99,0
4048,44,11.04348262033318,2.64,0
4049,41,20.196566143878883,7.55,0
4050,7,18.768180847553715,4.21,0
4051,41,15.09533409890233,1.22,0
4052,13,21.621647172307483,0.54,0
4053,18,14.660716395809642,4.55,0
4054,37,13.621770732456465,0.49,0
4055,13,24.99051383329416,1.1,1
4056,36,16.47868021144944,1.53,0
4057,31,10.071743086036657,0.02,0
4058,2,10.748653599015967,1.66,0
4059,16,15.094790703263758,8.61,0
4060,9,3.0100086206881684,17.12,0
4061,9,11.835052673924558,2.15,1
4062,38,14.498030057665593,0.84,0
4063,11,14.164012398411419,13.08,0
4064,22,8.712783761283445,0.08,0
4065,33,12.757421042800676,13.25,0
4066,36,20.899019485826926,1.41,0
4067,45,19.865744151714438,2.59,0
4068,23,15.478081973645121,1.28,1
4069,45,14.655450118045044,2.84,0
4070,45,14.191866257690522,16.0,0
4071,34,16.181550312974615,1.42,0
4072,9,15.51284422337255,51.44,1
4073,24,16.620704854355132,3.96,0
4074,8,17.508970874694278,25.51,0
4075,7,8.944462554063996,2.11,1
4076,36,13.448656541926498,2.08,0
4077,18,15.98956204948099,8.33,0
4078,3,10.170824616382287,0.52,1
4079,28,11.630893228203092,16.14,0
4080,6,13.910516461907152,5.79,0
4081,44,14.155826708817258,12.01,0
4082,44,16.08301393445657,1.92,0
4083,21,10.759846185210225,10.28,1
4084,28,19.840102274473672,9.02,0
4085,40,14.114620547455864,14.09,0
4086,1,15.725988508027001,3.53,1
4087,36,13.15083779159389,27.06,0
4088,21,16.178253750962565,32.52,0
4089,43,23.35610579720315,20.26,0
4090,35,13.104405786935367,8.49,0
4091,13,12.277518227901565,5.45,0
4092,49,10.849222225111589,0.6,0
4093,10,14.701890751584354,29.42,1
4094,44,14.643981598651424,30.32,0
4095,47,15.25721507299091,0.19,0
4096,10,17.34127939868158,4.41,0
4097,46,16.71084053523703,21.21,0
4098,13,14.887392592336465,0.84,0
4099,37,24.769007840194558,2.19,0
4100,38,18.45340142046036,38.48,0
4101,24,9.553700285796692,18.79,0
4102,2,7.273990071188699,24.31,1
4103,22,11.521754372327916,1.53,0
4104,17,15.763291900250639,2.37,0
4105,36,11.102501720161078,9.3,0
4106,14,11.861863775967239,6.97,0
4107,10,15.130335192882422,3.55,0
4108,35,13.290136705568614,21.53,0
4109,25,4.761496287657716,23.17,0
4110,3,20.385882642461937,3.45,1
4111,47,19.224784454534156,1.69,0
4112,38,8.574395708434839,1.61,0
4113,17,15.28445549828936,6.62,0
4114,12,9.417242348566555,1.43,1
4115,24,11.956017100725127,6.41,1
4116,29,17.430764754276762,6.2,0
4117,43,19.050235587000262,21.55,0
4118,25,18.933214695730825,3.51,0
4119,36,16.224196020499765,8.22,0
4120,26,21.376028682162225,13.61,0
4121,38,11.94719150285309,9.06,0
4122,1,13.05685418155351,30.81,0
4123,20,2.0268605837732885,9.22,0
4124,28,14.534717410841557,23.21,0
4125,16,17.898467320182846,2.81,0
4126,47,16.42629806004451,8.23,0
4127,17,11.879898233783251,7.84,1
4128,40,19.222628031572675,45.52,0
4129,28,14.630846238102368,2.29,0
4130,12,18.832133560043506,1.52,0
4131,27,17.430748425531313,9.46,0
4132,42,22.122544794515143,2.53,0
4133,47,16.69681681283102,10.19,0
4134,30,18.04971336467141,35.93,0
4135,41,14.616414556474483,29.28,0
4136,34,12.485549249605027,2.63,0
4137,37,17.453661037801822,1.87,0
4138,6,22.513653487698544,8.23,0
4139,7,11.920596760385095,8.84,1
4140,32,13.759318356062062,10.85,0
4141,32,15.133252176088373,13.53,0
4142,25,18.42448154970857,9.19,0
4143,33,16.72728991444081,1.19,0
4144,7,19.565315782166998,15.61,0
4145,12,24.869547378205727,0.83,0
4146,16,11.805493450069019,0.2,0
4147,16,18.048644890726948,14.68,0
4148,43,16.60319889093585,7.95,0
4149,36,15.095201087139749,11.99,0
4150,13,18.030426118383915,4.82,1
4151,7,13.665984898007938,0.11,1
4152,36,16.615228658234937,4.02,0
4153,47,8.473537851430255,9.37,0
4154,9,12.305923609470886,2.56,0
4155,32,20.237604070548816,11.64,0
4156,11,20.045414913022103,15.82,0
4157,8,16.297166483590928,6.06,1
4158,33,12.734751228051271,20.85,0
4159,23,19.126329148424716,19.3,0
4160,25,21.182436907483186,21.04,0
4161,8,12.938165650544937,10.82,0
4162,45,7.724901566740922,3.64,0
4163,22,17.2456746272701,6.56,0
4164,4,19.568841387037217,12.4,0
4165,40,17.937417631690384,2.36,0
4166,3,22.8253959861497,13.43,0
4167,29,22.84650332764072,7.94,0
4168,41,13.473013516765832,1.01,0
4169,29,15.994971927885597,8.15,0
4170,34,12.51732578993478,0.69,0
4171,34,9.88968151696338,0.14,0
4172,28,10.182803475990049,22.04,0
4173,13,18.585106766315217,6.73,1
4174,15,16.514437603432214,7.84,1
4175,23,19.449804202504197,3.28,0
4176,44,27.658107049832296,7.83,0
4177,26,17.499338016206988,1.85,0
4178,4,11.060397104498012,13.69,1
4179,26,20.175634103374794,17.34,0
4180,40,10.967438538294456,19.37,0
4181,9,23.741684423923715,1.13,0
4182,5,5.142754206639946,8.16,1
4183,32,12.267255248321183,16.54,0
4184,20,18.1106913655549,1.37,1
4185,11,20.88760496912272,1.05,0
4186,15,11.615084368549088,16.98,0
4187,32,10.708710160733382,15.93,0
4188,28,15.741835958181888,5.95,0
4189,22,24.544969251161927,1.16,0
4190,41,7.308111833340934,7.26,0
4191,17,13.429399514137668,5.02,0
4192,26,16.30092509862893,7.31,0
4193,44,11.020253183794,5.8,0
4194,7,11.003068911450356,8.41,1
4195,42,13.83304192695774,12.99,0
4196,26,16.463549130247372,14.91,0
4197,25,14.024691767516689,10.47,0
4198,10,22.327828261829826,2.22,0
4199,45,17.96301889200875,5.06,0
4200,19,16.91582011607536,0.74,0
4201,11,20.138268096541857,6.01,0
4202,13,17.004014457074614,35.18,1
4203,8,12.784066863492662,10.26,0
4204,40,13.684237734528088,1.68,0
4205,4,9.352818931942899,3.13,1
4206,47,25.024390932705384,0.67,0
4207,31,19.653619848670317,2.01,0
4208,28,2.202091234247522,6.69,0
4209,11,21.665642163214958,4.23,1
4210,43,7.67033679779693,2.28,0
4211,1,17.6033448898814,1.59,1
4212,49,3.9798712324432923,10.67,0
4213,47,12.859353293517135,8.17,0
4214,38,21.704667538709195,18.49,0
4215,24,21.98316943309718,2.02,1
4216,47,16.53387696401984,18.84,0
4217,31,18.937323966189282,8.63,1
4218,41,7.932148870957938,3.1,0
4219,46,17.691666363349988,3.2,0
4220,26,19.254853716409198,4.95,0
4221,49,27.848729188500695,6.16,0
4222,5,11.883903501592874,0.86,1
4223,20,15.081514085140556,18.45,0
4224,41,15.390575558260524,1.3,0
4225,11,18.492918668881018,6.61,1
4226,33,19.402553441078176,4.83,0
4227,38,20.304575558949328,7.18,0
4228,27,19.939810796564057,21.85,0
4229,34,7.594408537446416,45.18,0
4230,15,1.9340155984214924,0.2,1
4231,32,12.428118064584824,5.0,0
4232,21,14.82291577696805,17.02,1
4233,46,11.933661203565503,3.95,0
4234,5,12.701509284994497,10.47,0
4235,6,13.318752861298996,48.61,1
4236,38,17.88720499709685,10.41,0
4237,22,9.83153972480485,1.18,1
4238,18,14.61086115019637,18.51,0
4239,14,14.6491319189048,34.01,0
4240,10,17.77349669254243,12.47,0
4241,46,20.809524198564517,5.43,0
4242,13,23.420536990606976,29.64,0
4243,31,11.270046097892783,34.6,1
4244,30,5.000126947177536,27.35,0
4245,3,13.790358856323568,5.31,1
4246,30,7.056915708500768,15.59,1
4247,6,28.67288454628486,10.62,0
4248,29,10.635597405784846,1.98,0
4249,8,17.819168828263656,7.67,0
4250,44,19.670330533372145,13.77,0
4251,45,16.703111641190016,22.63,0
4252,43,25.383601756545996,19.85,0
4253,44,13.987594299420946,1.68,0
4254,33,10.825591213142577,6.69,1
4255,17,10.566876939243707,6.51,0
4256,48,18.75002847301841,22.9,0
4257,11,14.051008768674713,0.02,0
4258,13,10.567555052983913,13.42,0
4259,11,17.20652607761786,9.64,1
4260,31,18.546246125441566,25.46,0
4261,28,16.356525931431054,6.1,0
4262,44,19.497981961678036,10.72,0
4263,6,15.440493064251566,36.03,1
4264,41,12.0318733140937,13.62,0
4265,16,19.057000357557552,0.7,1
4266,4,10.54955873235832,1.83,1
4267,35,9.355573264000117,17.23,0
4268,48,20.779748246003326,4.08,0
4269,26,13.260760144917038,12.24,0
4270,12,23.32841954722486,12.03,0
4271,11,19.28297393363303,50.67,0
4272,37,12.880806430495804,6.35,0
4273,25,17.431107161313335,13.39,0
4274,18,27.641901372234383,0.5,0
4275,19,18.77136571406196,6.21,0
4276,23,17.9084945337122,2.07,0
4277,38,12.026394631766896,18.36,0
4278,18,24.222773480993638,18.32,0
4279,26,21.589688567564863,2.7,1
4280,6,12.072189841366491,3.83,0
4281,4,24.402064277048957,12.12,0
4282,44,15.823756082511741,13.4,0
4283,29,10.798091626649864,10.72,0
4284,34,12.007406465907318,57.12,0
4285,17,19.388506835373885,20.3,0
4286,43,10.832499215722503,5.4,0
4287,43,9.484418044735422,3.96,0
4288,16,12.805627587907615,9.08,0
4289,2,13.552433877951938,17.02,1
4290,34,11.633422371807189,6.45,0
4291,8,12.730275530309846,13.38,1
4292,13,19.584656170306964,0.19,1
4293,42,16.282512182397245,26.02,0
4294,8,12.421796234257476,14.86,1
4295,30,12.860759588598574,5.01,0
4296,32,14.341719118693236,4.85,0
4297,36,14.627928960382395,1.09,0
4298,47,14.64906871891293,16.94,0
4299,30,19.401238315249923,14.64,0
4300,1,15.985192021460326,9.95,1
4301,43,16.132288382996073,1.07,0
4302,39,22.133926768500444,3.04,0
4303,17,24.383257159460342,6.14,0
4304,20,8.845143569010006,3.09,0
4305,24,7.105459438021908,5.69,0
4306,22,13.252969426888068,2.56,0
4307,29,18.915642864473238,4.3,0
4308,22,16.879931999937153,10.56,0
4309,44,20.27049851355941,22.29,0
4310,9,13.03818077153943,4.86,1
4311,37,5.216465839109992,11.77,0
4312,10,8.166091343609875,1.45,1
4313,36,17.823670293293006,7.78,0
4314,37,20.308768027791096,25.47,0
4315,28,5.466015759489451,0.28,0
4316,28,22.053287666540207,3.11,0
4317,42,17.323162558998025,1.42,0
4318,43,14.647889508603146,7.62,1
4319,21,11.865884210744154,11.38,0
4320,24,22.95580538414499,0.6,0
4321,42,19.485032163445336,0.73,0
4322,40,17.454117259383235,20.37,0
4323,2,11.342987488983177,6.09,1
4324,8,23.070906134501946,6.22,0
4325,48,15.151755789774047,28.93,0
4326,27,16.4950872852906,3.86,0
4327,22,15.36529699088774,22.73,0
4328,37,11.172247676893035,36.6,0
4329,27,16.598604929584358,2.77,0
4330,29,18.484692807292014,7.22,0
4331,3,12.79196294933189,7.64,1
4332,44,16.170383303861556,20.11,0
4333,13,15.292497121884727,3.62,0
4334,45,19.575656647373314,16.0,0
4335,10,13.505293643656971,35.41,1
4336,36,16.13285481842204,18.35,0
4337,9,17.185847006628073,23.98,0
4338,27,13.39216452111216,12.32,0
4339,34,10.873227161602443,23.43,0
4340,1,11.686969403739477,1.8,0
4341,32,17.04595018264289,12.46,0
4342,25,13.823419433613687,13.16,0
4343,29,13.757052707071782,5.78,0
4344,7,18.020737835078666,0.83,0
4345,49,20.097457615143234,9.74,0
4346,3,20.958579366724102,0.53,0
4347,20,11.937494209487964,4.82,0
4348,20,19.613728093988296,5.0,1
4349,30,25.424915467743258,68.33,0
4350,35,15.630350998151693,3.56,0
4351,35,14.633449033720035,17.17,0
4352,49,13.591195414163,0.55,0
4353,39,9.681214077304993,7.55,0
4354,27,19.21126748202419,7.69,0
4355,26,14.65569377896868,9.91,1
4356,14,14.251450889879978,16.61,0
4357,17,18.436717190400827,14.35,0
4358,18,18.897415254360162,14.31,0
4359,45,11.995783656675922,5.66,0
4360,29,12.11517837509781,13.0,0
4361,20,11.893221797570241,6.76,0
4362,27,25.567571513989726,0.69,0
4363,18,22.385729933317492,22.09,1
4364,4,18.535202112706344,22.09,1
4365,1,13.122943809196778,3.9,0
4366,1,13.715354838409416,24.52,1
4367,26,16.817186615382052,14.19,0
4368,45,26.045651166085563,5.12,0
4369,20,16.444385795696316,4.03,1
4370,23,17.544127882339627,36.95,0
4371,10,2.2550946672643235,12.47,0
4372,11,16.28789463648355,4.76,1
4373,41,8.030692666221944,10.27,0
4374,41,12.56502541379196,8.48,0
4375,5,15.234429608699287,7.43,1
4376,1,13.489491455362963,10.35,1
4377,17,11.820200396499875,7.71,0
4378,22,11.86476546833861,10.64,0
4379,34,13.944758674208721,23.81,0
4380,45,13.726457907642011,50.0,0
4381,41,15.101362839933582,12.35,0
4382,29,14.727608410781711,26.29,0
4383,4,21.394379786265425,19.55,0
4384,5,4.751996780305735,3.5,0
4385,11,16.22486595125211,27.02,0
4386,21,15.355048051242402,0.73,0
4387,35,14.329048259204022,4.0,0
4388,12,11.470947873845523,10.21,0
4389,26,14.251457576607384,7.48,0
4390,19,6.832462209502154,7.82,0
4391,45,16.033589461002084,15.84,0
4392,7,16.94029584210448,2.17,1
4393,47,11.479657534917852,40.22,0
4394,7,24.70345521059207,5.75,0
4395,26,14.397778141257543,29.93,0
4396,40,15.220364116466955,4.83,0
4397,5,21.67890832275078,9.21,0
4398,21,25.710617349341113,5.98,0
4399,14,9.383302930354116,11.27,0
4400,4,12.114187605633296,2.03,1
4401,23,14.486614155035511,5.12,0
4402,42,11.28563655178189,0.71,0
4403,20,19.230562606752528,9.12,0
4404,15,10.735085819744164,32.88,0
4405,45,21.33301581773317,0.47,0
4406,29,18.118236246537364,10.78,0
4407,8,20.820215930919918,14.92,0
4408,41,10.757480334108234,2.4,0
4409,48,13.082527920402256,3.19,0
4410,19,19.489927738920358,2.25,1
4411,48,18.582965947502906,3.53,0
4412,39,13.565706195234963,1.17,0
4413,46,14.277337678235444,4.63,0
4414,28,12.828260260900725,4.6,0
4415,46,14.142779877614863,16.46,0
4416,27,10.173297302366407,16.14,0
4417,4,9.333912733691697,15.93,1
4418,15,20.027152578067117,8.37,0
4419,35,13.97297784958339,3.94,0
4420,37,20.756638704403507,5.29,0
4421,1,17.979924008597063,3.82,1
4422,3,16.56005256303358,8.72,0
4423,47,11.448891297974416,27.8,0
4424,24,8.94610113000998,3.35,1
4425,27,12.715456406364268,6.14,1
4426,40,22.659587037117756,10.65,0
4427,36,19.444784314335834,18.62,0
4428,34,12.247930064176348,2.92,0
4429,29,12.772198846312293,3.29,1
4430,24,10.354552597047558,21.64,0
4431,24,7.2645719373290145,0.84,0
4432,42,15.508000066522635,9.3,0
4433,4,23.62538704858197,19.69,0
4434,3,23.688163500544416,25.48,1
4435,34,18.039519798893014,0.13,0
4436,49,11.98663779775437,4.62,0
4437,23,7.752598954680629,2.97,0
4438,23,20.235310928213558,8.39,0
4439,45,17.23608400778551,10.02,0
4440,5,13.418859133447386,83.97,1
4441,31,12.583539488438635,7.19,0
4442,41,18.002182888129212,8.02,0
4443,6,10.866892410764263,5.35,0
4444,37,16.196160834500212,1.6,0
4445,10,8.900891266195783,3.61,0
4446,40,26.14255793219114,2.84,1
4447,7,11.564763071958524,16.16,1
4448,39,18.24199478137233,7.89,0
4449,38,9.009891768325232,3.51,0
4450,21,14.183734204503082,6.72,1
4451,20,19.423092783817104,2.47,1
4452,3,20.504776903120042,2.05,0
4453,22,18.816441315514588,19.66,0
4454,47,14.308778353384698,28.97,0
4455,4,11.670245019472365,0.83,1
4456,28,9.611614407404304,14.48,0
4457,12,22.51899293885563,6.04,0
4458,38,15.51685619994313,4.93,0
4459,36,16.441196135442826,11.69,0
4460,47,20.826849268830543,3.1,0
4461,41,17.933656417775182,0.21,0
4462,5,14.362913734511837,2.41,1
4463,13,18.722017241902567,2.04,0
4464,23,11.887268257441397,0.35,0
4465,30,7.244292612591691,3.88,0
4466,37,22.05921121008925,6.43,0
4467,25,12.303982601331105,13.31,1
4468,48,13.478550186413244,3.94,0
4469,27,13.919582874369052,2.16,0
4470,14,11.988973201411948,2.62,0
4471,48,20.506669307542992,22.18,0
4472,47,16.872280967709806,2.29,0
4473,36,13.481065501012669,21.14,1
4474,39,8.621655594825278,5.93,0
4475,16,16.51898907680377,27.24,0
4476,22,2.74695161210985,5.24,1
4477,21,16.163730142847232,1.96,1
4478,21,21.715902224276988,7.96,0
4479,8,15.322792047745269,8.86,0
4480,49,21.03163651863015,10.09,0
4481,16,8.854112138811232,5.3,1
4482,31,25.19270697644413,0.5,0
4483,42,20.486427192708412,9.85,0
4484,10,17.379829310891118,27.04,0
4485,32,12.00802772554868,31.6,0
4486,34,11.177389482527254,9.09,0
4487,9,14.645462858023105,0.2,0
4488,17,21.01389114662782,1.12,1
4489,11,8.422395845641617,17.96,1
4490,32,15.05205254970849,17.7,0
4491,10,18.67110135831892,29.19,0
4492,22,19.64674408633777,8.3,0
4493,17,18.656182505308497,19.94,0
4494,4,7.912032370656439,17.42,1
4495,48,20.658889422604762,8.9,0
4496,47,15.335968280478486,15.31,0
4497,25,9.572024220135248,1.34,0
4498,21,14.879158963298067,10.19,0
4499,37,5.206674283438552,30.67,0
4500,38,17.891490115051344,1.77,0
4501,49,14.361452667309749,13.63,0
4502,1,8.649421718770846,3.87,0
4503,25,13.549616968287229,16.99,0
4504,36,11.462673904782617,11.95,0
4505,17,11.782080905253958,26.06,0
4506,41,3.694835419700828,12.45,0
4507,24,6.639182899826654,5.28,1
4508,2,13.851505043214594,0.11,1
4509,40,12.991247024943197,15.75,0
4510,15,19.869890809068636,5.25,0
4511,32,11.841085106647608,11.11,0
4512,39,12.365093401743653,1.11,0
4513,6,12.5988004208668,22.16,1
4514,1,14.014851371004527,5.72,1
4515,47,15.457320335119837,25.22,0
4516,23,12.968361945843702,12.28,0
4517,39,17.856107437297876,1.29,0
4518,17,26.50110486814296,8.66,0
4519,34,10.872780525778825,24.07,0
4520,41,16.95915005086398,16.09,0
4521,29,15.147631231406617,5.41,0
4522,9,20.235172662233758,31.03,1
4523,13,16.014999514528995,3.13,0
4524,6,11.36774404812321,4.7,1
4525,6,9.174731263241629,13.85,1
4526,20,18.05244802046098,2.65,0
4527,3,9.58099002364891,7.24,1
4528,17,20.918702430840504,13.05,0
4529,49,17.765963438620943,10.33,0
4530,12,15.433545750725509,1.69,0
4531,48,8.438724836202631,9.93,0
4532,47,18.37661571556369,8.5,0
4533,45,23.083830374068537,8.16,0
4534,1,12.87452595965728,17.49,0
4535,17,11.290463313363848,2.03,0
4536,3,14.53987103835887,13.93,0
4537,26,17.334711359659405,14.31,0
4538,15,12.343903935001356,12.82,1
4539,36,19.495990729950037,7.05,0
4540,32,24.55358987135182,5.03,0
4541,32,16.65122941758967,5.02,0
4542,4,13.37506948490837,13.24,1
4543,18,17.200018874244563,6.89,0
4544,49,20.88649781500553,4.13,0
4545,19,15.798183142760083,9.82,0
4546,43,17.425475155516008,18.14,0
4547,35,18.523830943711463,0.63,0
4548,40,10.622770720729516,35.8,0
4549,14,17.295606707048044,1.02,1
4550,33,8.290255979121003,7.17,0
4551,14,11.707844309514499,8.21,0
4552,34,20.728312006431473,1.49,0
4553,4,19.35517617655383,24.72,1
4554,24,13.649099948837954,6.38,0
4555,29,23.528967167228657,1.54,0
4556,19,8.449049597999537,12.43,1
4557,6,13.97456153521533,10.89,1
4558,33,16.375521446562146,32.93,0
4559,49,1.0,5.83,0
4560,40,14.211687127619522,3.12,0
4561,19,9.377508833858439,0.62,0
4562,1,9.491314685674432,13.21,1
4563,5,13.63885057815071,9.6,0
4564,27,5.871708148494847,35.98,1
4565,16,10.960201082202287,12.45,1
4566,6,5.98858821997387,27.05,0
4567,40,15.618935233891516,47.77,0
4568,13,15.521736159005908,5.59,0
4569,48,13.257260142703078,1.63,0
4570,35,19.982225819300005,2.18,0
4571,19,13.519187074529674,3.83,0
4572,12,14.88459747131361,7.11,0
4573,16,10.469996234596929,1.31,0
4574,43,3.4836275620396346,3.59,0
4575,10,14.273301436782885,3.68,0
4576,25,13.620258698228689,0.04,0
4577,20,23.549543407038534,4.37,0
4578,31,18.337230119916097,1.23,0
4579,4,12.934394402618494,5.62,1
4580,44,15.708315123696378,2.19,0
4581,23,19.53508981834827,17.27,0
4582,2,17.58377513494933,0.84,0
4583,22,23.344529171653917,20.07,0
4584,37,11.053017903898912,8.69,0
4585,8,19.875171034768755,6.14,0
4586,7,12.885638323329477,7.98,1
4587,14,15.968082473834935,4.72,0
4588,3,12.21161502613414,1.37,1
4589,16,14.289959134931365,14.52,0
4590,19,16.057810301394777,26.3,0
4591,18,17.966267821389046,29.97,0
4592,16,15.306785706886622,11.11,0
4593,8,2.5692516076488197,5.28,1
4594,33,14.615256208502196,6.51,1
4595,49,22.35200381160076,10.7,0
4596,12,14.57564101765311,17.32,0
4597,11,22.492409200633567,4.69,0
4598,5,14.399016278665226,24.86,0
4599,27,7.140092896001939,3.92,1
4600,12,12.835225769676205,7.57,0
4601,17,12.207831572915072,32.54,1
4602,6,13.85233468832589,27.84,1
4603,33,9.07340778798871,11.9,0
4604,5,14.95589266548423,3.92,0
4605,28,13.35870079666581,2.47,0
4606,14,21.439309286892957,0.84,0
4607,5,8.948814390441626,12.33,0
4608,33,16.22834343317324,7.0,0
4609,48,17.05514061308721,8.49,0
4610,41,18.874904445038077,6.39,0
4611,19,13.182060615907856,6.6,0
4612,22,16.10400497296268,8.47,0
4613,5,16.76639062723141,24.56,0
4614,2,6.758180997528262,0.3,1
4615,30,13.361497042722672,16.18,1
4616,47,14.836674680665054,4.95,0
4617,39,15.42289110058728,13.66,0
4618,4,15.361694961477369,29.67,0
4619,33,17.187606461539826,3.66,0
4620,13,24.688024634970812,0.94,0
4621,20,12.02285713127507,2.64,0
4622,7,16.905858862766205,2.51,1
4623,15,21.50651592999689,13.54,0
4624,23,6.006806900193617,0.64,0
4625,14,16.34065539882055,0.52,0
4626,23,6.598103467541435,11.83,0
4627,19,25.92788870231268,8.14,0
4628,29,17.610253671489406,5.41,0
4629,20,16.9354532890218,8.57,0
4630,29,5.633129854647489,13.29,1
4631,24,12.477540902719035,1.09,1
4632,18,12.501019707126137,8.06,0
4633,10,23.832277769593944,17.4,0
4634,41,18.64600618427883,4.5,0
4635,8,6.735366512918885,14.4,1
4636,26,17.347511261759834,18.67,0
4637,29,7.485478582138825,17.2,1
4638,10,6.853333961778542,10.51,1
4639,17,17.267110418467883,12.64,0
4640,2,18.72384565493221,15.5,1
4641,6,17.293767950161183,13.23,1
4642,5,24.397912910406582,6.01,1
4643,28,16.84376268163856,1.73,0
4644,41,15.85047104386535,3.71,0
4645,5,8.91995280829125,2.32,1
4646,18,19.288068393263742,4.49,0
4647,26,6.742778748179049,6.72,0
4648,20,25.10184536908958,31.95,0
4649,41,19.3539897112994,32.06,0
4650,49,28.94898676647198,14.68,0
4651,27,16.946640542873027,39.19,0
4652,49,19.600830305453346,62.23,0
4653,12,13.614144450086641,21.65,0
4654,7,14.783602060559332,0.83,0
4655,3,9.742330455883472,5.55,1
4656,10,7.761456757161653,7.64,1
4657,34,15.947489034566601,1.32,0
4658,25,14.754087469130841,16.54,0
4659,35,9.62013141950754,1.61,0
4660,16,10.506341288391766,4.83,0
4661,2,15.162349953539879,0.71,0
4662,24,9.534391251092085,7.44,1
4663,10,16.783225397375706,9.09,0
4664,38,9.689554164398798,13.29,0
4665,22,16.27927239963074,4.15,0
4666,26,9.246439439699433,8.93,0
4667,43,9.267422115873801,13.25,0
4668,39,3.188844200799039,14.36,0
4669,27,14.198605050079449,3.59,1
4670,29,22.270323836517456,0.7,0
4671,47,21.98665406958133,0.38,1
4672,38,16.62033751730457,14.61,0
4673,20,4.994927588032285,4.87,0
4674,27,19.219375966169622,1.44,0
4675,41,16.128331367604737,2.04,0
4676,20,12.967484201543304,14.53,0
4677,44,21.036830639568304,9.14,0
4678,19,18.07722343404257,6.96,0
4679,20,24.807745213929444,9.76,0
4680,35,7.971805830259829,1.48,0
4681,47,8.36284846382675,3.84,0
4682,2,9.205102746337706,4.69,1
4683,30,13.57489244654378,3.78,0
4684,34,22.94086127398205,19.98,0
4685,22,11.882037373231142,8.71,0
4686,3,11.98897909720883,13.07,0
4687,6,17.08645966757311,2.7,0
4688,15,19.21577723897252,3.07,0
4689,27,3.8160420284266916,2.55,0
4690,10,20.19857438094292,11.65,0
4691,9,11.723918470325145,4.29,1
4692,33,14.487876430199364,5.19,0
4693,32,22.09132066368769,12.35,0
4694,48,13.917782003527636,35.68,0
4695,6,7.34064739907046,1.77,1
4696,41,7.6304734953452735,0.65,0
4697,36,14.8544405943532,2.17,0
4698,2,13.32817632417623,13.28,1
4699,29,15.297365870847672,2.16,0
4700,4,12.993610094851812,8.78,0
4701,1,21.207134251424357,8.92,1
4702,19,15.123836199075349,3.49,0
4703,26,6.185111714869807,0.71,0
4704,25,19.08266495931704,5.09,0
4705,10,24.53135472080089,2.07,0
4706,15,15.774654905940976,2.04,0
4707,22,16.162751817201624,7.39,0
4708,48,11.100574939686458,11.18,0
4709,21,13.787746302714508,0.78,0
4710,22,17.51435004746625,8.64,0
4711,36,20.658950329894626,2.83,0
4712,34,17.230001394652025,11.19,0
4713,30,24.090204392694872,16.62,0
4714,25,15.492351570255424,16.45,0
4715,45,9.391522482407346,4.62,0
4716,28,9.534723046056111,8.38,0
4717,1,21.17205865938851,15.78,0
4718,49,20.035509873105493,0.63,0
4719,45,6.776979658265576,9.3,0
4720,4,13.952459047820515,18.11,0
4721,7,14.13403095688744,4.66,1
4722,49,11.242335708510701,6.08,0
4723,9,7.948134727757303,12.0,1
4724,36,11.131979172008602,0.7,0
4725,19,10.233257193425217,4.87,1
4726,1,8.06765767888438,3.51,1
4727,10,19.145326600828867,0.17,0
4728,36,16.414732853712042,2.18,0
4729,9,12.679386692940236,5.04,0
4730,45,4.647157440848492,2.2,0
4731,46,13.5046194533259,9.22,0
4732,42,17.60527812290278,5.95,0
4733,32,11.31978010615515,0.4,0
4734,32,9.250171096934443,3.22,0
4735,6,14.384889913496623,0.2,1
4736,48,16.67534414043225,4.43,0
4737,38,5.0003456711399235,3.0,0
4738,17,21.770045689432756,11.65,0
4739,10,8.754364713815942,3.67,1
4740,27,12.886086396764409,4.7,0
4741,35,20.906355161012247,12.92,0
4742,21,15.626795278089457,6.56,0
4743,25,20.48045717079971,8.13,0
4744,28,22.768394802228467,18.41,0
4745,47,7.701619824211576,2.32,0
4746,15,19.51021952691432,45.27,0
4747,4,21.627434270924063,23.04,1
4748,29,13.120972260866079,3.38,0
4749,9,13.518929867248875,22.34,0
4750,27,5.434780922726434,14.02,1
4751,26,18.905397258748668,26.7,0
4752,19,2.325658423242798,11.75,0
4753,28,19.844039070316835,11.22,1
4754,17,7.911652993171499,0.03,0
4755,43,21.953443507977216,6.44,0
4756,41,16.98136717512171,2.23,0
4757,42,20.044838488078454,3.92,0
4758,20,10.936115145847397,38.54,0
4759,45,8.332732024036268,0.89,0
4760,40,6.1818891808835446,12.82,0
4761,39,20.456015061129374,1.9,0
4762,49,18.314700345319398,0.07,0
4763,23,18.492065230371352,6.96,0
4764,47,16.457211855394203,1.76,0
4765,32,17.719357912941966,33.66,0
4766,47,13.541674757166023,2.28,0
4767,33,16.85150316922214,2.13,0
4768,46,10.715815302401047,0.33,0
4769,5,13.28633450563656,4.0,0
4770,43,30.21664747749702,0.24,0
4771,48,15.19460673466317,6.91,0
4772,34,5.141895685719183,7.04,0
4773,40,12.95704997198025,0.55,0
4774,11,9.712388095532653,2.75,1
4775,3,15.796092573579417,17.84,0
4776,33,10.553204435881682,6.21,0
4777,11,13.940843117219528,5.7,0
4778,16,11.300799918642543,12.0,1
4779,18,15.985920590985083,12.55,0
4780,30,11.863005871084322,14.35,0
4781,48,16.784400362495184,17.75,0
4782,10,24.742907295243604,2.64,0
4783,18,9.227938917185119,0.69,1
4784,38,18.619276068092347,4.78,0
4785,19,2.7358511868655704,19.32,1
4786,36,13.83614281342189,0.81,0
4787,13,16.144523879752875,8.58,0
4788,46,11.25993658080799,12.08,0
4789,3,6.063035884968253,6.57,0
4790,10,14.809801106150651,2.95,0
4791,38,22.66057698243143,3.95,0
4792,1,14.267753216583131,0.74,0
4793,27,17.792868619668038,3.46,0
4794,46,20.634403208806816,0.45,0
4795,8,27.357372727529693,12.96,0
4796,46,9.738561818465877,22.83,0
4797,42,10.254446802236675,10.04,0
4798,17,13.538827311910776,10.69,0
4799,9,18.07718319177158,6.39,1
4800,6,3.3964920826715943,1.7,1
4801,43,18.26879464000362,0.08,0
4802,25,15.741320270240461,4.22,0
4803,39,12.330278219991929,13.92,0
4804,49,17.127549748926434,32.3,0
4805,28,19.448246161821807,5.64,1
4806,33,20.140108879440664,4.55,0
4807,37,15.073816905265778,5.91,0
4808,9,16.63016498104493,5.58,0
4809,18,16.44160909591203,9.83,0
4810,21,21.155986403232646,13.25,0
4811,2,16.906081073049137,15.37,1
4812,43,18.2261164126145,10.49,0
4813,38,19.46330274731844,5.76,0
4814,40,24.792820334785304,29.98,0
4815,36,12.07092570165342,12.41,0
4816,43,23.128543469236117,5.56,0
4817,37,27.355498897904887,5.92,0
4818,15,12.389786171295032,17.04,0
4819,28,13.916049280415912,5.81,0
4820,18,12.857745194554145,7.26,0
4821,34,18.284442035945318,3.45,0
4822,22,5.691616819570273,18.26,0
4823,11,12.502509382524131,7.39,1
4824,13,13.631789114537613,8.04,1
4825,4,13.19452821732067,21.26,1
4826,22,13.144187647397336,25.32,0
4827,7,12.553702108641234,17.38,1
4828,43,18.886928332430006,0.68,0
4829,24,17.691221094501476,5.86,0
4830,4,23.517004725243936,4.21,0
4831,28,18.899666792829624,2.4,0
4832,15,9.512054444474128,23.96,1
4833,1,14.149814652353925,22.08,1
4834,3,13.618840858144223,6.26,0
4835,14,16.276191192148833,1.45,1
4836,38,20.46624819788689,0.13,0
4837,1,15.929175291643862,5.77,1
4838,38,15.942459114831841,0.41,0
4839,38,15.050209416248396,9.4,0
4840,21,19.05291995039638,9.38,0
4841,48,12.155474155220565,22.92,0
4842,29,7.714951104571453,2.11,0
4843,5,18.222894881056153,4.64,0
4844,49,16.875835740877363,19.63,0
4845,10,21.617091375739896,6.43,0
4846,28,2.8604389139357256,0.62,0
4847,21,14.498253000726061,1.17,0
4848,7,15.533567764145879,16.79,1
4849,3,7.445610207920287,13.61,1
4850,45,14.56701823539832,20.87,0
4851,47,20.934613341177183,1.27,1
4852,20,25.430573538660482,14.29,0
4853,19,19.91203449679331,10.65,0
4854,35,13.3776430941995,2.64,0
4855,4,21.307575902356263,36.46,0
4856,5,19.557013080496816,8.45,0
4857,1,12.5780471592858,23.74,1
4858,4,12.091019903498303,19.6,0
4859,12,14.157489797357254,4.05,1
4860,27,9.745754877415607,7.68,0
4861,42,13.446040444723042,5.65,0
4862,23,17.433764607816006,12.35,0
4863,25,20.192536330856303,8.87,0
4864,21,13.10573949660505,15.36,0
4865,24,21.94210434290202,0.12,0
4866,25,18.250527334177548,11.64,0
4867,45,18.47826509463186,3.84,0
4868,46,10.404941230044594,2.54,0
4869,32,24.03880110386784,16.16,0
4870,32,17.76682226010795,0.93,0
4871,5,13.336663185518313,2.59,1
4872,36,12.454413811283104,2.28,0
4873,46,13.447739286500886,5.44,0
4874,42,9.90831227561133,3.89,0
4875,49,19.94150272174746,12.75,0
4876,42,10.420389548647965,12.02,0
4877,39,16.449124194374292,3.94,0
4878,16,12.750413768993075,5.74,0
4879,33,18.353982344591735,2.33,0
4880,49,19.033524081309572,11.11,0
4881,21,11.78047468790439,5.05,0
4882,9,14.83063167121009,1.43,1
4883,6,7.7830426920279745,1.36,1
4884,45,23.502715876569074,3.89,0
4885,35,20.34001553464921,13.76,0
4886,39,8.022305501512259,0.26,0
4887,22,10.665478973256597,2.98,0
4888,41,14.325908399008297,1.77,0
4889,5,15.193803600307412,31.34,0
4890,42,11.569743497367252,12.22,0
4891,23,9.275360011473632,2.66,0
4892,17,16.97515655433078,2.33,0
4893,12,23.697422352593442,19.52,0
4894,23,15.273327092023067,2.11,0
4895,16,13.54143897909439,58.29,0
4896,3,13.015802934970667,3.32,1
4897,30,9.516381746780793,0.88,1
4898,22,11.640076242546618,11.74,0
4899,9,20.680555401818314,9.41,0
4900,29,4.6457499603360475,86.35,0
4901,47,15.35051661823651,16.2,0
4902,37,15.139773334296779,5.6,0
4903,23,15.591996667448221,11.29,1
4904,13,18.637088542117592,17.03,0
4905,32,15.305806317844871,7.21,0
4906,46,12.730202838394925,3.19,0
4907,47,11.716886209056078,2.36,0
4908,48,21.49171881574116,3.5,0
4909,23,20.205259887779018,18.84,0
4910,45,29.388187598056454,4.79,0
4911,17,13.595057856587005,3.38,0
4912,40,11.80893496347684,16.39,0
4913,21,17.265834481502505,0.32,0
4914,2,17.145082459315276,9.01,0
4915,37,18.181775394413915,20.69,0
4916,6,19.235654386781825,5.28,0
4917,44,18.133368060516702,3.14,0
4918,18,20.375158029916022,6.77,1
4919,30,21.040026552927433,12.64,0
4920,22,21.129223582657296,7.27,0
4921,33,3.6933102489090217,0.08,0
4922,30,16.1619045128547,0.82,0
4923,17,10.383949057277272,12.78,1
4924,43,20.277238828510164,5.11,0
4925,32,3.5884915245035476,15.36,0
4926,42,22.346126388666214,10.48,0
4927,14,10.676501428161737,8.71,0
4928,10,9.530681800092331,23.16,0
4929,47,16.781246603487876,0.22,0
4930,36,13.133646213345738,1.68,0
4931,34,23.89694653802121,9.79,0
4932,9,21.81516573563798,0.68,1
4933,42,12.445826487609619,10.36,0
4934,28,20.212424801029016,41.43,0
4935,11,12.273565498486239,21.1,0
4936,14,12.230426872919942,8.94,0
4937,39,18.570923790314644,22.44,0
4938,47,22.279205452345764,1.24,0
4939,19,12.794637410939254,6.06,0
4940,15,13.175356132489286,5.6,1
4941,28,16.506023595458604,4.1,0
4942,24,10.53004762765201,0.0,0
4943,8,22.827051949131263,22.17,0
4944,43,10.482236957191823,15.04,0
4945,9,11.834031172320023,10.58,1
4946,47,23.83619535519768,1.38,0
4947,33,16.07294214444251,4.75,0
4948,33,24.71791714409803,25.81,0
4949,19,13.903612396577667,9.6,0
4950,3,27.59759409936178,9.25,0
4951,10,18.07824990248074,24.43,1
4952,40,11.237820236940419,8.21,0
4953,47,11.160811906626543,9.1,0
4954,42,7.713960445994557,4.24,0
4955,1,8.26092526995297,4.64,0
4956,29,11.702342077753192,11.57,0
4957,34,10.042007802084408,3.86,0
4958,13,2.1103440386275416,8.19,0
4959,1,19.207604959404655,3.27,1
4960,34,18.87668860453027,1.82,0
4961,29,16.54188438487892,6.06,0
4962,48,9.325167915236214,2.45,0
4963,47,23.23396054377656,22.88,0
4964,13,14.109159548517137,3.62,0
4965,48,10.833835972576182,9.1,0
4966,49,16.162930661716622,3.06,0
4967,29,15.876195857743545,2.98,1
4968,39,2.486248083810345,4.32,0
4969,24,14.845273125730547,24.75,0
4970,26,15.602695127348534,4.97,0
4971,17,13.10629412977925,17.22,0
4972,7,8.392725695094088,2.2,0
4973,13,8.54002695830566,0.49,1
4974,5,17.570327154094898,15.22,1
4975,26,18.80800491470097,7.81,0
4976,49,12.759952525513846,7.01,0
4977,3,16.911588660213777,3.18,1
4978,7,12.71040872453077,0.75,0
4979,49,10.733804986284332,6.59,0
4980,39,16.072484430443282,20.19,0
4981,1,9.254524988732406,1.28,1
4982,49,24.468920449160244,26.47,0
4983,17,7.81243143584314,3.21,1
4984,43,16.419136821146314,7.6,0
4985,25,15.751196662798245,0.69,1
4986,3,15.307378403611835,5.53,0
4987,15,22.416966980117145,1.35,0
4988,29,1.5689436622704669,0.49,0
4989,43,17.05866052744454,33.98,0
4990,32,13.633112513111495,13.1,0
4991,26,17.91987897756937,12.7,0
4992,16,15.273411379091296,0.95,1
4993,25,14.624898101267659,26.5,0
4994,28,8.963426671391424,6.34,0
4995,9,11.634312497947212,19.12,1
4996,1,30.657549409763725,0.13,0
4997,29,17.96551047971347,3.54,0
4998,22,20.262965871860228,55.33,0
4999,16,13.240515881884216,5.58,0
5000,41,10.721953157117204,21.94,0
5001,44,18.882138872239928,3.97,0
5002,41,5.481408654261244,7.45,0
5003,7,11.746307503109737,19.26,1
5004,14,13.227122726313494,9.31,0
5005,29,19.72494551684327,12.92,0
5006,19,17.068563568106548,2.6,0
5007,19,12.635501356836954,1.69,0
5008,2,16.844865060511726,2.62,1
5009,41,13.48424080511662,6.79,0
5010,45,20.35018879467162,16.14,0
5011,15,16.18078361038541,4.37,0
5012,3,23.682214023831467,8.32,0
5013,11,13.6110283633478,16.34,0
5014,46,21.126976164298362,2.73,0
5015,30,15.452069968475943,21.45,0
5016,40,11.513781745538338,30.59,0
5017,18,28.007872577420095,0.4,0
5018,48,21.548544121816704,0.61,0
5019,2,16.17161646589957,0.95,1
5020,32,18.82998174905198,15.0,0
5021,8,9.58990650848504,2.1,1
5022,22,9.765942436744556,12.94,0
5023,6,20.570451434137727,5.82,0
5024,12,15.023986893750601,18.09,0
5025,47,14.22091222399393,16.53,0
5026,40,13.560311525196715,32.1,0
5027,36,15.760337177345566,2.89,0
5028,15,13.728752942243538,2.6,1
5029,28,4.839296115642869,0.32,0
5030,49,22.079376334141507,5.28,0
5031,45,14.44719819080607,6.14,0
5032,18,24.157643148190143,33.39,0
5033,2,6.189018619128685,17.77,1
5034,13,6.169403387014956,1.82,0
5035,45,13.622932322413806,16.02,0
5036,15,19.887636592698158,1.96,0
5037,20,8.901663892362784,0.81,0
5038,29,8.707609723372949,18.15,0
5039,42,16.859761693552027,37.28,0
5040,29,13.435631666906408,0.92,1
5041,3,17.720399555476224,16.82,1
5042,19,13.525250983762998,19.61,0
5043,3,16.925686414024916,1.26,1
5044,14,21.830666194733674,3.33,0
5045,40,8.912266041220018,13.23,0
5046,4,20.923935069080635,16.49,0
5047,11,6.4792626566333915,4.37,1
5048,31,18.046682869183076,1.74,0
5049,43,22.096345846815204,10.45,0
5050,32,12.379659881736352,12.11,0
5051,27,18.222775570958472,7.0,0
5052,30,12.564534215252294,1.57,0
5053,43,17.926905670634874,18.61,0
5054,2,3.70750321845226,10.36,1
5055,49,15.810783320437073,20.34,0
5056,9,16.97695481921732,27.03,0
5057,28,21.723409755365548,16.38,0
5058,31,19.626277706399073,31.86,0
5059,34,14.193819738012474,30.85,0
5060,15,16.340323989743208,9.66,0
5061,48,7.7694178754685375,13.03,0
5062,25,23.220374690200845,12.02,0
5063,36,18.455796991610356,9.71,0
5064,8,5.695496153946197,0.2,1
5065,9,16.22993524064077,4.4,0
5066,37,16.61170222238982,1.05,0
5067,48,11.130280520685698,3.57,0
5068,45,15.48432767813089,0.71,0
5069,39,10.627599008426412,25.26,0
5070,32,7.977012136467084,6.0,1
5071,17,11.933265086879734,2.1,1
5072,35,15.85795129569642,8.79,0
5073,37,19.64165866688117,2.19,0
5074,19,15.349092254357592,16.32,1
5075,44,19.69045684469854,3.65,0
5076,29,18.243515388520258,3.78,0
5077,7,9.82300977081071,20.4,0
5078,28,18.205515185209485,8.19,0
5079,9,18.343717013106975,21.83,0
5080,28,23.709005237184805,5.33,0
5081,6,17.053271806678257,4.21,0
5082,29,8.826629760937335,7.06,0
5083,17,12.22959601829887,0.63,1
5084,16,5.737214326202697,1.67,1
5085,23,17.552387594029,2.48,0
5086,31,23.269837703890207,16.97,0
5087,3,3.0442625507523147,13.24,0
5088,21,23.481151712617873,2.15,0
5089,26,17.486187515196775,3.24,1
5090,36,9.617091729213934,28.87,0
5091,42,16.283473197462754,0.9,0
5092,37,9.77836161317838,7.93,0
5093,22,17.20209882791382,7.38,0
5094,42,15.31680525054275,12.94,0
5095,12,16.64671784690736,3.03,0
5096,42,10.405303414067784,27.3,0
5097,13,11.133396966927407,5.29,0
5098,11,17.509107064194858,3.36,1
5099,16,12.486368530336673,4.11,0
5100,8,15.745089040858277,4.29,0
5101,40,17.264917648535416,2.22,0
5102,40,13.888220710977471,26.32,0
5103,45,20.775505891858742,1.92,0
5104,2,14.072247584926313,21.44,1
5105,30,13.92212256464165,5.19,0
5106,30,11.841474122935832,3.14,0
5107,12,20.19991012639158,2.21,0
5108,10,11.463958799878341,7.02,1
5109,44,21.272450970767846,11.06,0
5110,11,15.815563556827053,22.85,1
5111,15,28.41047406824845,10.57,0
5112,16,11.697700632187457,6.61,0
5113,17,21.3759695224722,0.34,0
5114,26,17.551209897945746,24.7,0
5115,2,12.431228939083704,23.27,1
5116,12,17.61839828015262,4.76,0
5117,26,17.374770077152675,0.29,0
5118,23,13.340306874072056,13.22,0
5119,18,17.141404395037554,15.69,1
5120,32,20.81720796407103,7.82,0
5121,49,17.556770803629995,5.16,0
5122,38,12.904074151367984,19.05,0
5123,47,12.622488071621786,2.14,0
5124,3,14.562950658792342,5.79,1
5125,38,20.56231007291082,0.25,0
5126,3,11.231054547018866,1.79,1
5127,30,16.960655871570722,28.27,0
5128,1,7.187662191874997,8.63,1
5129,30,17.973057537648135,16.38,0
5130,45,18.758854489854034,6.67,0
5131,32,25.138107481245356,18.01,0
5132,28,19.62646526858139,7.74,0
5133,21,12.99399537194829,0.05,0
5134,46,7.32710351309594,23.0,0
5135,13,17.570982429940052,1.61,0
5136,27,13.363888483024521,5.99,0
5137,36,16.67051198862119,6.48,0
5138,7,11.399074598954192,0.48,0
5139,22,14.134018891764653,0.55,0
5140,10,6.500073489803803,14.38,1
5141,39,9.768969514618462,3.57,0
5142,15,9.063648871691651,5.27,1
5143,15,19.363949196410775,8.3,0
5144,4,10.863678813623935,4.67,0
5145,32,21.88965037987357,14.92,0
5146,23,10.912780593504808,21.58,0
5147,6,25.479690337818965,0.62,0
5148,24,5.255828667055901,10.09,1
5149,20,17.121508999760938,3.82,0
5150,37,15.192990160786472,8.75,0
5151,20,8.942792429780887,6.61,0
5152,12,12.245342155675004,4.06,0
5153,33,13.693592410568163,1.0,0
5154,28,16.24903130015685,8.2,0
5155,8,10.317916505680117,1.2,1
5156,1,17.12660194277741,1.7,0
5157,37,15.598619249985902,40.27,0
5158,22,18.89592380320707,3.81,0
5159,6,10.688189878951025,8.78,1
5160,21,12.95333499848622,3.18,0
5161,32,22.210591882317402,20.06,0
5162,35,10.469807538470759,3.33,0
5163,15,8.037616400840342,4.57,1
5164,5,11.845224184602511,9.37,1
5165,46,6.120251505999736,20.4,0
5166,48,23.3644673874918,16.94,0
5167,6,13.586183324181384,3.06,0
5168,25,13.634473072672137,17.69,0
5169,46,18.712634785929886,12.08,0
5170,40,11.372215584952656,45.88,0
5171,29,13.920348153251394,27.4,0
5172,7,11.240281691674761,7.62,0
5173,40,6.224845447306649,13.86,0
5174,13,15.253789402427678,8.44,0
5175,38,20.12863714479218,9.04,0
5176,18,15.39647476585068,1.07,0
5177,2,19.59895662025003,0.02,0
5178,8,9.52104050466545,0.49,0
5179,11,11.229803765286174,34.0,1
5180,33,8.528514674550454,1.35,0
5181,38,16.83278772655895,0.45,0
5182,48,13.411956850087007,3.71,0
5183,27,13.224707089342004,8.87,1
5184,20,18.344930949257748,29.65,0
5185,12,12.635085080565258,12.04,0
5186,43,20.39835856694185,3.23,0
5187,31,16.178287939935988,27.98,0
5188,27,13.169260795994074,0.37,0
5189,32,7.241983307006876,38.66,0
5190,10,18.316371390185136,0.6,1
5191,3,16.41467815440763,14.02,0
5192,45,16.65534237882469,0.46,0
5193,27,16.814818001513178,26.82,0
5194,35,12.354569656383145,1.15,0
5195,31,14.243129610161837,0.52,0
5196,15,12.707243648770113,22.01,0
5197,16,21.25032241871984,1.01,0
5198,13,13.624398534066753,15.99,0
5199,49,11.90379904350031,13.75,0
5200,35,21.593820391478538,9.13,0
5201,11,21.049856175014767,4.75,0
5202,21,16.181871460688036,24.72,1
5203,11,14.350658366263605,20.49,0
5204,30,13.102252326161619,5.56,0
5205,48,14.780129618980622,2.64,0
5206,35,10.626442083953085,3.18,0
5207,22,17.41683470412049,2.49,0
5208,38,23.26251482046477,7.79,0
5209,31,17.813099393674314,20.29,0
5210,14,9.483818607822009,14.86,1
5211,24,17.27550382984009,15.87,0
5212,49,15.972692818154373,5.95,0
5213,32,17.23147401651488,3.89,0
5214,36,10.902156277133358,14.16,0
5215,32,15.016786712389747,15.76,0
5216,15,19.415494504976692,11.89,1
5217,43,9.650010547453226,0.33,0
5218,35,12.754383844233569,8.91,0
5219,3,13.560731777095521,4.26,1
5220,16,19.99183559435484,2.18,0
5221,5,20.737496232892585,11.85,0
5222,21,5.424338728280167,3.13,0
5223,10,19.987543931647814,24.4,0
5224,19,20.894775416337136,3.54,0
5225,25,20.57343713890951,8.1,0
5226,4,12.351863803311023,17.59,1
5227,29,13.850990259531043,5.14,0
5228,19,7.162893678832375,17.64,1
5229,43,4.525234425660107,12.86,0
5230,2,13.192427974028176,25.37,1
5231,10,15.382343577701466,3.94,0
5232,43,15.883847359935427,1.11,0
5233,25,19.10569827073944,5.63,0
5234,20,30.305678924466736,15.41,0
5235,48,13.020046675515049,5.99,0
5236,19,9.72215431045221,3.04,1
5237,23,17.730673402936457,0.28,0
5238,24,16.111211934779714,3.75,0
5239,11,12.127392895903274,12.5,1
5240,46,19.55426087061195,1.6,0
5241,34,10.940325076426625,4.17,0
5242,28,14.357166402643054,0.2,0
5243,5,14.645411292167482,12.79,0
5244,5,10.261436488652471,21.26,0
5245,21,6.451475101248667,8.41,0
5246,12,16.094750061937926,0.26,0
5247,4,21.843577442445117,2.45,0
5248,49,19.804509278239884,5.77,0
5249,42,20.138997911020546,8.86,0
5250,20,11.005251520815495,6.86,1
5251,38,16.0703478574515,24.75,0
5252,25,7.879201427146112,27.91,0
5253,14,15.844575064293934,1.13,0
5254,11,21.94392253737399,1.49,0
5255,32,22.099185616970374,4.43,0
5256,11,25.15224333821765,5.47,0
5257,18,19.945890121730567,8.82,0
5258,27,17.378745279386266,14.84,0
5259,18,19.37361591201067,1.46,0
5260,23,18.40287079825936,16.23,1
5261,11,10.96372876294232,9.42,0
5262,21,7.423350097169536,39.57,0
5263,44,19.41379359709876,10.53,0
5264,5,25.466741302792613,12.59,0
5265,23,19.61985713935811,2.17,0
5266,41,5.556381420447224,14.65,0
5267,25,12.403490779804937,0.83,1
5268,41,14.016536150638876,10.69,0
5269,10,5.719783365652729,0.57,0
5270,22,8.115514791051503,1.22,1
5271,19,14.814622529162635,1.14,0
5272,1,16.308171888513527,0.54,1
5273,7,10.069929286501385,3.87,1
5274,4,7.885301797281885,51.77,0
5275,1,20.966529396087175,4.28,1
5276,15,13.087355708105122,14.3,0
5277,40,13.802939121577337,1.42,0
5278,12,12.266648787550295,6.06,1
5279,22,11.144123537749238,2.05,0
5280,22,21.51391638410522,2.13,0
5281,47,10.601018273147904,1.05,0
5282,17,15.89841746288632,5.66,1
5283,29,15.043521648256164,0.79,0
5284,46,5.2591311057135375,24.06,0
5285,14,16.20473440999659,5.94,0
5286,20,7.2801555076238325,18.24,0
5287,48,18.17730054414956,38.86,0
5288,33,9.067917351414948,11.33,0
5289,43,17.610093052995747,23.18,0
5290,15,12.852470776316107,1.45,1
5291,12,11.62837626398808,17.72,0
5292,40,16.052832286557795,3.16,0
5293,20,7.640704661411892,6.4,0
5294,30,14.65389670518369,10.4,0
5295,38,18.91125019970123,23.39,0
5296,3,20.21302215812229,24.19,0
5297,28,12.686845431381055,0.97,0
5298,26,13.416738497463028,4.53,0
5299,30,7.540487686534374,15.76,0
5300,13,11.246434190596842,12.15,1
5301,13,7.199447465452403,0.27,0
5302,2,17.2003679761759,5.98,1
5303,37,19.210833598647017,17.68,0
5304,49,12.728879140918654,13.38,0
5305,38,9.708839256527092,5.31,0
5306,2,16.540958867898368,13.29,1
5307,36,10.660171467575386,8.01,0
5308,26,18.359694344232977,24.38,0
5309,11,24.67715141351778,8.85,0
5310,8,10.577834701492893,5.12,1
5311,44,11.291621985548263,19.87,0
5312,40,7.702146492285359,0.51,1
5313,43,15.730545466639384,23.08,0
5314,22,15.390620342990662,11.92,0
5315,20,13.647203519686489,28.24,1
5316,8,15.080735237761358,2.88,1
5317,29,9.781625089724189,11.87,0
5318,40,6.6840016159794455,16.58,0
5319,26,11.20465111954728,12.11,0
5320,30,5.422386419634492,2.36,1
5321,17,10.577358850356527,3.22,1
5322,20,16.54863720495583,8.36,0
5323,16,15.298325928232739,5.92,1
5324,46,6.131086347931223,13.28,0
5325,43,20.24673272798516,4.76,0
5326,7,14.027145512612357,19.62,1
5327,16,8.503381991086052,5.65,0
5328,45,13.178225450567354,0.41,0
5329,47,12.08494125595486,0.18,0
5330,48,10.661306484293547,10.41,1
5331,27,19.06296351928799,7.78,0
5332,23,9.468375102164181,7.83,0
5333,24,15.92323079251601,15.61,0
5334,9,8.293409049695997,4.71,1
5335,35,14.815519534536431,53.92,0
5336,20,16.32711340623989,29.1,1
5337,37,16.33669140043225,0.13,0
5338,42,15.404030693536196,22.61,0
5339,17,13.804923751310398,11.41,0
5340,47,9.679529242864499,6.97,0
5341,31,9.737241053265633,8.74,0
5342,8,16.494144007059315,18.44,1
5343,15,8.692955814982106,30.17,1
5344,31,7.546462861754776,8.22,1
5345,30,22.14884907956759,2.0,0
5346,46,13.701415514925246,10.21,0
5347,20,18.175073430356733,0.79,0
5348,39,19.367441064428366,10.08,0
5349,12,15.255634970657143,16.53,0
5350,49,13.11611643570179,4.36,0
5351,17,13.201073913478139,0.74,0
5352,42,23.04015286134456,11.78,0
5353,30,12.20596084436021,4.14,0
5354,29,15.88215922883485,2.86,0
5355,19,18.386595732995556,11.69,0
5356,46,16.253548889287085,34.93,0
5357,11,20.42191815630403,13.68,0
5358,34,13.066919931686057,6.76,0
5359,7,18.366750947045354,9.18,1
5360,44,6.026956290787284,1.53,0
5361,34,21.734577319349977,16.78,0
5362,20,20.615750502408495,9.27,0
5363,38,13.477870105975782,33.76,0
5364,24,17.1941921837822,38.87,0
5365,10,19.45532484731235,4.38,1
5366,32,9.811235360304146,44.69,0
5367,15,14.277369522186563,31.43,0
5368,37,8.47125011379224,10.21,0
5369,20,20.692082131801882,4.06,0
5370,3,19.113803104145823,14.0,0
5371,37,13.595255419260777,3.16,0
5372,40,13.015433504228056,9.94,0
5373,8,14.255217195825265,0.25,0
5374,40,10.513713324620667,9.9,0
5375,44,14.129812118192568,30.28,0
5376,23,9.811346110078816,2.68,0
5377,40,19.491655580894204,15.06,0
5378,11,20.684678532772974,3.47,1
5379,46,19.725964940063992,12.3,0
5380,8,9.02900080256958,12.04,1
5381,29,13.957746108653485,2.04,0
5382,30,17.92364545571269,9.09,0
5383,10,18.843790186104563,19.6,1
5384,39,5.805675829761157,4.82,1
5385,28,18.702448002052662,12.39,0
5386,49,8.783658956803555,11.22,0
5387,36,14.230178096817752,2.98,0
5388,13,21.28743828794728,25.09,0
5389,32,20.61035172448373,8.29,0
5390,36,21.630650948739024,4.39,0
5391,37,9.668648143064493,1.8,0
5392,26,10.903548572117904,6.41,0
5393,22,12.185994787310001,13.1,0
5394,4,14.267797106426537,9.77,1
5395,31,16.08350572403284,12.98,0
5396,18,21.38627475487045,15.69,0
5397,38,10.35693933415503,5.82,0
5398,24,11.85573406728608,7.34,0
5399,23,22.118205350183644,42.99,1
5400,22,9.204760617797346,34.44,0
5401,2,18.634262495352512,5.36,0
5402,31,14.55676108601151,11.56,0
5403,11,16.940368668932127,3.11,0
5404,28,10.943144484886025,1.66,1
5405,46,18.535881437069317,14.63,0
5406,32,11.728957652336458,5.73,0
5407,5,7.902005182720114,1.95,1
5408,38,17.400195756050337,14.22,0
5409,10,2.4845563825520145,24.67,1
5410,40,12.159990899408598,27.07,0
5411,46,16.455690490176355,9.07,0
5412,24,18.78890072186955,6.53,0
5413,35,21.132595981257754,1.53,0
5414,44,23.88772441738825,15.74,0
5415,48,22.358741098594074,29.06,0
5416,23,15.957739767494662,22.02,0
5417,17,20.62808888666443,13.93,1
5418,1,15.880565588047618,0.05,1
5419,31,18.42952813231134,5.24,0
5420,31,12.003267924054265,5.29,0
5421,42,17.310379079990703,22.48,0
5422,42,12.633768888613027,0.68,0
5423,34,14.132279637391301,7.58,0
5424,9,17.326144482297316,1.46,1
5425,22,25.456895386955832,10.86,0
5426,13,16.973852001500983,15.71,0
5427,25,14.94146033243749,10.27,0
5428,48,10.841118951520498,15.83,0
5429,18,19.48100792335318,9.35,0
5430,12,13.322700015452266,2.11,0
5431,40,16.87076329493538,4.82,0
5432,17,18.509711294002017,31.44,1
5433,15,21.32054554281251,3.4,0
5434,42,19.211862395098272,0.65,0
5435,15,8.882709837467178,4.86,0
5436,15,6.414007700536908,4.56,0
5437,39,18.507358583258792,6.35,0
5438,13,15.430021975799985,8.22,0
5439,17,16.957347964351882,48.83,1
5440,32,23.59878788075549,14.12,0
5441,9,11.917059553947478,0.37,1
5442,40,21.457046215645768,12.47,0
5443,20,11.966683780350769,17.39,0
5444,26,22.826343712955335,22.6,0
5445,27,18.752592420787767,5.52,0
5446,21,7.464359885424243,3.76,0
5447,18,12.913606514121858,18.28,0
5448,13,24.57834029232761,15.03,0
5449,16,23.950959086893214,7.68,0
5450,9,18.021106944940517,1.25,0
5451,12,16.77117367264604,10.55,1
5452,44,16.198673363207245,0.68,0
5453,38,17.185138284517258,1.06,0
5454,19,14.29599770179244,4.02,0
5455,7,21.055096296871007,4.64,1
5456,35,17.889249323339595,6.2,0
5457,48,10.173223572321842,4.14,0
5458,18,18.274958939310554,0.34,0
5459,16,15.824920905648316,1.71,0
5460,39,13.437690744126195,1.22,0
5461,4,24.49263426678034,5.64,1
5462,25,15.518852605403792,2.38,1
5463,32,5.215801342880418,3.47,0
5464,40,13.793310637633688,6.38,0
5465,13,19.967442346244624,2.69,0
5466,45,10.367625600830191,2.82,0
5467,17,19.79752585324821,17.91,0
5468,49,10.011557018175752,7.94,0
5469,37,21.683368318591512,19.43,0
5470,6,12.13716580422853,7.23,0
5471,19,13.241043559284922,24.0,1
5472,13,12.87037604009666,2.94,0
5473,26,17.987263381083938,9.59,0
5474,14,24.22059775840562,7.0,0
5475,31,15.074166939823598,25.09,0
5476,4,14.945479234252192,5.42,1
5477,39,12.133657069803911,19.3,0
5478,8,6.863267632583119,8.3,1
5479,25,12.632384742981781,12.33,0
5480,13,8.704986885331149,21.79,1
5481,32,5.5634201784063055,57.78,1
5482,38,14.61501843524021,13.14,0
5483,38,12.287023958127271,3.78,0
5484,28,21.88286216661781,3.55,0
5485,30,10.721988890961295,3.7,0
5486,3,18.351837029367594,1.03,1
5487,28,18.254113262093945,0.55,0
5488,3,21.685665475997904,8.7,1
5489,45,14.078871034864422,16.64,0
5490,34,21.595212166806295,0.37,0
5491,16,17.80473349050041,8.36,0
5492,22,20.696423151114292,4.65,0
5493,32,26.970783712504883,22.3,0
5494,38,14.383882935356342,1.57,0
5495,8,15.854047619090004,8.29,1
5496,8,13.190919554976539,35.38,0
5497,6,22.711548188329786,4.23,1
5498,14,28.0232638645092,13.54,0
5499,32,18.67082551026884,21.41,0
5500,35,6.9495937761056545,2.06,0
5501,10,10.584450272566292,48.96,1
5502,3,20.79794949071738,16.58,0
5503,12,9.278218167665226,1.48,0
5504,49,11.997336842235313,3.72,0
5505,31,11.821961754019965,9.81,0
5506,29,14.614247798105389,21.62,0
5507,5,16.283550846764655,2.17,0
5508,25,5.552842780966936,13.14,1
5509,41,7.362806265444903,3.16,0
5510,31,7.482134252088651,16.37,0
5511,21,8.07986182043036,11.5,0
5512,20,15.080034367339739,7.4,0
5513,39,15.972890293834656,10.49,0
5514,22,20.06592115763648,20.91,0
5515,4,17.77464714707909,4.88,0
5516,13,12.08871310127478,14.66,0
5517,45,16.149641392103927,1.73,0
5518,42,20.27114087781601,12.08,0
5519,49,13.86308657742461,13.89,0
5520,20,13.447906849195146,5.85,1
5521,13,10.27521357509297,15.78,1
5522,17,10.975870924574819,8.14,0
5523,36,18.427871353704376,27.53,0
5524,33,14.980877546239645,1.19,0
5525,1,24.791955088364197,1.4,0
5526,15,11.616463938638235,18.48,0
5527,13,18.806865828290523,18.47,1
5528,17,16.932045754360864,6.37,0
5529,24,14.553127893129727,33.23,0
5530,8,12.822489885744123,11.38,1
5531,27,18.00050935839024,40.66,0
5532,45,17.713368926787744,7.6,0
5533,23,16.00994229513545,2.25,0
5534,46,17.128172018898344,5.88,0
5535,8,15.182433831705996,39.37,1
5536,8,6.7940963056627695,4.63,1
5537,26,15.42186751383031,31.47,1
5538,47,13.657247953376377,15.95,0
5539,13,24.73121758699755,5.84,1
5540,39,18.166928168817986,7.81,0
5541,37,16.007545640995463,9.35,0
5542,49,17.31415036613334,10.96,0
5543,28,9.884409351941525,0.8,1
5544,25,11.951156855551623,27.12,0
5545,16,13.326055378592216,9.09,1
5546,2,16.94211251820377,26.76,0
5547,18,12.826238563708516,9.99,0
5548,17,12.49280731865294,5.64,1
5549,30,9.66068165649582,8.37,0
5550,39,15.125605442756342,17.69,0
5551,13,15.827830964571948,3.95,0
5552,32,17.142616478735462,31.34,0
5553,29,11.519918897240164,6.27,1
5554,46,16.853878758097263,31.29,0
5555,30,9.798628116449878,21.27,0
5556,18,13.90468102752713,14.6,0
5557,13,16.50786068042732,6.3,0
5558,43,13.706438863096508,8.84,0
5559,21,7.190777749923948,18.2,0
5560,30,7.786837028842507,7.85,0
5561,21,16.10447434003702,13.4,0
5562,48,17.898256783742227,15.64,0
5563,17,16.696583943960277,7.2,0
5564,40,18.018711046189164,7.68,0
5565,19,13.597287570651087,2.2,0
5566,15,18.692209554566244,2.81,0
5567,9,16.680300397444686,23.53,1
5568,10,11.802716174476304,18.35,0
5569,44,17.57226855696809,0.1,0
5570,31,16.48025102067248,20.36,0
5571,23,23.362470438037946,0.26,0
5572,30,21.896599767437458,6.13,0
5573,33,14.53848225926943,0.7,0
5574,9,12.911596988548652,34.68,0
5575,47,22.7955562654406,35.87,0
5576,1,17.757697596275904,9.44,0
5577,44,14.12926116615626,4.98,0
5578,35,5.054691215855934,7.17,0
5579,11,11.22250275816447,14.37,1
5580,34,10.87485961615196,2.53,0
5581,16,14.268096866564324,5.83,0
5582,9,18.09259168377325,13.37,0
5583,32,18.856266121611185,5.03,0
5584,15,22.50017842644655,0.33,0
5585,12,19.656979188351087,7.08,0
5586,33,8.497660425895077,13.37,0
5587,45,20.150037897702127,37.64,0
5588,14,23.6666235263668,0.38,0
5589,8,23.41904038510301,7.76,0
5590,8,8.935682753458781,5.98,1
5591,27,14.04451699010777,2.78,1
5592,12,19.804868747849863,10.15,1
5593,1,9.208284832189353,1.79,1
5594,43,6.375425080404252,3.34,0
5595,40,16.569778433853116,15.22,0
5596,42,11.622042864466486,6.17,0
5597,11,6.842744664926917,50.63,0
5598,39,21.147602213762728,4.89,0
5599,43,15.821563290589914,6.22,0
5600,31,12.3965383272877,3.57,0
5601,17,10.181579579037937,2.7,0
5602,33,15.872830741716802,25.55,0
5603,32,17.577085994627637,13.82,0
5604,29,16.629663364017244,4.06,0
5605,21,7.405433393655592,12.04,0
5606,21,17.384260321185177,33.75,0
5607,40,18.47224754673499,0.77,0
5608,23,13.282979646488327,3.07,0
5609,6,20.198051909744592,2.24,0
5610,22,10.740413035288075,20.39,0
5611,38,21.452923930155013,1.97,0
5612,37,15.661578422153221,3.68,0
5613,45,12.51915263991722,7.85,0
5614,8,13.40775754834612,9.7,1
5615,41,19.996424417149825,16.51,0
5616,49,16.18621174957688,5.23,0
5617,35,18.225336632537783,7.64,0
5618,11,20.37334651362705,33.66,0
5619,24,12.370114670333411,3.53,0
5620,49,15.636491680396814,2.85,0
5621,21,13.877720198415062,12.4,0
5622,2,20.085289889781688,14.75,1
5623,40,13.087722906647201,5.36,0
5624,19,15.239158821809356,2.4,1
5625,39,26.478623005737663,15.09,0
5626,28,21.42558137116539,11.1,0
5627,17,9.8238594490229,20.89,0
5628,6,19.509880536790092,18.6,0
5629,19,18.4438464417832,2.3,0
5630,38,9.49681831082554,17.86,0
5631,28,14.44972132105197,1.93,0
5632,2,10.261484693913932,19.93,1
5633,38,3.0369911274036063,14.71,0
5634,37,14.270142377286254,8.44,0
5635,4,12.469549352464028,10.28,1
5636,22,9.495488073401948,1.1,0
5637,26,14.95206866663802,0.41,0
5638,49,4.396937721706182,4.01,0
5639,43,15.206374696715198,17.23,0
5640,36,15.076990605555688,6.27,1
5641,13,18.393697766102985,2.53,0
5642,32,6.984103820643959,17.99,0
5643,17,25.69712127929163,2.6,0
5644,41,23.779011127084406,16.9,0
5645,36,11.133926159170977,6.03,0
5646,46,22.29869427833556,6.23,0
5647,19,19.285360563712626,3.18,0
5648,35,12.802874371068432,23.04,0
5649,46,11.965734970843679,0.93,0
5650,40,12.343877074606814,1.56,0
5651,28,29.13184438484686,10.1,0
5652,1,21.800597144557013,18.98,0
5653,42,13.98613553058732,1.0,0
5654,18,14.417887999851098,13.23,0
5655,48,19.23724105340656,13.57,0
5656,40,19.018221242413194,8.71,0
5657,33,10.21561911308845,6.67,0
5658,12,16.4876931761012,3.87,0
5659,8,12.237282358283236,4.33,0
5660,24,15.760998906580399,11.22,0
5661,16,14.759934334295743,0.68,0
5662,4,20.088222361218833,8.79,0
5663,38,13.65861539337777,3.27,0
5664,44,15.59158742280438,6.28,0
5665,27,5.609540830584997,8.19,0
5666,9,16.618264645766413,21.69,0
5667,47,11.107391364495438,8.65,0
5668,16,7.414324850786893,2.58,0
5669,12,20.645571137928684,0.83,0
5670,31,14.79115316267013,9.86,0
5671,24,4.614204401320093,7.88,0
5672,14,11.081882189711525,11.14,1
5673,45,15.02500875717602,6.15,0
5674,25,15.17374569913903,17.44,0
5675,34,12.502971554945834,25.28,0
5676,3,1.0,0.41,1
5677,24,12.240439217532545,13.63,0
5678,42,20.35516657361335,0.36,0
5679,9,22.011972322562183,5.89,0
5680,26,11.962545182882005,6.19,0
5681,20,24.416670548345024,11.91,1
5682,40,6.914944576259261,4.34,0
5683,10,10.949842406852209,17.2,1
5684,19,19.45748061858034,4.2,0
5685,3,18.67027602501635,4.19,1
5686,24,14.951904607523236,2.52,1
5687,5,9.40437093959844,11.52,0
5688,3,9.39100988201161,0.8,0
5689,27,11.371581493708886,4.51,0
5690,16,9.60829319089973,3.1,0
5691,49,15.653515752954515,2.61,0
5692,15,14.538663241162629,0.63,1
5693,35,9.193190845485411,2.11,0
5694,12,13.225585663330655,5.91,0
5695,41,1.75281759345944,7.01,0
5696,44,16.696102396625392,3.14,0
5697,26,18.583628024402856,10.51,0
5698,47,10.44094943096502,4.09,0
5699,34,11.06812011567322,4.58,0
5700,23,16.28944368980627,15.26,0
5701,31,15.531330695847855,8.03,0
5702,20,18.86559178040841,30.61,0
5703,12,11.116601649681895,4.45,0
5704,23,11.697213313638816,17.59,0
5705,4,13.896507582718389,13.41,1
5706,23,9.669389377273198,22.09,0
5707,48,13.787604729230534,31.42,0
5708,48,9.7511342086968,0.08,0
5709,1,17.08785108783683,0.92,0
5710,25,10.323470224097997,11.22,0
5711,2,16.264463730800095,4.95,0
5712,30,22.28308118924019,17.1,0
5713,3,17.14112088353422,0.12,0
5714,21,15.879430278804337,16.45,0
5715,25,8.18179995883703,1.45,1
5716,20,21.945172664090528,3.43,1
5717,49,20.578641110095273,34.76,0
5718,22,14.218273664891086,0.53,0
5719,21,13.07941497053937,4.29,1
5720,33,10.930099226574349,0.88,0
5721,38,23.946884718579103,19.21,0
5722,15,18.91982286958121,12.14,0
5723,46,11.207961043199663,16.11,0
5724,15,20.49634825236036,7.49,0
5725,46,21.695743375787707,4.43,0
5726,25,14.893935125416437,0.02,0
5727,21,13.278263231647646,3.26,0
5728,24,10.03458273581423,7.23,0
5729,5,18.537142671114683,10.92,0
5730,6,12.864621307117146,2.6,1
5731,49,12.657880267564213,1.5,0
5732,43,14.942354951790342,2.25,0
5733,48,10.909963071388054,4.37,0
5734,44,22.64211650651574,1.61,0
5735,47,19.83955895049032,1.71,0
5736,23,15.382786719717082,0.45,0
5737,4,10.743766941816794,19.43,0
5738,27,11.013708463200544,2.48,0
5739,18,10.793206516638847,17.25,0
5740,21,8.846513870710254,5.77,0
5741,28,16.61342976869798,10.01,0
5742,35,11.787811198591546,0.79,0
5743,22,11.502244184069312,8.76,1
5744,40,10.930315486507869,3.42,0
5745,23,20.017892954138652,1.0,0
5746,3,11.207127498786212,23.88,1
5747,40,21.345222425008075,9.25,0
5748,10,13.561531056325755,2.77,0
5749,25,8.774596060457611,5.44,0
5750,49,17.34633901251817,4.41,0
5751,8,19.436380949787917,12.06,1
5752,11,10.709833483528008,9.35,1
5753,5,15.316202572318819,0.2,0
5754,45,16.592314190748137,2.2,0
5755,37,15.478169261115523,6.5,0
5756,45,12.709278631178865,5.9,0
5757,38,19.408101822085328,7.27,0
5758,29,13.74441570298963,12.55,0
5759,5,11.971600631947563,11.46,0
5760,9,6.17458546838458,4.67,0
5761,48,6.2212105244417,21.0,0
5762,2,16.079519352631138,0.65,1
5763,1,14.614750439369983,8.78,1
5764,40,19.437225095598144,29.89,0
5765,30,20.651421707649323,7.96,0
5766,11,13.774482057170845,6.07,1
5767,28,19.743249482050516,1.44,0
5768,44,12.190769435411166,16.62,0
5769,12,14.250550749738416,4.68,0
5770,39,14.107575364994364,12.08,0
5771,26,22.89531273116821,2.2,0
5772,13,8.607569465268838,0.43,0
5773,8,15.295688280723345,3.65,0
5774,28,11.519824613350554,3.3,0
5775,30,13.504925137516121,20.67,0
5776,9,13.291087143385756,20.0,0
5777,39,15.360319667722171,7.63,0
5778,31,21.73458751404724,0.19,0
5779,21,24.510001835036896,2.59,0
5780,47,18.282857488765792,10.19,0
5781,34,10.104335166595952,1.07,0
5782,31,14.126865972172881,12.06,0
5783,25,16.30301065298721,0.12,0
5784,12,12.965383688324152,11.47,1
5785,1,13.614625119068677,18.61,0
5786,22,14.644197230290255,6.33,0
5787,40,18.86106085552313,17.67,0
5788,37,17.65090847701691,15.21,0
5789,47,11.949171647561219,11.13,0
5790,1,17.96417085316537,5.89,0
5791,1,23.6218067966711,3.17,1
5792,42,7.435257828311964,19.72,0
5793,42,12.813352027296563,10.46,0
5794,21,12.433223964017966,16.0,0
5795,15,15.399583242708678,8.03,0
5796,17,5.880624148392965,1.89,1
5797,22,21.805436378125655,38.84,0
5798,38,15.233958811665795,2.02,0
5799,35,16.49066698604612,24.22,0
5800,45,15.911581901168482,2.33,0
5801,16,12.417337490200559,4.68,0
5802,8,18.493272527832872,5.8,1
5803,47,15.02615009671788,25.43,0
5804,17,4.576675323125386,21.91,0
5805,17,14.45918182405318,17.33,0
5806,26,13.612138457202157,4.73,0
5807,13,18.48370843444213,0.05,0
5808,17,28.507065444948516,11.44,0
5809,38,16.888426391999985,5.29,0
5810,17,25.598992738947032,14.15,0
5811,48,11.568867850942636,15.84,0
5812,14,11.889380825853408,5.79,0
5813,45,13.767830439716127,13.79,0
5814,6,17.125960701850456,18.32,0
5815,35,11.796986759715578,26.38,0
5816,46,6.940767832823742,8.73,0
5817,14,15.115275942399148,15.07,0
5818,47,9.285030146117016,6.82,0
5819,8,20.57914499914441,0.43,1
5820,15,18.219351551854558,1.69,0
5821,27,11.202376233701113,1.37,0
5822,13,17.278960315266758,1.88,0
5823,49,12.259207189443236,0.1,0
5824,31,14.739039332109645,19.57,0
5825,35,14.791642724638141,8.21,0
5826,6,13.321847377575935,4.83,0
5827,5,19.15339938767475,5.27,1
5828,22,9.40418148405282,6.22,0
5829,49,17.6848806034994,0.77,0
5830,23,16.522645593946784,3.21,1
5831,25,7.9771276416843335,19.08,0
5832,34,11.027894415739134,13.61,0
5833,26,9.530603856786938,8.29,0
5834,47,13.167866596834553,6.55,0
5835,5,15.242132286075423,3.0,0
5836,26,10.35806772946504,6.37,0
5837,20,19.845643029119763,9.11,0
5838,6,20.28891284487436,12.47,1
5839,6,21.172098134656018,1.82,0
5840,18,1.409774050598518,16.77,0
5841,4,24.740841170128533,4.24,0
5842,17,15.830271852678365,7.0,0
5843,14,15.236497566534492,9.36,0
5844,14,14.490630882330917,6.7,0
5845,13,8.393756496918197,8.49,1
5846,7,16.798790468510983,1.18,0
5847,44,23.059721732181508,5.66,0
5848,15,15.770119086097129,3.29,0
5849,19,9.424516634043014,0.9,0
5850,43,7.373466492025491,2.13,0
5851,47,13.529881308794405,9.22,0
5852,44,11.279865887450812,2.19,0
5853,35,18.512873969781943,2.0,0
5854,17,21.85209370316651,8.05,0
5855,35,17.34825743120953,23.51,0
5856,19,14.574539198232424,15.54,0
5857,20,14.337341872896124,23.55,0
5858,36,15.355417916482645,8.75,0
5859,35,9.200296837877929,5.28,0
5860,32,18.01132631053959,13.08,0
5861,48,9.595914047166056,3.03,0
5862,44,20.580844095954404,0.81,0
5863,40,13.183764377640358,4.23,0
5864,24,19.15404550401162,3.56,0
5865,17,7.6336534210847615,11.26,1
5866,7,19.118798073879212,8.02,0
5867,43,21.812636848284292,1.49,0
5868,1,8.592112704747638,23.91,0
5869,35,14.432481952721528,9.0,0
5870,32,16.674430695606315,6.12,0
5871,36,16.919339300563294,27.68,0
5872,13,13.30223457891511,1.02,0
5873,6,12.420823407079178,15.59,1
5874,14,16.266314729588462,4.54,0
5875,37,16.762769637917902,11.89,0
5876,48,11.862975434087458,26.7,0
5877,15,10.874790205549662,7.29,0
5878,47,21.056878608981332,0.23,0
5879,4,15.538343778524993,0.29,0
5880,40,3.641477410002988,4.01,0
5881,16,21.087555291761532,15.22,0
5882,28,12.014284733293563,3.4,0
5883,16,15.333701614649359,4.07,0
5884,4,16.87432139567182,15.35,1
5885,45,7.581582788694363,1.24,0
5886,26,13.555987462401383,18.76,1
5887,28,21.587870461669826,3.09,0
5888,32,20.44679698000864,0.53,0
5889,45,13.548203765583324,1.25,0
5890,2,18.57916895882222,30.48,0
5891,31,19.237624764798554,6.0,0
5892,3,18.982507214130624,2.96,1
5893,8,9.269872862585999,7.37,0
5894,24,23.205751351197385,11.47,0
5895,15,12.68078670172112,3.84,1
5896,43,15.546684213779402,12.92,0
5897,31,13.243595988094029,2.91,0
5898,9,16.148805642446742,1.19,0
5899,39,10.678678030195062,7.98,0
5900,45,13.874385367369321,1.64,0
5901,2,15.913785893429132,28.22,1
5902,8,21.123244891260857,0.0,0
5903,7,20.51964239503512,14.09,0
5904,44,20.772765093896627,3.28,1
5905,39,19.343261206311105,18.71,0
5906,42,24.23337681272497,0.62,0
5907,16,13.54929548591386,30.58,1
5908,35,14.211159098551903,1.07,0
5909,30,14.005285280855993,15.51,0
5910,10,14.694346205010646,7.28,1
5911,38,7.818896442423775,5.63,0
5912,18,16.323803941336628,3.29,0
5913,5,17.480275122258934,18.41,0
5914,29,13.71296609840823,2.23,0
5915,39,6.213296814635619,12.77,0
5916,34,15.107152856878834,5.9,0
5917,43,8.526466231929113,64.99,0
5918,45,17.136555433769427,9.45,0
5919,23,15.596558169353953,1.1,0
5920,5,16.08686063347155,5.44,1
5921,30,9.694816633839075,0.69,0
5922,6,21.307918827608678,3.36,1
5923,46,15.85104597937137,4.21,0
5924,44,10.428813392614348,19.19,1
5925,4,17.898208244294835,18.2,0
5926,29,15.488676930468571,0.12,0
5927,23,24.184585031395724,7.6,0
5928,6,12.235627709226605,2.53,0
5929,32,8.762332809289862,3.86,0
5930,42,16.446733554719902,0.22,0
5931,18,20.061129345683213,13.85,0
5932,15,26.614845212111504,30.08,0
5933,40,32.093060896845756,2.48,0
5934,32,7.239757720550834,4.18,0
5935,9,14.323811821796392,2.31,0
5936,37,8.77893628321312,26.6,1
5937,10,13.763081063097577,0.09,0
5938,20,27.38621871143757,8.77,0
5939,6,10.901443360439572,20.46,1
5940,48,14.890243280820838,2.06,0
5941,3,12.09569334969818,8.92,1
5942,42,9.983521225525308,0.52,0
5943,11,23.963950011716264,16.85,0
5944,43,7.303713140938303,3.21,0
5945,17,14.587431308396548,44.88,0
5946,32,15.439816037615822,25.51,0
5947,4,14.834750556346977,13.19,1
5948,4,13.421455791345297,6.87,1
5949,17,23.07171458458851,14.55,0
5950,41,4.440594091931764,1.4,0
5951,19,17.182258719098286,3.71,0
5952,5,17.404996662448116,0.27,0
5953,32,16.434948812007505,10.36,0
5954,22,10.845780716546034,16.38,0
5955,6,21.02515537825455,29.24,0
5956,35,20.774901145989457,11.6,0
5957,22,10.66955621397067,13.17,0
5958,1,9.01058554044422,22.58,1
5959,20,8.044486836631183,27.55,0
5960,22,16.127025809911014,6.76,0
5961,48,15.233910196940952,1.16,1
5962,11,13.194460409590844,6.28,0
5963,13,25.406586500162774,8.12,0
5964,42,12.694578173213031,9.98,0
5965,3,15.937499448238505,45.36,0
5966,9,14.028472192922738,24.96,1
5967,12,24.815590175805212,5.05,0
5968,23,5.051663446864286,1.2,0
5969,14,13.450450173477995,2.42,1
5970,33,18.071277440470325,1.91,0
5971,18,13.888058860860545,4.4,0
5972,49,8.478336909097804,20.91,0
5973,41,15.882985169528645,5.76,0
5974,9,6.8933823026730625,8.38,0
5975,23,18.3511742029588,1.97,0
5976,10,12.933685405366509,6.79,1
5977,19,12.092640208511115,20.69,0
5978,47,20.230780826116884,14.85,0
5979,5,9.983878994491157,0.85,1
5980,47,7.2876672189162335,19.81,0
5981,23,10.44758705283762,3.2,0
5982,30,25.235003283867407,10.96,0
5983,25,9.981562087647838,1.58,0
5984,28,16.82761684688089,11.23,0
5985,34,19.21676641957353,0.36,0
5986,45,10.3012503268415,9.18,0
5987,48,10.307727507364234,10.38,0
5988,47,15.90079317476798,2.8,0
5989,25,16.126611087004537,27.64,0
5990,10,21.73808542901154,0.47,1
5991,14,11.153842877923154,22.23,1
5992,42,13.113732439487855,4.81,0
5993,46,29.191981778320635,12.51,0
5994,30,6.036873837823606,10.54,1
5995,41,5.01155928257203,1.84,0
5996,25,8.084795121937205,3.84,1
5997,14,20.508027538220848,7.54,1
5998,35,12.808575338286175,18.74,0
5999,48,12.806766362027027,30.98,0
6000,34,10.173886650289537,0.21,0
6001,10,19.592091522860315,4.35,0
6002,35,8.162231218744902,11.03,0
6003,11,12.092490235027265,7.5,1
6004,11,10.37178784652172,28.65,0
6005,21,1.6386360089936112,0.17,1
6006,21,12.60880525487388,5.76,0
6007,22,14.704104445947777,11.05,0
6008,45,11.122390753107444,2.45,0
6009,7,13.658624873967588,12.94,0
6010,17,13.786869472429421,0.85,1
6011,2,14.334871620178882,6.0,1
6012,12,9.729757523415891,11.28,1
6013,42,9.442552155737982,3.1,0
6014,18,15.234732505246765,0.77,0
6015,11,7.61956181098353,31.47,0
6016,16,13.929374844528768,24.51,0
6017,49,23.177453118085815,26.09,0
6018,18,14.805882566512716,38.4,0
6019,35,5.8671663116502835,2.04,0
6020,26,15.899091074007401,1.72,0
6021,16,19.092451831153987,0.35,0
6022,6,11.023414677428187,22.24,1
6023,44,13.505233610219106,13.97,0
6024,43,10.611556104570793,10.03,0
6025,47,12.689091717092023,26.27,0
6026,47,11.672268416524895,8.56,0
6027,48,17.17834259320746,1.39,0
6028,42,23.291311803043943,1.95,0
6029,12,15.286077250550324,1.42,1
6030,13,7.29128710850792,3.68,1
6031,4,27.647166511020828,4.77,1
6032,39,17.91449305872203,15.94,0
6033,2,18.93235219531948,2.12,1
6034,26,14.681369248236257,12.92,1
6035,27,16.163645873380265,6.76,1
6036,27,13.29087065558814,79.86,0
6037,15,19.518479544513248,14.99,0
6038,8,12.612983358258685,34.72,1
6039,7,17.446872102785107,4.19,0
6040,47,19.847018582285305,1.31,0
6041,46,21.229674428884632,7.05,0
6042,40,20.15971348484556,1.33,0
6043,12,9.882006109201168,6.78,0
6044,13,22.86373091651433,3.15,0
6045,43,18.321294789202177,6.75,0
6046,17,16.527966418056703,29.88,0
6047,17,17.104383789660744,3.41,0
6048,36,14.20805052744973,50.26,0
6049,21,12.666890682576154,2.6,0
6050,8,13.157473939219493,2.33,1
6051,5,21.440636442698572,7.87,0
6052,26,15.405259238249492,18.45,0
6053,16,16.40858942564337,13.84,1
6054,36,15.300709879635976,12.86,0
6055,28,11.66037534804186,3.32,0
6056,29,4.265895339165898,0.23,0
6057,47,18.84360057101324,1.76,0
6058,12,18.313888250736184,4.3,0
6059,37,14.942720565508578,35.64,0
6060,30,9.548811454348028,25.23,0
6061,23,24.104094401700493,2.24,0
6062,16,13.294240477491075,12.93,0
6063,14,16.24125750801299,8.65,0
6064,10,11.484258350359827,0.51,0
6065,7,8.251406818365682,4.65,1
6066,45,17.948164802347026,6.66,1
6067,37,7.495957180874846,11.01,0
6068,29,16.14519214016445,3.49,0
6069,3,16.159716082980825,27.15,0
6070,15,9.401183976735503,6.01,0
6071,36,8.51791490463181,2.86,0
6072,47,11.147821479714478,3.8,0
6073,46,11.86219740331099,13.94,0
6074,19,7.351327609189181,10.22,0
6075,13,9.374293967642219,13.55,0
6076,42,15.379525528212431,3.46,0
6077,21,24.9481165989297,3.96,0
6078,37,20.038240137928064,5.05,0
6079,27,15.802598818017087,2.09,1
6080,29,20.641709336640588,11.75,0
6081,20,20.77731722016334,4.0,0
6082,25,13.475100286326422,3.95,0
6083,6,16.289479194638595,3.14,0
6084,36,19.889489478582405,6.03,0
6085,2,20.572362652739695,14.78,0
6086,22,20.620363053062807,18.06,1
6087,32,9.864946314479443,16.32,0
6088,16,20.875257866302867,9.71,1
6089,18,24.2903845476748,3.29,0
6090,5,22.467138749294733,13.27,1
6091,36,9.572389750990217,0.4,0
6092,30,8.315118468182062,16.0,0
6093,45,17.32612841346796,15.15,0
6094,19,22.374169851082048,11.09,0
6095,23,16.13083992258437,1.03,0
6096,34,13.825110839223305,59.3,0
6097,13,14.54905500037742,14.12,0
6098,43,20.102460999707912,13.27,0
6099,29,13.391962101437077,0.66,0
6100,36,17.40477328366646,5.09,0
6101,22,14.348184493426944,0.9,0
6102,47,10.558310071647725,4.48,0
6103,36,10.16654442159654,8.45,0
6104,9,17.62654657094982,21.11,0
6105,39,1.472981837524534,3.33,0
6106,19,17.396313669140284,9.77,1
6107,38,14.146900211479045,1.8,0
6108,6,19.73041564958105,4.37,0
6109,47,18.007320990100716,29.42,0
6110,15,15.223104629003243,13.77,0
6111,20,9.663176958703614,7.89,0
6112,9,9.933821522078476,2.9,0
6113,32,11.77517473572758,4.78,0
6114,4,19.342971229440078,1.7,0
6115,18,23.843525615775214,4.36,0
6116,5,16.649455819423377,1.63,0
6117,20,12.05390530646224,15.86,0
6118,23,12.574879298254519,0.84,0
6119,11,12.804956333780838,2.1,1
6120,37,20.20057257220632,11.75,0
6121,22,12.70707016106072,23.28,0
6122,4,14.781565866949506,33.41,0
6123,29,21.723992743500204,18.08,0
6124,44,12.162611542741642,2.38,0
6125,34,17.78530286015019,3.36,0
6126,13,19.50227476390144,20.46,1
6127,42,15.3172098768316,22.01,0
6128,9,24.770589003955862,10.23,0
6129,42,23.327266099161278,3.76,0
6130,31,16.31548541500104,2.54,0
6131,7,10.980915707718813,19.12,0
6132,4,11.217206939806552,2.3,0
6133,19,16.06320595423822,10.84,0
6134,42,9.549847254766053,34.41,0
6135,30,16.344709813746356,12.22,0
6136,31,23.440477718067818,2.98,0
6137,35,15.312433843907563,3.32,0
6138,21,14.905261139698558,0.97,0
6139,31,19.26596533088435,11.59,0
6140,19,17.62417779738329,7.31,0
6141,31,9.258446062422781,2.31,0
6142,32,12.723829126261943,2.58,0
6143,2,24.46977161759264,0.09,0
6144,10,16.627225941382335,38.36,0
6145,2,9.967833464141147,17.6,1
6146,2,14.040771080939725,5.01,1
6147,24,6.087063667235052,29.2,1
6148,17,5.712389827553771,11.3,0
6149,32,19.91135617685808,13.92,0
6150,16,14.977641652852968,11.39,0
6151,16,17.594384419319283,14.14,0
6152,46,20.789424557920867,1.87,0
6153,39,16.697369288759855,8.26,0
6154,31,18.665510308887168,18.93,0
6155,43,16.28654552068366,0.2,0
6156,24,21.43199042915232,1.32,0
6157,1,23.867236697009343,2.82,0
6158,11,15.99785344759045,3.49,0
6159,21,15.788179826364928,2.02,0
6160,4,16.600800058649902,9.79,0
6161,7,14.472373359673353,3.48,0
6162,26,12.998597604951554,1.72,0
6163,47,20.241680471403694,23.63,0
6164,12,13.005351525001618,11.88,0
6165,31,12.716976112196157,2.82,0
6166,17,19.491851270953106,4.48,0
6167,33,19.87554795258687,13.5,0
6168,11,26.667357679484617,15.65,0
6169,28,21.098319254712095,1.94,0
6170,32,19.13513800415403,27.58,0
6171,1,19.856721143681945,15.38,1
6172,47,14.260581969881747,19.44,0
6173,28,17.811075184491965,1.55,0
6174,42,18.048209662502185,1.55,0
6175,7,12.289639867301982,3.64,0
6176,2,14.755277985283737,0.67,0
6177,42,19.761962031827355,0.95,0
6178,24,14.907453602428824,1.55,0
6179,4,18.057857751498787,12.46,1
6180,44,19.483987413026504,0.31,0
6181,19,19.250716995791034,0.87,1
6182,26,23.653251508409905,28.86,0
6183,11,12.093592489367971,0.87,0
6184,40,23.212593032432174,7.71,0
6185,43,17.371381430513956,10.29,0
6186,11,19.170240242375495,31.84,1
6187,45,18.484758599109828,23.01,0
6188,3,18.231768425800993,5.81,0
6189,12,11.813144910144175,28.5,1
6190,3,18.986428295802092,5.66,0
6191,42,7.805842908160974,11.08,0
6192,27,25.476330282187988,3.01,0
6193,49,16.90909774972294,10.12,0
6194,2,20.799853333207405,7.73,1
6195,49,18.40908679148587,9.34,0
6196,16,15.182925044831714,11.48,1
6197,2,12.296252175308986,1.91,1
6198,30,11.34831382994056,3.58,0
6199,20,18.89683257188905,13.33,0
6200,38,18.63496057524398,1.79,0
6201,28,17.792242419364808,4.22,0
6202,25,14.411169000768632,10.98,0
6203,32,17.066179575527855,27.75,0
6204,10,12.885733008296405,0.78,0
6205,42,11.595886613140213,7.27,0
6206,40,13.61337617179035,0.85,0
6207,33,13.833348363721436,4.77,0
6208,13,22.32101315591239,1.93,0
6209,41,8.174849760480939,10.48,0
6210,42,14.834845455066308,14.18,0
6211,47,18.16173191371052,2.84,0
6212,37,24.9276725391719,12.48,0
6213,16,11.962828869607275,5.92,0
6214,45,9.4204114637688,3.33,0
6215,22,18.614993290192125,7.41,0
6216,20,15.824290052363153,4.77,1
6217,43,13.896009584333607,2.61,0
6218,27,17.188139468990656,14.14,0
6219,41,19.30922103529999,15.97,0
6220,16,18.685199848193832,16.11,0
6221,34,16.50863332110313,4.81,0
6222,32,21.58402736142098,1.86,0
6223,26,15.986976176321388,18.35,0
6224,25,15.215604424853243,3.99,0
6225,2,18.56945851046564,13.79,1
6226,12,8.69735188528034,17.01,1
6227,40,18.078776448225582,14.62,0
6228,9,13.483905341127207,4.94,0
6229,12,8.350073045309927,27.81,1
6230,26,17.12592239980808,10.79,1
6231,9,12.708637463531048,8.57,1
6232,10,6.9275785568502535,11.97,0
6233,32,10.644300254586266,0.46,0
6234,34,23.448256586018566,4.95,0
6235,48,12.216522655628626,21.3,0
6236,20,16.614841925359322,1.76,0
6237,39,9.579357161781012,5.35,0
6238,2,25.504642986258848,5.2,0
6239,1,15.346684042362439,4.4,1
6240,36,11.579731094494095,8.26,0
6241,24,19.425471599391805,55.72,0
6242,27,25.25099696025007,2.96,0
6243,2,12.958703246333432,12.21,0
6244,31,11.479776182447614,14.19,0
6245,14,26.475803360267584,8.78,0
6246,2,14.38660978120193,1.03,1
6247,29,13.816987981084846,8.5,0
6248,15,4.278099247971799,30.68,0
6249,12,14.831681279287704,4.19,0
6250,37,8.220270810604372,10.21,1
6251,28,12.199534414259121,32.04,0
6252,20,4.928491830879398,15.99,1
6253,39,21.175742476853642,11.66,0
6254,24,7.666946237288267,35.46,0
6255,21,5.296246786921898,1.87,1
6256,10,10.45891402241169,14.82,1
6257,46,21.236682332013167,5.22,0
6258,14,12.77503450232894,4.47,0
6259,37,13.443705925222138,7.35,0
6260,18,17.392244302146477,0.34,0
6261,24,14.241709191921482,3.75,0
6262,14,21.189794106040836,1.82,0
6263,34,13.801849161846963,1.49,0
6264,12,13.883758775508142,4.11,1
6265,22,26.320966419154495,16.21,0
6266,6,15.275826996019768,2.25,1
6267,36,16.152853208832397,7.58,0
6268,45,13.947871362203841,13.81,0
6269,36,2.85882759356452,2.76,0
6270,22,19.364351724694956,25.8,0
6271,14,23.3026626870393,20.14,0
6272,16,21.278576584704084,2.89,1
6273,36,12.209591978430662,45.7,0
6274,25,14.133963880894687,11.06,0
6275,32,16.74593613927359,3.37,0
6276,33,16.56967672482676,11.43,0
6277,45,18.40484878472762,10.97,0
6278,36,16.01530677448174,9.32,0
6279,20,13.193360733181184,12.44,1
6280,18,15.684728043188848,3.12,0
6281,38,19.99392624145709,38.63,0
6282,3,29.581392320735898,19.51,1
6283,23,12.50529384254412,13.69,0
6284,32,16.13102281162035,0.27,0
6285,45,13.183593858607697,8.93,0
6286,16,16.537758051825335,12.26,0
6287,5,19.878263193940526,19.25,1
6288,4,13.959381321448538,29.22,1
6289,21,4.769838322413003,24.75,1
6290,40,20.142868616754324,5.21,0
6291,14,15.65209553754656,22.68,0
6292,39,13.289839862673299,0.01,0
6293,31,12.173562371930068,4.33,0
6294,14,16.55602406222433,1.21,1
6295,6,11.520634647086476,21.46,1
6296,12,12.104964800690393,26.31,1
6297,16,8.756906816979122,2.96,0
6298,17,11.58818439904374,4.58,1
6299,45,18.154318794187606,41.28,0
6300,23,8.094149705197811,8.35,0
6301,14,20.76033671666012,6.87,0
6302,7,9.105233735799784,6.94,0
6303,46,15.74967906904504,11.91,0
6304,32,17.424744038007198,30.91,0
6305,15,19.12320976799856,4.57,0
6306,44,19.124459642414173,1.9,0
6307,17,14.579865715121564,2.05,0
6308,41,14.142241804758578,0.21,0
6309,47,17.982671657458674,8.11,0
6310,44,16.39013651669715,26.47,0
6311,34,13.270892884644777,12.49,0
6312,5,16.85486279234308,49.57,1
6313,45,14.164360742170015,24.03,0
6314,27,11.997322956694525,6.77,0
6315,23,13.108297397740017,6.67,0
6316,40,17.432094159246404,9.9,0
6317,14,10.359561924693626,1.18,1
6318,15,20.531678467404987,9.36,0
6319,43,12.21363206818065,6.24,0
6320,33,3.7005391304701227,10.29,0
6321,31,17.76271158532358,8.33,0
6322,35,1.4926980659289129,3.72,0
6323,17,9.940404681113268,9.36,0
6324,28,27.1122821146062,4.56,0
6325,19,20.299965597019913,2.16,0
6326,46,19.886878792772066,11.24,0
6327,23,9.405903579954181,3.66,1
6328,32,14.0668475196843,21.98,0
6329,40,21.207149759386162,2.22,0
6330,13,18.198187870576692,9.17,0
6331,20,20.67928472489554,8.48,0
6332,35,23.907675656088223,2.2,0
6333,5,18.30054937849951,5.8,1
6334,9,8.846580589498032,11.26,1
6335,29,17.991909387900588,3.83,0
6336,6,13.822345835695629,1.21,1
6337,25,8.545700837015787,9.55,1
6338,31,19.472788837882536,2.54,0
6339,22,21.010364224868326,11.44,0
6340,2,14.530502232123977,18.29,0
6341,45,16.602380761302335,1.32,0
6342,5,4.636655248429996,5.76,1
6343,27,20.618865541743016,5.89,0
6344,25,18.96630669863982,10.01,0
6345,8,16.251119570600032,4.07,0
6346,1,8.737752119081549,5.42,1
6347,20,6.778127793814303,0.12,0
6348,44,25.132877068056338,1.31,0
6349,23,10.00214743856644,8.44,0
6350,32,15.670920711450533,2.43,0
6351,11,10.156538311302352,1.56,0
6352,39,3.555456556728057,3.92,0
6353,47,17.240034998270012,1.79,0
6354,24,18.01930299416883,0.61,0
6355,11,6.656014888162941,3.34,1
6356,29,20.541426102222346,1.8,0
6357,26,12.366991358557694,16.06,0
6358,16,9.587047961679751,0.65,1
6359,35,9.259093348259224,13.76,0
6360,20,19.35613099048555,4.83,0
6361,46,5.381309649287262,11.25,0
6362,3,8.789139863037658,0.54,0
6363,1,17.157998205740764,25.35,1
6364,47,16.493387707622063,14.58,0
6365,1,9.890091713261784,1.51,1
6366,17,21.431703573197048,2.47,0
6367,2,9.434667544786251,10.33,0
6368,29,13.957263146712053,25.45,0
6369,20,13.29535557282422,5.9,0
6370,6,13.314675871602118,6.65,1
6371,8,14.023346460680104,2.72,1
6372,29,13.874007475647907,4.83,0
6373,48,13.81242916105442,3.37,0
6374,33,14.090364212223102,4.32,0
6375,3,20.4267856215594,0.21,0
6376,35,13.837931939414522,0.42,0
6377,5,18.459730139221133,11.42,0
6378,27,15.743612953770192,11.45,0
6379,44,16.83115243812499,4.01,0
6380,12,18.88955617706311,21.67,0
6381,20,9.29864004900833,3.09,0
6382,45,18.136999634845374,5.04,0
6383,20,13.939229603914107,13.14,0
6384,9,10.194970004378888,13.61,1
6385,39,18.878900147611624,19.74,0
6386,4,12.873020097209285,0.29,0
6387,19,16.88747382532457,2.03,0
6388,38,1.4377570220846074,10.23,0
6389,27,18.630413661284795,4.13,1
6390,45,27.950460888771342,0.45,0
6391,43,14.96167593471266,8.83,0
6392,13,13.682225052288883,4.99,1
6393,13,12.693544889801451,4.53,1
6394,22,17.77798105785835,3.07,0
6395,28,13.479470675883434,0.06,0
6396,47,18.237792071968105,2.01,0
6397,45,23.612240334378065,6.43,0
6398,22,19.20519480274139,3.23,0
6399,43,14.126668556607262,20.75,0
6400,19,9.422622487944668,1.54,1
6401,8,12.95890577321542,20.82,1
6402,8,14.19656717159867,5.19,1
6403,42,8.407003197690656,3.23,0
6404,26,20.434676089163418,3.63,0
6405,48,17.845431447449585,4.01,0
6406,26,9.757043528618553,7.06,1
6407,23,6.103923063352022,4.37,0
6408,43,18.589259553176817,10.42,0
6409,13,6.783285451801689,5.54,0
6410,28,15.419662485270415,11.14,0
6411,9,12.952402656112652,9.27,0
6412,20,18.999887339570318,2.8,0
6413,19,19.057826098537618,16.75,0
6414,48,10.893620899808402,16.04,0
6415,39,19.43983225815977,45.08,0
6416,12,13.552670393382485,1.92,1
6417,15,15.094819690829286,18.83,0
6418,31,15.197298381276827,20.56,0
6419,14,26.240834805029202,10.28,0
6420,11,14.403014569809944,7.06,0
6421,26,6.640485327456588,31.53,1
6422,42,11.426432494293188,36.01,1
6423,27,18.69022264695786,10.26,0
6424,11,13.579660199180028,4.46,0
6425,38,15.074780704160101,16.99,1
6426,34,12.840240850420326,0.93,0
6427,43,1.0,3.43,0
6428,19,11.10996545630077,42.37,0
6429,6,14.613538954595768,16.84,1
6430,46,6.152626106215086,28.06,0
6431,38,9.105786553762277,9.03,0
6432,49,13.299986621189406,5.24,0
6433,42,13.343424106850364,38.97,0
6434,28,16.972109394724473,3.7,0
6435,1,13.615714539017505,14.16,0
6436,35,16.78816886779518,8.17,0
6437,40,11.499795524667793,2.59,0
6438,8,16.057839499683368,0.18,0
6439,47,22.355575740142232,4.84,0
6440,7,16.444833504834513,7.93,0
6441,11,13.824920853137721,2.02,0
6442,39,10.28631938906775,5.35,0
6443,4,15.434877049608879,9.55,1
6444,25,13.910027045346371,12.55,0
6445,12,17.80999326025897,0.54,0
6446,26,5.890426603811127,10.91,0
6447,38,14.05946484139037,0.58,0
6448,46,17.096404389550855,0.29,0
6449,12,15.646912165040451,1.65,0
6450,43,13.337401975835933,10.6,0
6451,37,13.268234881700817,0.54,0
6452,46,9.505765870108297,0.21,0
6453,24,16.894359428446375,1.26,0
6454,16,17.124426516967375,29.9,1
6455,13,7.934474051019863,23.78,0
6456,25,18.823187558105086,0.9,0
6457,4,11.726956317332927,3.62,1
6458,11,13.120033091997893,29.43,0
6459,32,24.269482228475823,1.03,0
6460,49,23.009599346439146,0.99,0
6461,7,7.767012742151386,0.9,1
6462,46,8.605015320851122,37.5,0
6463,11,9.745048134514821,13.59,0
6464,28,22.93112266105042,2.41,0
6465,41,11.96395565203568,0.47,0
6466,23,7.62919526105042,33.59,0
6467,45,21.162232744845838,5.54,0
6468,23,17.969703376276964,9.12,0
6469,28,26.254691542654307,3.27,0
6470,43,17.959657021991088,14.2,0
6471,47,14.84058553120311,2.19,0
6472,26,16.26350504474904,15.46,0
6473,25,12.73502670362355,2.62,0
6474,29,21.527479331876513,1.03,0
6475,19,21.79137867598095,6.52,0
6476,33,7.085396300394203,16.78,0
6477,36,19.71263563728821,4.86,1
6478,14,9.644656311295742,0.29,1
6479,14,27.06868067732121,8.06,0
6480,35,22.585215429773978,11.41,0
6481,30,9.30986466155779,13.5,0
6482,28,16.19499374241043,5.14,0
6483,17,19.965431913663398,1.02,0
6484,3,11.881536934199506,8.78,0
6485,16,8.16828520080379,4.0,1
6486,46,15.508931641013248,29.35,0
6487,30,14.203179567023625,6.99,0
6488,29,10.42859707996465,6.39,0
6489,45,21.180460056089334,3.7,0
6490,15,8.555227287563659,4.14,0
6491,46,14.460675007535269,7.19,0
6492,25,15.90913143790129,3.66,0
6493,38,16.544861997574156,22.28,0
6494,42,20.653366053319445,5.78,0
6495,47,13.799818419996717,3.45,0
6496,38,1.9828842071430586,1.69,0
6497,23,13.066113885651934,11.16,1
6498,25,18.62831633327823,0.26,0
6499,42,14.279247039895504,5.98,0
6500,7,14.316254780813612,7.99,1
6501,22,17.631066607879927,4.15,0
6502,17,18.290216803652022,13.86,0
6503,18,6.068065940889891,11.26,0
6504,49,14.90657934562664,35.54,0
6505,41,14.023928894190885,7.11,0
6506,10,15.375596880308768,7.72,0
6507,10,5.151219119034778,2.82,0
6508,7,21.61542626405428,4.87,0
6509,48,15.033619160664246,0.27,0
6510,38,17.1249617002322,11.69,0
6511,27,23.82992107003918,3.73,0
6512,33,17.173263987002503,7.77,0
6513,1,7.300465485172704,2.94,1
6514,44,14.56778164524269,9.7,0
6515,34,18.374440464574143,5.93,0
6516,4,15.283143569282869,6.58,1
6517,17,23.534107351772455,28.58,1
6518,4,10.720189206371344,12.25,0
6519,43,21.22561260993828,3.04,0
6520,26,19.19533744479928,7.01,0
6521,4,15.443833429272274,6.29,0
6522,1,16.656646260304036,15.85,0
6523,7,10.111557309737023,17.92,1
6524,30,13.46371732465553,3.33,0
6525,9,17.885587528190715,17.21,1
6526,35,14.254414283924437,1.98,0
6527,8,15.301193546393671,14.39,1
6528,24,19.96221648329143,2.86,0
6529,19,5.4637810813706285,3.54,1
6530,36,16.846923970166667,19.14,0
6531,43,23.882692572167137,5.45,0
6532,27,13.115666752701255,46.63,0
6533,32,8.77860488367648,1.65,0
6534,14,13.054533235198733,6.22,0
6535,18,7.41458662817028,13.18,0
6536,28,16.128425363699854,0.05,0
6537,29,14.631529840224065,1.65,0
6538,16,16.593659260514816,0.21,0
6539,35,14.343821953267282,49.45,0
6540,47,15.979475589218342,14.3,0
6541,31,17.2524196237576,4.68,0
6542,4,9.011762409082834,1.7,1
6543,37,16.73042509357276,0.95,0
6544,17,22.241035360977534,7.59,0
6545,39,10.191388610544346,37.25,0
6546,48,16.54163241369781,11.23,0
6547,46,21.473494238189765,4.54,0
6548,26,9.224773572473651,6.95,0
6549,48,18.98927317271015,68.16,0
6550,39,13.889879295240794,7.31,0
6551,41,20.05668977740841,33.3,0
6552,4,10.877713989544095,0.16,0
6553,30,14.9547239630887,12.76,0
6554,30,7.407554764359214,9.87,1
6555,22,17.186444555853832,11.56,1
6556,11,17.243683641130428,8.45,0
6557,2,17.704012101993488,0.45,1
6558,44,17.457998251292594,1.62,0
6559,12,14.544623247448012,25.54,1
6560,30,7.611851705087905,2.65,0
6561,36,19.9603889433132,49.53,0
6562,18,14.807828701305995,11.38,0
6563,26,16.96742004600533,5.88,0
6564,7,14.073921461433828,25.26,0
6565,1,24.793801864801303,15.85,0
6566,26,12.161756786425256,5.6,0
6567,23,11.969446669951466,0.71,1
6568,26,7.191780697480633,20.27,0
6569,45,15.56456799869663,14.48,0
6570,6,24.2920353226934,15.64,1
6571,6,15.625188367643439,13.66,0
6572,44,16.135576921389216,3.23,0
6573,8,19.86607053067043,19.58,0
6574,24,15.81048277638629,0.02,0
6575,22,20.99644801533431,2.71,1
6576,19,21.738712250435206,0.48,0
6577,37,12.035040029763369,1.17,0
6578,18,7.847849139036061,7.6,0
6579,31,18.447948429881553,0.38,0
6580,37,16.613156998127966,2.0,0
6581,30,9.770698938099109,2.65,0
6582,42,11.609810026030901,10.65,0
6583,33,11.594283939766884,6.33,0
6584,10,15.73729149789331,6.13,0
6585,37,19.986925235719614,14.63,0
6586,12,20.266865695502855,6.1,1
6587,30,18.95411560627203,4.28,0
6588,27,13.539562729296666,32.82,0
6589,39,26.100562425344947,0.08,0
6590,9,15.166102329116153,3.64,1
6591,21,13.055953295415502,9.4,0
6592,12,8.169667500817297,15.27,1
6593,29,13.262301364238079,16.95,0
6594,33,17.19386704127525,0.47,0
6595,43,7.068803744129179,12.35,0
6596,15,10.2294437019855,12.74,1
6597,2,12.663293868264676,2.41,0
6598,39,11.123050699008576,1.2,0
6599,44,10.710640001054074,13.85,0
6600,18,20.623070556150072,2.87,0
6601,3,6.746602406213203,0.02,1
6602,7,15.876849384236612,2.53,1
6603,43,17.595392798806945,0.32,0
6604,18,12.579556540670051,2.87,0
6605,44,13.865254652284868,4.08,0
6606,38,14.79726520121588,3.17,0
6607,37,18.171531331651664,25.25,0
6608,33,22.653455834611865,2.65,0
6609,44,8.577518607239387,6.3,0
6610,31,10.41870197789865,31.57,0
6611,11,10.670456156112108,21.14,0
6612,4,14.93716707849797,3.7,0
6613,18,13.00109717370627,3.95,0
6614,4,18.332122358429185,9.0,0
6615,49,11.71754113575698,24.99,0
6616,34,10.558748671102368,0.1,0
6617,29,11.184312541684296,4.99,0
6618,24,15.578444079566207,18.96,0
6619,22,19.819615577439222,5.28,0
6620,2,14.777824027014853,12.73,1
6621,44,12.209192126028121,11.77,0
6622,6,9.84481466821882,2.3,0
6623,42,22.308169096022958,5.97,0
6624,25,6.1951753665914175,8.35,0
6625,21,14.069634096881458,12.57,0
6626,16,18.69862438167899,17.28,0
6627,31,14.000704100172761,14.27,1
6628,14,12.168390404477552,0.29,1
6629,39,17.678289075524248,11.11,0
6630,28,9.531090732528568,6.88,0
6631,32,6.296047956854988,8.53,0
6632,28,16.76582147440613,4.67,0
6633,49,10.024087007930305,12.52,0
6634,9,15.658593844403203,11.21,0
6635,45,14.383670523564954,8.66,0
6636,22,16.305226971237587,19.78,0
6637,32,13.864600309418915,1.07,0
6638,5,17.757593282993092,3.58,1
6639,23,11.482258615856896,6.83,0
6640,5,18.906191962256845,31.85,0
6641,42,8.91188278619798,0.75,0
6642,32,20.863119912612206,4.11,0
6643,10,25.258230955022206,26.02,0
6644,39,15.54055705516232,22.82,0
6645,15,22.845868091277516,20.04,0
6646,7,24.14204231279601,3.69,0
6647,29,13.395328146350638,18.76,0
6648,47,15.23932448521278,7.04,0
6649,3,10.929412465295204,9.67,0
6650,19,11.251960621717867,2.73,0
6651,10,16.16435021174183,12.26,0
6652,28,6.820859752466124,3.97,0
6653,29,19.173916468266746,4.21,1
6654,15,15.836423836039284,10.13,0
6655,35,18.40665929103094,2.74,0
6656,6,14.089843941833596,2.54,0
6657,12,18.36263479694167,4.61,0
6658,47,16.238226331061302,15.05,0
6659,38,17.536124912688823,2.54,0
6660,13,19.508561085961475,15.48,0
6661,29,8.675255530564662,11.89,0
6662,19,11.484626714116066,11.37,0
6663,3,26.574107958880543,6.44,1
6664,8,16.036362829173488,13.7,1
6665,8,6.416013148785849,0.14,1
6666,20,6.44378774432456,3.65,0
6667,47,14.6250434939437,11.37,0
6668,4,12.38481566336309,43.66,0
6669,21,10.96814077971615,0.03,1
6670,3,23.965725671520474,7.13,0
6671,45,13.154434900386182,25.75,0
6672,8,19.104863961011333,19.92,0
6673,23,16.25062398854511,0.23,0
6674,16,13.525553426484944,7.54,1
6675,13,9.291377478425247,0.04,1
6676,3,18.84615777006325,15.59,1
6677,48,3.278187463723029,3.69,0
6678,9,19.353387374870906,14.51,0
6679,14,15.756427689102294,28.97,0
6680,13,18.092883812117844,37.33,0
6681,7,15.038815083937111,22.45,0
6682,15,8.828279352040042,2.28,1
6683,7,17.007733624705814,2.16,0
6684,38,19.24449957767219,9.83,0
6685,34,12.604255928476295,7.85,0
6686,41,18.286960239575244,0.1,0
6687,22,16.48275816667863,4.97,0
6688,24,17.252760751053994,23.72,0
6689,49,10.702326508669136,22.86,0
6690,37,21.41081347974488,2.28,0
6691,44,16.480154875613508,4.81,0
6692,1,19.158548791757685,8.22,1
6693,10,13.059250435804852,19.16,0
6694,43,19.911454091907252,7.59,0
6695,16,12.890288571562746,34.48,0
6696,46,10.541218774044598,16.05,0
6697,8,23.8592121177931,30.6,0
6698,49,3.1366723932921516,13.15,0
6699,25,29.949446718535295,21.01,0
6700,12,18.508700995918282,17.78,0
6701,25,13.425955508082968,2.93,0
6702,17,16.630379234206696,2.61,0
6703,26,18.511657286147592,19.98,0
6704,46,13.337749108688238,0.88,0
6705,48,25.17621447088102,5.25,0
6706,14,22.377822430750015,17.18,0
6707,41,28.634133973309872,16.78,0
6708,36,8.892793568516952,1.49,0
6709,23,16.076525435099004,6.69,0
6710,43,8.064938080835049,6.54,0
6711,6,9.542638308496926,3.91,0
6712,47,13.3686626636606,24.91,0
6713,5,13.459107496716404,10.59,0
6714,43,16.849518501071696,39.21,0
6715,25,14.446709414548643,0.69,0
6716,18,18.99987281255088,5.01,0
6717,13,16.59452520876608,18.03,0
6718,43,23.23766574446758,5.49,0
6719,14,19.14401780063393,3.04,1
6720,28,9.10519710004431,61.23,1
6721,18,14.272560026613537,20.65,0
6722,28,14.609945292627076,7.91,0
6723,27,17.199523718854568,8.25,0
6724,32,20.376395479177365,0.07,0
6725,47,16.413020893585596,39.63,0
6726,9,17.890809531430214,16.41,0
6727,40,9.328865049406826,0.37,0
6728,32,12.703991678077902,1.94,0
6729,20,5.439389935530752,17.21,1
6730,28,17.209746657849497,0.91,0
6731,33,19.20748953109471,28.44,0
6732,4,8.405081500172521,91.25,0
6733,46,15.792239355845844,21.75,0
6734,34,14.488610663697576,13.43,0
6735,48,23.442199367536944,6.68,0
6736,3,10.528149397286573,0.86,1
6737,26,19.590787077440368,13.11,0
6738,8,20.715361968558348,5.06,1
6739,6,14.025243550410664,8.45,0
6740,16,16.46248465647669,3.47,0
6741,24,20.387284798728622,2.77,0
6742,48,9.502484663290545,3.92,0
6743,39,12.864248229088897,16.81,0
6744,30,15.93119355389022,5.56,0
6745,45,25.320125784201018,3.74,0
6746,13,13.001145769726008,5.67,0
6747,5,13.6567273953672,0.33,1
6748,25,22.73544210360301,22.13,0
6749,20,18.314895190475106,8.02,0
6750,18,25.912724338215234,1.11,0
6751,47,20.466226768450316,3.4,0
6752,18,14.26996771549585,41.08,0
6753,2,13.558718650030935,8.99,1
6754,10,10.877028003476585,3.44,1
6755,45,8.474877071846489,5.56,0
6756,47,16.7040781248636,2.99,0
6757,12,18.134720818015897,0.32,0
6758,47,18.73700597457952,18.45,0
6759,13,14.382613585641979,3.46,1
6760,47,24.650573510784646,18.23,0
6761,11,8.207774906851363,6.51,0
6762,19,7.6416532806251585,2.02,0
6763,35,10.901892027288374,16.19,0
6764,39,15.029770099390907,4.73,0
6765,26,9.514419465059277,12.3,0
6766,46,21.73469431052818,18.15,0
6767,14,11.305173033886424,32.96,0
6768,45,10.412300943801332,0.9,0
6769,44,20.275394631348238,0.08,0
6770,24,16.037179023902702,7.95,0
6771,41,18.923506246433824,3.07,0
6772,1,14.7620411994151,6.33,0
6773,43,16.358766323800126,0.75,0
6774,22,7.832252738648059,6.96,1
6775,23,14.260798694354207,1.33,0
6776,19,9.759719154321296,18.24,0
6777,18,24.77195739956918,14.25,0
6778,12,21.464107022041063,0.77,1
6779,28,11.730381547368848,18.1,0
6780,28,13.962222054204021,3.93,0
6781,33,14.19790444991822,4.35,0
6782,19,25.76978283020555,1.98,0
6783,28,16.981991509282686,18.04,0
6784,49,12.860661996900902,5.19,0
6785,37,15.733425882744733,0.5,0
6786,26,7.31504531352736,33.89,1
6787,35,14.631633450266753,2.96,0
6788,34,9.595529578372972,27.52,0
6789,35,5.761669879848835,3.58,0
6790,40,24.93287062535765,17.8,0
6791,16,14.865035005309187,10.91,0
6792,38,11.142067166998878,19.75,0
6793,13,6.514103649926822,37.35,0
6794,23,13.894420177631487,20.52,0
6795,22,14.25411674025701,5.17,0
6796,16,18.82525846781541,16.85,0
6797,28,10.230828963946308,12.44,0
6798,48,12.331209291366278,0.64,0
6799,35,10.377042330276204,26.56,0
6800,45,13.909750131399619,6.27,0
6801,46,5.035030189210879,1.44,0
6802,8,10.978995626877982,5.54,0
6803,44,18.148581064806848,9.24,0
6804,22,8.872776718372727,8.51,0
6805,21,19.997529478998423,8.55,0
6806,26,19.366808658141334,2.95,0
6807,40,19.785117119194293,10.02,0
6808,21,14.977384297457823,23.8,0
6809,25,14.527999012278991,4.92,0
6810,41,16.598046475956647,9.96,0
6811,1,21.601334300164616,2.8,1
6812,6,21.146385549300334,0.49,0
6813,23,6.688823640094535,8.81,1
6814,23,10.628476429652054,0.49,0
6815,43,9.730301884053347,12.86,0
6816,43,18.63386489143093,11.1,0
6817,23,11.603573765177568,4.61,1
6818,32,13.98304663566635,5.3,1
6819,30,23.53974274778053,24.98,0
6820,13,20.60440491148387,0.13,0
6821,43,21.880994712274727,8.29,0
6822,18,11.415229803900214,25.69,0
6823,23,1.1429042071757003,24.53,0
6824,15,13.022376491929785,8.79,0
6825,33,7.800255782355973,4.8,0
6826,21,5.279752851853768,1.04,1
6827,39,20.643364134866342,1.91,0
6828,23,10.54075643636143,11.38,0
6829,27,10.967188001073524,0.17,1
6830,45,13.171180933418839,21.5,0
6831,44,23.232472395194204,8.87,0
6832,18,14.191928696459195,0.46,1
6833,24,19.75794793114795,2.74,1
6834,47,13.423270463467404,9.02,0
6835,40,7.097690593182352,0.36,0
6836,42,9.050819709200528,15.14,0
6837,7,14.981067168158184,25.25,0
6838,48,15.538177807515122,32.5,0
6839,20,17.71354965622688,13.23,0
6840,27,17.71562407850001,19.44,0
6841,6,19.500813667222403,9.43,0
6842,27,11.154239977233011,6.13,0
6843,9,24.136093628601586,12.49,0
6844,45,24.593787618583217,2.54,0
6845,31,12.397321642582245,1.16,0
6846,21,11.030403588414977,14.35,0
6847,26,6.07595173971669,31.75,1
6848,40,15.854445635784192,8.62,0
6849,48,17.262185193454716,6.59,0
6850,45,12.103365940563945,7.64,0
6851,13,16.413822832737914,6.51,0
6852,49,8.060932446026488,5.84,0
6853,23,19.838368876041024,29.38,0
6854,20,12.345110679774265,6.53,0
6855,37,16.443798267760343,0.85,0
6856,28,16.05078523529977,14.5,0
6857,17,5.1977908731582865,4.97,1
6858,28,19.17016233136384,12.4,0
6859,41,11.077783334671803,8.66,0
6860,2,16.012523383011477,12.49,1
6861,25,7.950598077083368,0.64,0
6862,41,12.603114061292949,0.34,0
6863,6,16.816244334654773,4.76,0
6864,11,9.603486063361293,11.81,1
6865,38,9.877369282123457,2.53,0
6866,6,15.625340571302427,5.68,0
6867,45,14.16242772606295,39.53,0
6868,11,16.746523075164063,2.42,0
6869,14,13.160963391927032,18.84,0
6870,2,18.207492892644307,17.46,1
6871,40,12.165222878560972,22.2,0
6872,3,17.985322928770294,24.67,1
6873,35,10.466091078651374,7.08,0
6874,33,11.945045223911528,11.45,0
6875,24,18.65335453031613,9.65,0
6876,19,12.428096992545616,3.7,1
6877,18,9.143848315140211,3.28,0
6878,49,23.650579366855926,4.18,0
6879,24,14.8243333269092,2.46,1
6880,45,17.357260385939902,14.16,0
6881,35,3.689598515610623,33.4,0
6882,1,21.659042897706193,20.23,1
6883,36,28.231154616322574,2.46,0
6884,25,21.210912268467847,0.53,0
6885,45,21.92351351501391,14.15,0
6886,49,12.956150594471293,4.95,0
6887,43,16.259115073310177,17.41,0
6888,34,17.440385762599483,15.11,0
6889,25,11.511949804242576,9.82,0
6890,16,14.379702857538582,2.95,0
6891,34,9.99503457278729,1.1,0
6892,29,13.022468849353949,2.91,0
6893,19,19.204457851935597,7.13,0
6894,23,6.17118767240947,38.86,0
6895,19,19.76551803829576,0.66,0
6896,25,7.113196964034186,2.23,0
6897,16,15.262281336017011,9.87,0
6898,9,15.717175685026827,3.63,0
6899,1,17.864081109544607,19.55,0
6900,42,14.097298835930184,1.5,0
6901,19,9.776527594527057,33.01,0
6902,33,15.922547231509313,24.35,0
6903,34,25.862527945872763,21.85,0
6904,16,14.927954206660113,1.9,1
6905,44,10.593117178760327,4.0,0
6906,40,12.664282778655688,16.3,0
6907,18,15.751189848986964,16.49,1
6908,34,13.656893576732166,12.21,1
6909,25,12.962092862014853,5.94,0
6910,45,21.6371605866533,3.73,0
6911,6,17.586408582441187,32.96,0
6912,21,14.407403180846643,1.5,0
6913,6,14.44570710689381,0.45,1
6914,32,15.865894157672574,0.09,0
6915,41,17.801571725652394,14.92,1
6916,48,21.41157478244247,0.58,0
6917,43,12.940438564828627,7.74,0
6918,39,10.027894170958799,4.58,0
6919,31,12.219461561784321,1.59,0
6920,42,10.622038946614563,13.49,0
6921,10,7.369962729250629,0.57,1
6922,30,22.052997080048918,3.83,0
6923,18,19.272930625662802,8.26,0
6924,24,3.5824152846562267,5.15,0
6925,9,16.089734339800412,3.0,0
6926,31,13.116326902920402,26.04,0
6927,15,12.520458351479352,26.73,1
6928,4,2.5673926368940556,5.38,1
6929,40,14.873782899660219,5.0,0
6930,9,15.38465295605214,3.67,0
6931,45,9.115522266686483,19.36,0
6932,9,23.113730769952078,8.39,0
6933,26,18.95674565396684,0.94,0
6934,4,9.668318650392678,19.2,1
6935,17,20.115251867350715,7.65,0
6936,16,12.672230056564839,5.37,0
6937,15,20.275541603574595,4.12,0
6938,35,7.785512278318713,1.05,0
6939,5,15.850308612529092,31.4,1
6940,5,8.918649810842325,13.52,1
6941,20,10.813137688320754,1.41,0
6942,15,5.341677098239094,7.16,1
6943,18,8.827721084370559,8.11,0
6944,47,8.798518445736654,1.84,0
6945,2,8.173246342198434,5.57,0
6946,29,15.943073281068138,10.38,0
6947,13,6.169051262359366,3.34,0
6948,4,16.494051785712756,4.03,0
6949,42,20.029455158845728,1.3,0
6950,45,10.55472342472251,5.33,0
6951,10,14.575262593526933,8.77,0
6952,31,13.32178007856309,1.24,0
6953,41,12.942428774451198,9.54,0
6954,8,2.2225396916184863,5.07,1
6955,3,9.365955131962332,11.34,1
6956,48,22.307130592886075,3.78,0
6957,46,16.619218617058134,8.4,0
6958,9,13.793124137855852,9.49,1
6959,30,4.89632860779963,11.73,0
6960,11,17.965842382844485,14.14,0
6961,35,10.441734313446625,1.47,0
6962,37,8.812657889501786,33.59,0
6963,42,9.313881797988408,18.56,0
6964,13,17.55323704035334,8.26,1
6965,36,14.64519162761923,22.11,0
6966,13,19.322986083614843,4.82,0
6967,12,20.628606190647726,0.35,1
6968,37,11.30266111721704,12.98,0
6969,10,14.786523856933337,28.71,0
6970,9,13.484918704140785,1.77,0
6971,7,8.191010681268171,10.32,1
6972,2,8.910404307340016,16.79,0
6973,23,14.179140502265259,23.55,0
6974,39,14.714671744946658,3.24,0
6975,40,14.72558411401834,1.38,0
6976,39,14.73342410132034,2.85,0
6977,21,10.920028536562205,8.62,1
6978,23,25.60719036022759,25.1,1
6979,29,16.15901652559611,8.74,1
6980,14,12.122364157317337,25.21,0
6981,26,17.011582182057886,14.7,0
6982,5,10.743877791112846,9.12,0
6983,31,15.133680485096944,0.22,1
6984,25,17.003478889891063,4.05,0
6985,31,17.75468324899367,0.59,0
6986,20,8.713420875875014,3.89,0
6987,44,30.145464957372745,0.64,0
6988,17,20.909009525492664,1.84,0
6989,45,25.162524895105776,5.29,0
6990,2,13.719419997003511,7.23,1
6991,25,16.23396048619237,2.45,0
6992,13,15.18229698509293,13.19,0
6993,39,12.26470361206368,8.92,0
6994,28,18.788044595132057,11.77,0
6995,42,10.581743396993403,13.2,0
6996,6,18.491254684527632,12.98,0
6997,3,12.509543476887018,27.53,0
6998,35,16.99513887530039,2.71,0
6999,18,22.308160538156184,3.15,0
7000,11,14.334932182513107,0.99,0
7001,20,18.90111892253614,8.98,0
7002,5,12.455479580038137,5.03,0
7003,19,9.093330096339653,6.86,1
7004,22,23.308645651530085,1.86,0
7005,19,18.738545755235396,10.47,0
7006,47,14.327897121075507,9.65,0
7007,16,18.482043289493713,3.08,1
7008,24,9.918025111763445,6.26,0
7009,41,17.211197717555375,22.47,0
7010,4,16.0850249911269,14.85,0
7011,15,18.25272074220205,2.57,0
7012,25,23.208654347693617,21.11,0
7013,44,22.24123007684955,0.7,0
7014,35,8.055803868072925,5.34,0
7015,14,5.023767084711739,0.84,1
7016,49,16.22854968723617,25.8,0
7017,19,15.846690230281014,0.42,0
7018,38,9.319203586642146,1.64,0
7019,36,10.196149921631552,24.66,0
7020,7,11.148233121342006,8.73,1
7021,30,21.675143326368303,15.86,0
7022,19,12.637518195327157,0.17,1
7023,49,7.480600463223428,5.43,0
7024,25,14.677841766390756,41.65,0
7025,16,14.986357766375306,8.67,0
7026,47,9.839429355981192,18.95,0
7027,40,17.951943964788867,33.12,0
7028,8,20.68619520448003,11.55,0
7029,18,13.223124537850051,3.97,0
7030,28,7.48044859694303,3.69,0
7031,16,13.631274187769225,0.74,1
7032,19,16.508366306199186,5.58,1
7033,42,4.210452845914034,24.7,0
7034,17,17.40758477138994,6.5,0
7035,45,13.125011757512906,24.19,0
7036,13,15.218587257415416,16.99,1
7037,7,13.551884863961849,41.47,1
7038,27,11.232801045265651,29.51,0
7039,10,14.445041820173715,12.26,0
7040,34,12.455398691254402,20.5,0
7041,36,13.21209512525903,13.79,1
7042,25,10.59790994012307,12.15,1
7043,6,17.683874929419538,12.57,1
7044,24,21.18399270676404,12.77,0
7045,18,10.633612388378868,4.77,0
7046,23,14.41592476273912,5.51,0
7047,6,9.524030339581806,3.48,0
7048,29,16.940168441718956,1.6,1
7049,25,16.12121518536849,6.13,0
7050,17,12.105186892287314,23.02,0
7051,46,14.586255080942335,10.53,0
7052,24,19.32637802180452,0.58,0
7053,11,6.963142148334333,16.67,1
7054,26,8.540883773824806,27.4,0
7055,34,17.90917300388227,17.69,0
7056,28,15.272389228869562,13.0,0
7057,3,14.649166502743975,1.63,0
7058,11,19.714929433132237,4.29,0
7059,38,18.52216986873358,8.33,0
7060,14,23.575520271719157,0.8,0
7061,26,19.474683001774032,1.12,0
7062,48,17.6286275646953,27.22,0
7063,21,14.730196522658096,12.13,0
7064,39,14.279183434319457,3.22,0
7065,30,14.98379950786172,3.97,0
7066,8,16.114899276571467,4.85,0
7067,20,8.966345092974656,0.78,0
7068,48,16.317970402611156,13.44,0
7069,32,13.78336753313137,1.95,0
7070,22,16.785254076148462,16.35,0
7071,7,12.111623469423272,18.7,1
7072,9,11.702874703145923,10.17,0
7073,45,16.153571612630785,14.69,0
7074,1,17.386352191502123,1.89,0
7075,29,11.980329540025682,8.58,0
7076,8,21.59603591859478,11.29,1
7077,4,21.561747096749794,10.83,0
7078,35,7.08836888371724,1.25,0
7079,3,11.114865250659188,4.22,1
7080,45,15.581037622349,3.93,0
7081,40,16.853856735042463,8.5,0
7082,7,25.661699862972405,14.49,1
7083,27,15.704471400292535,8.45,0
7084,1,14.417962028427267,14.06,0
7085,27,9.309823457051904,1.04,0
7086,16,7.073033022605271,21.05,0
7087,38,14.331638769583968,7.69,0
7088,7,25.286925959873535,0.38,1
7089,44,13.941156368221982,10.31,0
7090,23,11.136341811119928,7.28,0
7091,41,17.260346987512673,2.49,0
7092,11,4.9721737604656795,14.46,0
7093,42,15.396451186777904,27.12,0
7094,33,19.121890921122112,3.9,0
7095,36,10.2622040003785,6.81,1
7096,37,21.84434884532058,1.37,1
7097,41,18.298412747029342,26.56,0
7098,17,21.889606177960257,3.84,0
7099,35,8.11843689850357,2.17,0
7100,48,14.09649953991889,6.51,0
7101,5,19.610632842641152,0.44,0
7102,48,7.510706534813538,2.91,0
7103,32,19.73535844214799,0.7,0
7104,3,14.10076554366171,1.36,0
7105,47,19.698144234638654,1.19,0
7106,35,16.08735030695888,20.59,0
7107,14,22.054132089184886,26.65,1
7108,48,8.540450002061974,6.43,0
7109,31,16.645351454645084,9.95,0
7110,31,7.4421736081481695,11.9,0
7111,17,17.097691467130367,4.96,0
7112,24,16.63909958931361,4.62,1
7113,23,13.574592186389708,11.26,0
7114,18,11.081013875623563,4.73,1
7115,14,13.37316997501767,8.7,0
7116,15,15.488263349699512,7.24,1
7117,15,16.420933891513222,7.43,0
7118,6,24.661579882716445,17.68,0
7119,27,19.36708241271873,12.18,0
7120,15,12.065515896149972,32.36,1
7121,36,17.89687824783114,15.65,0
7122,8,19.40659539240434,1.58,0
7123,15,11.720165558718053,13.41,1
7124,3,18.510780182713063,10.96,0
7125,47,7.566329827674362,10.39,0
7126,13,11.538026312189167,6.55,1
7127,41,7.878846645568473,0.65,0
7128,34,13.9447148239947,30.26,0
7129,24,12.631772585630646,19.1,0
7130,40,13.015220979033092,6.67,1
7131,32,19.077379773483926,1.73,0
7132,32,15.45291213107229,17.4,0
7133,30,19.001615482877646,5.63,0
7134,49,23.131751349240634,4.94,0
7135,13,25.473329623171246,10.95,0
7136,1,14.300979412017014,14.22,0
7137,34,17.67372661193885,0.65,0
7138,15,14.226204948504362,14.59,0
7139,44,20.070997076148565,13.24,0
7140,14,19.09845055845721,8.9,0
7141,29,11.697305275938756,4.13,0
7142,34,12.433147273726648,1.8,0
7143,18,21.930231786437723,1.08,0
7144,7,12.254149436135137,0.01,1
7145,29,14.441023272508385,2.31,0
7146,31,18.375204545163598,5.3,0
7147,25,14.17212189256206,2.79,0
7148,38,22.669825895190986,3.7,0
7149,14,20.165530028049204,4.95,0
7150,8,10.579152991530156,3.69,0
7151,27,12.072466942401341,12.9,0
7152,2,17.937807706061186,6.77,1
7153,17,14.739880472080202,0.2,0
7154,37,5.297204976186725,2.57,0
7155,14,10.14558563928076,12.37,0
7156,25,16.170476485855527,3.58,0
7157,30,19.45274395856105,25.28,0
7158,29,19.524235185935517,12.47,0
7159,20,24.814184775520744,3.42,0
7160,21,11.54269468677219,7.27,0
7161,22,11.781829101073253,11.0,0
7162,35,14.873359246699149,2.15,0
7163,37,6.62013208889525,2.83,0
7164,16,14.984623865995351,7.07,0
7165,49,14.022475744921781,25.89,0
7166,43,18.958589292626424,4.22,0
7167,17,19.807602992805343,5.14,0
7168,16,16.786367810212308,2.11,0
7169,2,15.014371854229774,8.99,0
7170,4,16.82007720731981,13.48,1
7171,21,11.035860653970047,5.81,0
7172,39,14.586615555987544,13.87,0
7173,34,15.08383009436122,3.6,0
7174,30,14.624573945035536,12.28,0
7175,6,14.144870150845907,2.99,1
7176,17,11.893654062248466,15.17,1
7177,39,9.871986953769746,17.76,0
7178,25,13.974548716578736,15.98,0
7179,5,17.97174830673989,2.43,0
7180,5,6.312975199802818,11.85,1
7181,20,12.513591732747718,7.73,0
7182,16,25.345480269475342,42.71,0
7183,41,14.035116161284398,4.49,0
7184,37,15.756748762261735,14.75,0
7185,40,24.193644068354164,4.62,0
7186,9,16.597176364609,5.06,0
7187,5,16.71134262456244,1.18,0
7188,42,10.449266629718093,2.74,0
7189,2,16.564116931215946,1.8,1
7190,9,14.926014576559052,1.73,0
7191,43,19.62456747162586,0.09,0
7192,36,21.386613823392242,15.79,0
7193,22,15.15155955023752,6.31,1
7194,22,16.910479760920055,16.3,0
7195,22,5.550628243779611,9.48,0
7196,34,3.8217408513099382,17.8,0
7197,29,20.46596094894815,7.01,0
7198,38,2.5255154287990287,0.99,0
7199,46,16.636681336774988,9.59,0
7200,33,14.131724127058163,11.32,0
7201,18,21.15676329809084,9.85,1
7202,7,14.824123678470599,16.16,0
7203,1,24.011268314088063,13.15,0
7204,33,13.980507880833974,5.67,0
7205,1,20.731744509669525,17.1,0
7206,24,7.508817852480231,11.77,0
7207,4,3.489811734563961,1.28,1
7208,4,14.858939198656843,7.76,1
7209,18,7.9970181487190235,13.04,0
7210,27,14.700367511979877,8.06,0
7211,43,12.934022078940853,29.76,0
7212,32,18.02571639977681,1.07,0
7213,33,9.678130161617684,12.81,0
7214,28,17.123269842246508,17.4,0
7215,42,19.319746685012202,12.13,0
7216,41,13.97147499639905,4.87,1
7217,36,17.3911553805574,4.87,0
7218,6,10.107155475188458,8.83,0
7219,16,13.086722952642234,5.06,0
7220,34,8.289647858697524,21.47,0
7221,23,26.693862655239144,1.16,0
7222,42,21.143969394552578,10.19,0
7223,24,23.300596387801868,1.44,0
7224,49,21.07219470258474,7.77,0
7225,13,11.684203796838085,12.57,0
7226,18,7.3273933428707485,1.81,0
7227,13,12.879634454929096,12.18,0
7228,49,17.376534370148676,1.51,0
7229,37,13.548736220800206,9.69,0
7230,43,3.8260319712487636,7.04,0
7231,39,18.735374781592828,3.54,0
7232,42,7.0089504538825285,1.18,0
7233,17,12.888300233388067,13.31,0
7234,15,23.718921781069003,4.81,0
7235,18,15.245333689941784,0.91,0
7236,23,20.383295177838253,14.82,0
7237,30,16.734099717105902,2.65,0
7238,34,9.955488060968936,13.34,0
7239,4,18.646583652935973,8.32,0
7240,3,14.683872303954702,2.16,1
7241,7,7.570847655843231,0.79,0
7242,18,6.731686392943653,9.0,1
7243,42,16.916346272641658,0.26,0
7244,7,25.706725189374875,0.68,0
7245,40,9.618731554435517,12.11,0
7246,6,10.215143197119094,7.74,1
7247,22,16.988981784211365,3.95,0
7248,1,8.430361769247162,7.75,1
7249,4,26.77024374759441,8.96,0
7250,46,10.671645301420913,8.33,0
7251,49,12.505288340235328,10.29,0
7252,43,10.977292579380117,28.18,0
7253,29,19.673804239912847,4.92,0
7254,21,25.811247746744215,3.58,0
7255,26,11.483778578996779,0.39,0
7256,14,19.332887154851345,1.59,0
7257,9,8.470465596570431,1.12,1
7258,47,19.79636959720237,4.09,0
7259,12,23.79180356098446,9.42,0
7260,42,22.261782005994824,0.47,0
7261,6,15.664121171706089,13.01,1
7262,20,9.835932784953537,5.07,0
7263,24,15.003856168759032,33.11,0
7264,27,13.445553464123511,8.4,0
7265,38,12.76654280386531,14.76,0
7266,8,16.03274926110966,19.75,0
7267,1,14.667267796064571,21.97,1
7268,49,18.539219291164702,7.31,0
7269,49,18.571723573789665,5.05,0
7270,24,14.686007179561374,8.22,0
7271,47,17.16128642300314,5.14,0
7272,7,21.606926247026706,2.75,1
7273,19,12.341997228415904,3.91,0
7274,22,15.079463209739629,2.65,0
7275,35,9.858223900836908,3.14,0
7276,30,17.39932065850951,0.98,0
7277,29,15.992539006488581,5.56,0
7278,22,17.304347980154724,2.68,0
7279,11,10.055703987384113,5.95,1
7280,20,18.82782839948868,15.71,0
7281,29,15.510114354976901,5.95,0
7282,41,20.147489144623954,30.93,0
7283,42,12.811330341873273,1.6,0
7284,34,18.412052780500247,18.99,0
7285,1,17.225157202786537,2.85,1
7286,31,22.623254326454195,27.17,0
7287,30,14.418450511310704,2.58,0
7288,48,12.22561833042652,13.74,0
7289,18,12.531067700108377,0.64,1
7290,17,9.458399879970582,9.94,0
7291,38,12.484640844072068,2.47,0
7292,14,3.297037880790656,11.09,0
7293,23,21.843831397967207,10.1,0
7294,25,24.670239247184206,25.73,0
7295,15,14.262073499054697,9.85,0
7296,46,17.190506976477472,5.25,0
7297,22,15.820045544266883,2.15,0
7298,3,8.434703393022795,10.71,1
7299,19,20.131297657250542,1.24,1
7300,44,20.877252444185874,17.63,0
7301,34,9.795081745226023,2.84,0
7302,35,16.64944710188982,7.43,0
7303,1,13.68619361070678,9.06,1
7304,21,20.949610031222498,4.5,0
7305,29,14.585622221573288,10.9,0
7306,6,14.721035087430687,2.88,1
7307,37,24.104394097265917,0.35,0
7308,1,8.572921795977507,32.01,0
7309,1,16.240252153932662,3.86,1
7310,27,15.44325415789345,12.5,0
7311,21,11.981929428094503,7.08,0
7312,16,25.19910668109751,11.06,0
7313,44,16.68274344892776,1.18,0
7314,40,18.35886547306362,7.32,0
7315,26,19.07301991655317,4.98,0
7316,16,13.395728342889889,6.01,1
7317,28,21.208821248051837,33.88,0
7318,1,20.202672226367767,1.47,0
7319,36,14.389498049349248,14.05,0
7320,10,19.691334048291374,4.01,0
7321,43,21.199679528173807,3.43,0
7322,17,18.975475348645233,3.16,0
7323,23,10.8239020466842,4.29,1
7324,7,14.538226369074994,4.42,1
7325,44,17.37685216926792,3.16,0
7326,7,16.260602508263673,11.01,0
7327,44,11.274135975974195,0.49,0
7328,15,13.567182838342724,4.04,0
7329,34,16.759333099869103,3.29,0
7330,46,7.453927072516626,13.92,0
7331,45,15.096650973038846,1.58,0
7332,4,18.48322362316927,28.25,1
7333,14,16.414690177304347,1.87,0
7334,14,10.712606452860928,4.62,0
7335,16,11.592438810192725,2.23,1
7336,7,22.434976163330568,3.38,0
7337,32,10.311765982966733,14.31,0
7338,19,20.928339198626993,6.47,0
7339,2,11.893423574086368,1.77,0
7340,10,20.650870530196165,0.48,0
7341,17,17.70551985645009,2.61,0
7342,37,13.259785168077173,29.11,0
7343,12,6.167348828288976,18.66,0
7344,6,16.992838504948953,5.8,0
7345,22,15.907815683176452,6.58,0
7346,32,17.069563894492926,22.96,0
7347,41,17.697007450861065,8.95,0
7348,20,8.42936468962852,21.27,1
7349,1,16.96635903455768,6.77,1
7350,47,18.71270337300192,2.23,0
7351,6,18.65371343916934,12.94,1
7352,19,8.734716880787705,7.47,0
7353,18,20.77149373521627,11.04,0
7354,6,17.14349744506726,1.71,1
7355,45,17.777739863771373,10.43,0
7356,33,10.52149969942474,4.82,0
7357,23,18.78546092180248,4.03,0
7358,23,6.380429760849804,11.13,0
7359,26,10.759015642977353,8.97,0
7360,13,21.33292141266356,10.47,0
7361,7,18.542972189885084,33.62,0
7362,15,16.457540442480475,12.08,0
7363,44,19.718569386129623,10.24,0
7364,27,20.065963369735734,9.51,0
7365,26,18.78957589073792,5.09,0
7366,33,13.91286027111899,18.28,0
7367,15,10.609767297671546,4.8,0
7368,36,11.682935378693811,12.05,0
7369,45,22.052938605140767,3.47,0
7370,27,8.622506914700226,1.6,0
7371,5,17.454117020729772,1.39,0
7372,2,17.461795624879954,10.07,0
7373,33,22.340285665814783,3.97,0
7374,16,17.447795705935597,3.22,0
7375,23,12.883881336165881,8.97,0
7376,38,12.962622063110494,0.26,0
7377,16,14.971096912655296,2.83,0
7378,14,20.663346266650215,4.16,0
7379,29,19.0325992937465,12.32,0
7380,26,9.5714434955487,7.87,1
7381,35,16.393314126524267,19.38,0
7382,15,19.12631716987845,4.07,0
7383,3,13.814123072054157,3.52,0
7384,23,4.200127866092053,0.34,1
7385,29,14.017634415280527,30.31,0
7386,34,7.574251498684621,6.96,1
7387,33,6.7827252800168445,6.98,0
7388,41,20.325829495149723,25.7,0
7389,41,27.60515313014317,3.42,0
7390,23,21.821427268735636,4.04,0
7391,7,1.9470349858865923,10.68,1
7392,3,14.134936547257468,15.38,0
7393,32,12.051557965553592,12.02,0
7394,31,7.645388348084278,15.55,0
7395,18,17.324293715445922,8.56,0
7396,43,14.076031275037094,19.86,0
7397,7,9.179552052106965,7.99,1
7398,41,4.71827378105235,2.61,0
7399,1,11.955419352475232,7.8,0
7400,14,15.039535223869743,12.48,0
7401,32,14.40791606521262,10.6,0
7402,6,20.313911676041062,2.78,1
7403,39,16.689920165666063,0.42,0
7404,10,13.276856452436144,2.91,0
7405,7,10.913862054689115,41.38,0
7406,26,6.14536721030621,2.04,1
7407,34,9.543620699200652,6.24,0
7408,30,21.791604055431534,10.17,0
7409,36,19.32336485462484,21.16,0
7410,21,16.443841168723957,14.28,0
7411,17,12.529653544761942,23.96,0
7412,33,21.205098942913814,9.27,0
7413,10,9.944418101831243,20.05,0
7414,47,10.001602133983155,3.06,0
7415,42,14.532612558378949,5.63,0
7416,12,4.084305112457205,18.56,1
7417,16,9.802616191889587,3.94,1
7418,41,13.818856531988493,20.5,0
7419,32,12.693830023595478,4.51,1
7420,15,10.058724994116144,4.52,1
7421,27,25.176984666016054,3.7,0
7422,28,21.81630120126691,7.92,0
7423,17,23.573007917670964,1.38,0
7424,46,14.504778534368189,0.37,0
7425,2,12.557070058294517,22.77,1
7426,36,23.008317288345925,26.44,0
7427,7,15.426031809778184,0.79,1
7428,13,9.697551553660235,7.98,0
7429,15,10.044845729366479,7.76,0
7430,25,13.377861457235733,4.66,0
7431,23,14.889897458126955,8.41,0
7432,22,15.4073051410119,6.13,1
7433,26,14.082076565150796,6.73,0
7434,33,26.698020763282095,14.08,0
7435,11,8.234395009979384,7.46,0
7436,10,18.363556302043218,3.91,0
7437,25,12.612736363852916,8.71,0
7438,37,14.806072555126242,10.24,0
7439,48,19.702477141215144,10.86,0
7440,43,6.086256080415337,9.63,0
7441,38,10.270648782773339,10.92,1
7442,41,14.331703073085917,3.71,0
7443,45,22.38125887424749,5.91,0
7444,24,22.35489854557296,11.05,0
7445,40,21.386507189992226,14.04,0
7446,46,4.033060957935993,5.69,0
7447,33,9.751154153613996,4.55,0
7448,17,9.956824348238058,12.58,1
7449,24,14.723823773891619,2.51,0
7450,37,5.734867337622402,0.1,0
7451,2,20.48948268366663,6.37,0
7452,32,5.028062125294127,1.9,0
7453,24,20.162629715269713,4.75,0
7454,9,19.35419400661008,3.44,0
7455,4,9.528074993138866,15.02,0
7456,17,21.309772892068466,4.03,1
7457,17,13.33394672692539,10.24,0
7458,48,12.036505045148546,11.21,0
7459,30,12.892762451178172,6.1,0
7460,40,13.321587340034231,0.85,0
7461,11,13.78163017454295,12.05,0
7462,21,13.895133390137246,0.78,1
7463,21,10.548420436735952,1.04,0
7464,18,11.709019711391704,2.18,0
7465,29,12.141987616784922,3.29,0
7466,24,23.363651581466794,18.74,0
7467,10,12.144237430457874,11.24,0
7468,45,11.82317758703759,4.9,0
7469,17,22.58164402677798,38.46,0
7470,18,13.389955715731091,2.79,0
7471,42,10.548841364204684,9.41,0
7472,48,9.465213672095741,18.79,0
7473,20,7.89919782409612,16.2,0
7474,37,17.70592487225722,0.95,0
7475,45,5.978246144555182,11.95,0
7476,18,21.73168853175681,2.98,0
7477,17,14.543343304684342,4.4,0
7478,9,12.814628086102775,6.71,0
7479,14,13.858222306575234,15.64,0
7480,49,17.31528327473064,1.82,0
7481,29,12.65080483124693,1.15,0
7482,31,14.04114144054135,1.67,0
7483,4,20.26539906796058,2.46,0
7484,18,16.734528197016004,0.61,0
7485,20,8.750190703020586,26.09,1
7486,47,11.46125832789057,3.84,0
7487,43,6.092916749833746,1.95,0
7488,44,18.076232847544393,10.16,0
7489,9,18.60999920890413,15.46,0
7490,13,10.328172500620166,13.99,1
7491,15,26.524261699114778,12.68,0
7492,27,27.189430285058336,0.52,0
7493,15,15.114047666315795,15.24,1
7494,28,11.013162244499728,6.97,0
7495,37,16.36900594715821,10.47,0
7496,19,10.894840300261654,31.33,0
7497,26,19.750161480835075,16.64,0
7498,26,15.83179628013991,17.45,0
7499,25,16.19136833493354,2.0,0
7500,26,23.79582902735109,6.47,0
7501,26,11.90488336887711,29.82,0
7502,46,12.105045540721758,8.74,0
7503,28,19.291852297076986,1.08,0
7504,49,12.890013116332895,13.16,0
7505,18,23.01915710930708,0.44,0
7506,32,20.0024831824528,13.56,0
7507,3,13.143194464674204,21.18,1
7508,2,5.942165840930521,5.54,1
7509,33,7.738782270208455,5.34,0
7510,42,12.591169693787732,3.63,0
7511,19,17.02354934294861,20.95,0
7512,17,20.511385541508385,7.94,0
7513,44,13.913562002254515,8.66,0
7514,33,10.555558664877452,10.84,0
7515,12,14.296290996633594,3.57,0
7516,49,15.10184675555163,5.67,0
7517,3,21.524726586914845,13.53,1
7518,43,21.247120958984418,42.33,0
7519,49,9.990489115787778,0.35,0
7520,26,17.270458991351905,0.44,0
7521,35,10.730769622791449,5.59,0
7522,8,10.871990682841357,10.78,0
7523,36,20.193377565482287,4.88,0
7524,7,14.003462638664901,79.26,1
7525,46,18.19930867287257,2.17,0
7526,46,17.67367328018777,0.08,0
7527,36,14.602573115953344,2.11,0
7528,16,16.664938662556906,21.79,1
7529,24,16.019267043627767,1.57,0
7530,1,9.247751066839829,6.52,1
7531,49,17.436627937928627,5.43,0
7532,25,11.47001247567983,10.96,0
7533,10,9.654526378937671,0.56,1
7534,16,19.273217111714118,10.75,0
7535,16,12.043403468015896,4.38,0
7536,8,20.55344064800012,26.04,0
7537,29,20.49179874267074,18.9,1
7538,39,12.616244789533447,5.1,0
7539,28,20.341704710116325,49.47,0
7540,6,13.053374098140868,0.53,0
7541,16,14.658051192044566,15.54,0
7542,20,17.468930003498627,5.69,0
7543,16,25.19698206698589,5.68,0
7544,7,19.704485730924496,1.86,0
7545,41,14.711052234154224,7.23,0
7546,14,15.51651178084612,0.89,0
7547,43,7.084387836404874,9.59,0
7548,26,20.02400750450569,2.77,0
7549,26,19.48668372852469,12.9,0
7550,14,16.417461531853426,9.35,0
7551,7,18.588780698684435,13.72,1
7552,33,4.874061996938943,13.85,0
7553,26,9.591171916787646,2.19,0
7554,45,24.0073680729609,0.01,0
7555,20,13.711363337838252,4.55,0
7556,3,18.78716483719816,25.14,0
7557,4,11.266802191713868,8.63,1
7558,26,12.789161673289204,13.0,0
7559,11,24.273413904661552,21.17,0
7560,2,14.212740905067989,23.65,1
7561,14,17.6178003726902,7.53,0
7562,44,15.652278957488598,7.79,1
7563,30,16.232085865613087,19.03,0
7564,49,16.061135978043122,16.48,0
7565,12,5.111983648505532,12.0,1
7566,26,17.385329333791304,9.28,0
7567,44,12.31185302257052,9.6,0
7568,33,23.897835861309723,4.51,0
7569,13,11.136798781538934,18.38,1
7570,14,12.641993232413828,9.62,0
7571,24,27.230569977801835,2.53,0
7572,34,18.6170243768703,2.74,1
7573,44,10.08290496221683,19.78,0
7574,26,15.882055796861263,9.83,1
7575,21,8.898029342179584,5.09,1
7576,28,16.28793347066169,2.07,0
7577,48,10.978107786649984,9.42,0
7578,36,24.324242326852055,2.04,0
7579,40,17.10442236965857,6.35,0
7580,2,17.63776091758568,11.32,0
7581,42,19.74875663437944,8.33,0
7582,9,20.308115735999397,25.52,0
7583,23,11.554650328756807,0.41,0
7584,15,15.47484368527874,3.28,0
7585,13,12.772604484486095,0.59,1
7586,23,25.4703654792716,2.16,1
7587,17,3.573674890466009,1.32,1
7588,48,12.124449916218767,13.19,0
7589,2,14.600192924462753,4.61,1
7590,20,15.684679525513252,25.91,0
7591,20,15.582594005868954,0.24,0
7592,46,14.769240688789202,10.58,0
7593,3,14.187910074052754,35.25,1
7594,12,16.2064848428077,1.93,1
7595,40,17.307514997552516,5.84,0
7596,2,23.95354438777971,12.1,0
7597,36,23.909301517754887,10.03,0
7598,14,16.50498430051594,8.35,1
7599,16,12.523272065599677,3.96,1
7600,19,12.873063695576253,13.03,1
7601,34,8.429541672043756,10.59,0
7602,44,19.766172174849217,1.78,0
7603,46,14.776326604503057,33.27,0
7604,6,17.1863079609588,8.11,1
7605,13,16.66873658590971,7.45,0
7606,36,11.511897945990992,18.85,0
7607,22,10.894589267569843,10.23,1
7608,18,12.735437535131664,0.77,0
7609,12,17.428631633984732,7.06,0
7610,30,14.596241647293672,15.17,0
7611,40,6.17344837842581,12.04,0
7612,7,9.879269844077522,35.33,0
7613,32,13.663140779342317,0.25,0
7614,48,14.847948157846126,3.03,0
7615,19,17.57739682982499,7.97,1
7616,6,15.196304845152644,9.66,1
7617,20,13.1864384580625,3.21,0
7618,27,13.014568365187934,17.53,0
7619,43,16.007312719217715,1.8,0
7620,37,17.09024484210693,0.01,0
7621,48,13.35098660902281,30.45,0
7622,7,9.611529554528968,4.97,0
7623,5,14.506972958865655,31.58,1
7624,11,11.75069210400899,3.26,0
7625,15,16.437901496782352,0.66,0
7626,3,22.403738433624017,14.81,0
7627,5,8.242178715388633,18.07,0
7628,23,20.75348348348262,6.77,0
7629,37,17.345197967237326,0.77,0
7630,9,20.514203553667723,10.62,0
7631,15,12.821277982690049,2.01,0
7632,3,7.769861430277926,18.93,1
7633,29,15.898478843585353,3.2,0
7634,6,21.998426282857366,18.82,1
7635,17,9.697391916591002,5.57,0
7636,26,10.448439074286593,9.08,0
7637,21,17.935993449117777,15.59,1
7638,8,12.438965553635743,0.41,0
7639,21,23.330425214941535,17.21,0
7640,11,18.260378515650803,1.49,1
7641,38,11.403883420058158,4.44,0
7642,8,12.176768252289651,6.4,0
7643,42,12.374468931112055,22.58,0
7644,24,14.785398218566042,0.23,1
7645,35,16.52225674540158,8.19,0
7646,14,16.1571542482623,10.29,1
7647,14,9.376478955367814,3.81,1
7648,10,19.50937812466616,3.43,0
7649,12,13.549594663077075,6.74,1
7650,38,10.362321958756551,2.07,0
7651,44,12.684774197390858,6.31,0
7652,46,20.071539011224914,14.48,0
7653,34,15.951616636322841,18.67,0
7654,41,16.38780766454991,4.86,0
7655,10,9.150059461517923,9.61,0
7656,17,15.66116580278586,0.0,0
7657,17,19.98765884931782,7.99,0
7658,3,5.985100595918695,36.98,1
7659,31,13.055251789076072,3.74,0
7660,1,18.115905068703114,9.03,1
7661,12,15.791221097423985,14.37,0
7662,39,9.905975073375258,9.39,0
7663,4,16.991314316667445,5.42,0
7664,42,9.162944731837122,1.66,0
7665,13,10.662264828124169,6.23,0
7666,34,11.187210782419696,3.49,0
7667,42,22.71694074852563,11.9,0
7668,21,6.651449835478807,5.83,0
7669,22,7.020522876928955,18.96,0
7670,4,16.416608598971408,2.15,0
7671,18,15.524014433033338,5.41,0
7672,5,12.650331910366303,8.15,0
7673,19,15.069125956429017,1.35,0
7674,2,9.677299482875442,8.87,1
7675,12,15.460633061679518,3.44,0
7676,17,16.047947561256578,2.61,1
7677,10,21.073500591526923,1.53,1
7678,34,24.536400856257167,4.31,0
7679,6,13.661920673964499,26.45,1
7680,8,8.633436498971196,0.31,1
7681,11,16.924871877169938,19.12,0
7682,12,14.330966119425081,5.06,0
7683,9,14.109568861946743,8.25,0
7684,2,6.944632728357579,7.19,1
7685,8,15.493077714345592,26.0,0
7686,11,17.114294959928568,14.7,0
7687,36,19.967023896714704,41.88,0
7688,10,12.472569319075207,15.82,0
7689,21,10.873086313943958,3.51,0
7690,20,12.432660676941328,32.94,0
7691,48,19.668396358224886,41.08,0
7692,8,21.930541179158944,1.31,0
7693,36,20.604951598699017,23.13,0
7694,29,18.238443491298998,10.91,0
7695,42,14.839096756573715,25.51,0
7696,12,15.618674795148776,24.74,0
7697,14,16.347707390356707,22.2,1
7698,48,13.739412447612743,21.65,0
7699,21,19.445904802527384,1.25,1
7700,22,6.73615260128477,1.55,0
7701,21,7.661380993357971,1.25,0
7702,44,6.727353234729925,0.95,0
7703,30,10.989043266959122,4.36,1
7704,39,21.730956950784126,11.52,0
7705,20,9.05521830590881,4.38,1
7706,24,9.23930034629908,12.74,0
7707,23,10.873163179892131,17.16,0
7708,7,20.537568214925713,10.97,0
7709,9,22.176439327592607,6.26,1
7710,1,20.075279727408883,3.5,0
7711,26,20.385212721610465,1.33,0
7712,38,23.259510624240605,6.81,0
7713,38,6.017507446913248,12.72,0
7714,44,8.875560434452197,7.95,0
7715,22,11.496324198270242,12.78,1
7716,44,15.518641328410954,4.08,0
7717,10,15.5024402321321,0.69,0
7718,6,15.58044334155882,14.74,0
7719,17,19.171096174622672,2.48,1
7720,38,5.410767357245172,9.58,0
7721,24,14.298340105588318,16.31,0
7722,10,16.328046014563906,1.5,0
7723,8,13.37247066096199,9.13,0
7724,21,15.945682102065366,11.69,0
7725,6,20.111055713445843,13.73,0
7726,21,15.311109249951828,1.6,0
7727,39,25.688924702459733,17.44,0
7728,24,19.75443616921275,0.99,0
7729,33,16.330632697337293,7.33,0
7730,18,17.518650447322738,5.86,1
7731,28,18.716591699608227,2.51,0
7732,32,23.427109667845265,3.59,0
7733,12,20.871445381549407,1.8,1
7734,48,17.571028776081413,5.55,0
7735,42,11.35673146807146,0.36,0
7736,27,17.074637929014067,21.97,0
7737,10,17.894674666971166,1.79,1
7738,46,18.889264710162387,21.72,0
7739,42,11.330503165839556,19.92,0
7740,32,18.690357338561725,6.01,0
7741,42,19.00256019949927,6.89,0
7742,26,8.950669979359382,3.59,0
7743,25,8.992843219584056,57.68,0
7744,11,20.590076843964574,11.11,0
7745,23,10.724162443483449,30.33,0
7746,34,22.68867640947509,5.36,0
7747,40,13.605310822778694,21.46,0
7748,23,16.92434923883857,5.95,0
7749,29,16.68148114163655,20.16,0
7750,31,11.427652026744992,1.4,0
7751,7,21.952281650150816,10.13,0
7752,40,13.610121005672692,11.35,0
7753,33,15.293944103446655,10.68,0
7754,21,5.089171979297465,5.92,0
7755,2,8.318047545759892,11.52,1
7756,18,20.635643922829797,2.74,0
7757,47,14.972338327542023,9.06,0
7758,33,12.072167958806412,8.08,0
7759,37,12.152532209504807,3.83,0
7760,34,17.74293487833498,15.09,0
7761,20,21.301855440319216,0.84,0
7762,35,12.191343187656525,1.88,0
7763,18,20.479308988426045,6.37,0
7764,46,14.199621685808594,22.23,0
7765,24,17.503247782687545,8.56,0
7766,8,6.124805708025841,18.46,1
7767,30,6.98161459108448,7.29,0
7768,44,19.100428741794566,15.39,0
7769,10,16.374714701342917,3.94,1
7770,23,17.018385991790716,16.88,0
7771,49,9.606154752679421,5.14,0
7772,11,12.888825373407599,8.18,0
7773,2,6.638760055750106,1.93,1
7774,26,10.762759075502837,25.31,0
7775,36,14.885690319368603,12.09,0
7776,33,16.639135037641914,19.58,0
7777,47,11.435350931127477,2.33,0
7778,13,17.760767671916387,0.7,0
7779,40,14.808598671404344,4.11,0
7780,25,13.870350932236079,7.27,0
7781,4,15.418156012945978,16.21,1
7782,42,25.49809612975082,5.07,0
7783,19,14.194965779976991,3.15,1
7784,18,19.761217964444533,4.66,1
7785,37,17.73142638855796,12.16,0
7786,30,13.759203110024504,4.1,0
7787,19,7.248569251793384,38.71,1
7788,23,11.863863786121987,1.92,0
7789,16,15.381917467517317,13.99,0
7790,1,14.476116117974449,8.9,0
7791,12,21.483165865870685,2.65,1
7792,24,11.332491458996017,14.01,0
7793,34,14.265943158374549,5.93,0
7794,8,17.68182228435945,11.47,0
7795,18,13.609317698378083,10.85,0
7796,48,19.868367533169984,1.17,0
7797,5,9.562161642618747,18.32,0
7798,26,7.40116410961135,11.44,0
7799,30,13.56789702508721,15.17,0
7800,13,14.64481579393609,5.94,0
7801,19,16.090504402230174,2.17,0
7802,29,15.692273414879967,3.95,1
7803,3,12.958018352319764,23.17,1
7804,26,7.460161103146222,27.81,0
7805,40,14.406456136931391,6.58,0
7806,12,9.803776890511163,3.55,1
7807,2,15.35278092939409,13.1,0
7808,11,9.460037374449236,14.52,0
7809,44,16.89605055531285,16.9,0
7810,28,23.339559604837305,0.32,0
7811,18,11.370141134147028,0.1,1
7812,13,8.674476209135488,4.42,0
7813,37,20.72255064842331,1.65,0
7814,22,23.835004387952083,16.35,0
7815,12,8.772096611806624,7.61,1
7816,2,14.542337166199308,17.45,1
7817,37,17.433782708646195,1.95,0
7818,7,13.69871656189339,9.87,0
7819,26,6.241943463474428,8.68,0
7820,26,8.13544154972203,4.16,0
7821,24,8.661033973606234,7.28,0
7822,12,9.799479488889428,8.89,0
7823,16,15.434256226287207,22.03,0
7824,23,20.488649206170667,0.57,0
7825,40,8.212694321846076,17.34,0
7826,9,11.070447030396984,39.2,0
7827,32,9.450196821462317,13.16,0
7828,15,16.442069742797432,13.37,0
7829,37,10.890379190291323,2.46,0
7830,13,9.946397082617,7.4,0
7831,5,7.014692026391888,12.24,1
7832,11,21.79857904548215,9.22,0
7833,10,25.947810876405356,4.86,0
7834,13,15.42086683514262,28.15,0
7835,41,22.427976614823237,7.22,0
7836,46,12.165444136246053,35.02,0
7837,15,14.995514351418016,8.3,0
7838,42,18.25636599113139,15.77,0
7839,7,11.241162799485718,13.55,0
7840,40,14.202743210324414,10.81,0
7841,28,13.58557750345312,0.15,0
7842,32,17.188692860233967,0.81,0
7843,35,15.310314323493076,8.71,0
7844,15,11.362972327021144,24.28,0
7845,48,13.495546695884064,9.19,0
7846,36,20.573717938055527,2.69,0
7847,21,17.744277500831103,3.86,0
7848,6,17.309229814724752,9.76,1
7849,1,26.280006299774847,9.09,0
7850,4,9.345250168958625,31.17,0
7851,11,18.54879668149388,7.53,0
7852,44,15.274018639585847,4.39,0
7853,26,16.719082386738524,7.44,0
7854,37,15.91141272765081,15.43,0
7855,23,11.492471333168218,7.77,0
7856,29,9.824743171374246,3.95,1
7857,21,14.99916107851149,4.13,0
7858,48,11.089124451384015,14.14,0
7859,45,13.15197469382263,0.69,0
7860,45,18.99080127628739,3.21,0
7861,49,8.865577032740202,1.66,0
7862,27,14.04143935252619,28.95,0
7863,39,20.27258021495682,0.94,0
7864,40,12.464124822985955,14.2,0
7865,13,22.34727610907519,9.95,0
7866,23,7.246029177051145,10.02,1
7867,16,24.096922702746703,14.42,0
7868,30,15.089917012582879,5.12,0
7869,4,8.356801758059536,5.12,1
7870,40,19.165888205697197,3.41,0
7871,16,17.15417557963262,9.11,1
7872,31,21.91073891675342,26.56,0
7873,42,7.319795347477179,25.77,0
7874,25,9.519417307012858,12.14,0
7875,44,18.850258903703487,23.66,0
7876,12,27.747679672430287,33.11,0
7877,26,17.876243414551816,15.85,0
7878,37,18.650433917192007,5.24,0
7879,48,11.193677363929414,6.6,0
7880,33,14.090750814704469,26.77,0
7881,28,11.900827513862145,11.09,1
7882,9,17.51171364221862,17.19,0
7883,12,19.647628241978236,1.23,0
7884,5,15.928583917502149,2.16,0
7885,28,18.97719681352456,4.22,0
7886,35,14.856274460241046,2.09,0
7887,5,21.623276804675484,23.69,1
7888,34,10.692246085535768,2.44,0
7889,46,22.07968157564472,8.15,0
7890,34,11.419285572617177,0.89,0
7891,13,15.08193459239818,1.68,0
7892,39,9.028544791793294,2.84,0
7893,42,17.52984210257465,40.68,0
7894,45,15.657425342636833,15.95,0
7895,48,18.693231975235076,11.19,0
7896,14,6.33106461728066,24.8,1
7897,11,15.669275601850437,31.28,0
7898,42,17.0174036992366,6.04,0
7899,38,10.057103710726842,3.97,0
7900,4,17.665079679829084,3.79,1
7901,33,3.514097618929263,0.36,0
7902,7,14.361373295031058,3.28,1
7903,41,22.062479866268966,4.39,0
7904,8,14.31815650177085,0.38,0
7905,37,11.404677181100134,21.42,0
7906,10,14.676769883573888,18.83,1
7907,43,15.495274386477103,2.9,0
7908,15,19.481767713127525,16.22,0
7909,38,15.649434962621331,15.91,0
7910,15,18.810149085931684,4.08,1
7911,5,15.460262120809066,11.94,0
7912,29,11.253406957808835,3.42,0
7913,19,7.990720337290488,0.73,1
7914,10,16.8584160714322,7.03,0
7915,12,2.6438290156286435,5.77,1
7916,4,6.173990774384663,1.49,1
7917,31,8.009827243720267,6.74,0
7918,18,18.57311100419019,29.83,1
7919,16,7.551035974997058,13.15,0
7920,40,17.35068838448151,13.43,0
7921,36,9.840113209177895,14.17,0
7922,25,14.267584132451063,13.65,0
7923,23,14.686982379793102,0.2,0
7924,12,14.192737826160938,25.86,1
7925,34,11.766751570505779,17.73,0
7926,36,7.168133282294045,3.21,0
7927,37,15.134163686573977,8.05,0
7928,3,17.788270706414092,9.55,1
7929,9,18.396037651160928,1.42,1
7930,18,15.40894400226286,2.93,0
7931,43,16.288016023726794,0.24,0
7932,35,11.144458691481855,19.95,0
7933,34,17.247348475795626,0.25,0
7934,41,17.06334326071754,3.84,0
7935,14,13.510986302333453,0.81,0
7936,4,15.240422242172071,15.21,0
7937,29,14.866022420967644,25.9,0
7938,41,17.28271154914516,8.27,0
7939,45,7.280861519589063,1.5,0
7940,15,7.181456810115484,8.17,1
7941,28,7.440959712354024,14.71,0
7942,42,12.776168836719402,12.67,0
7943,16,17.27653737651306,13.54,0
7944,12,3.7700546365683394,3.27,1
7945,5,15.470032974436402,0.77,0
7946,34,20.968751540751676,1.61,0
7947,42,16.36575293749101,31.12,0
7948,1,4.905541320936928,9.51,1
7949,39,17.605331649989704,13.02,0
7950,32,16.21140636471355,22.93,0
7951,26,13.2868162438385,19.16,0
7952,17,15.908886099348365,2.46,1
7953,48,8.020673607876006,0.6,0
7954,27,15.254943490396943,25.92,0
7955,24,17.39296185223435,39.99,0
7956,35,11.535369161153096,8.38,0
7957,46,12.645873027126372,21.93,0
7958,42,12.161875926600938,2.64,0
7959,39,12.62358592143849,1.18,0
7960,26,10.849276845224413,6.93,0
7961,49,11.146832828480214,16.67,0
7962,38,17.580452795528092,10.63,0
7963,23,6.286531706032697,10.14,0
7964,22,15.914954923194927,0.18,1
7965,4,17.570728118452536,3.82,0
7966,49,8.236497170068898,28.05,0
7967,9,14.617195631913203,1.44,1
7968,4,10.41730078771489,12.96,1
7969,7,20.681639647220653,14.24,0
7970,23,13.971848229774078,13.2,0
7971,2,22.36559066148421,45.36,0
7972,49,21.611386980916016,5.26,0
7973,24,16.536645831406872,11.46,0
7974,40,25.713538157412092,2.15,0
7975,31,7.127603628427427,5.1,0
7976,47,22.227086197895584,6.76,0
7977,31,13.659627954693358,2.42,0
7978,47,14.366559694971103,23.73,0
7979,40,12.69385186336419,12.59,0
7980,48,7.749742292425299,3.34,0
7981,43,17.84798257007418,1.45,0
7982,34,8.796418029478769,3.39,0
7983,24,12.045007656143223,9.75,0
7984,49,12.26633795202371,17.51,0
7985,26,19.97788275606449,7.0,0
7986,16,14.631617069656023,1.08,0
7987,47,2.7812934399198177,2.87,0
7988,13,10.504813628518384,4.23,1
7989,15,7.189261743046901,10.11,1
7990,27,17.51241041188951,2.83,0
7991,4,9.085538486544927,2.66,0
7992,16,11.970822315073953,3.37,0
7993,30,23.751683547364266,8.98,0
7994,44,18.183880196645564,6.79,0
7995,30,9.177065259807872,18.43,0
7996,36,19.12524206511383,11.97,0
7997,3,11.410842223944984,10.99,0
7998,22,19.112749872879874,1.68,0
7999,49,12.938340116504719,0.57,0
8000,22,10.199862574076041,7.13,0
8001,49,9.732657300023178,0.74,0
8002,12,16.438140307977797,4.53,0
8003,21,19.5651063315662,0.26,0
8004,4,16.862002214697178,1.95,1
8005,31,12.836796650352067,1.17,0
8006,44,6.013281158983888,16.14,0
8007,31,11.803246012606019,4.25,0
8008,23,8.7398331087983,0.82,1
8009,20,21.84284671627584,3.09,0
8010,15,13.007580712694532,11.48,1
8011,23,16.50190054929674,13.69,1
8012,28,13.281718102952937,1.28,0
8013,16,17.148427485789007,15.08,0
8014,37,18.59087011469183,4.63,0
8015,21,26.642273614682303,11.38,0
8016,15,12.720372566908363,11.13,1
8017,17,20.21552817354601,15.78,0
8018,37,16.389585226473226,11.95,0
8019,13,12.109381684477011,0.4,1
8020,19,12.466279906339874,7.33,0
8021,30,17.354512149947617,1.82,0
8022,45,13.51698883523364,35.05,0
8023,18,15.524676868066981,2.95,1
8024,14,18.323227946984417,5.45,0
8025,36,27.47651184584667,2.19,0
8026,36,15.162422158429457,1.45,0
8027,20,9.35913283957495,9.19,0
8028,19,16.9899465123213,6.8,0
8029,45,12.579853315454306,4.69,0
8030,44,24.468040172143454,0.89,0
8031,7,12.514435214137887,13.32,1
8032,44,15.091985335697997,0.06,0
8033,4,18.11456954849596,6.12,0
8034,34,17.45650371071996,10.01,0
8035,2,21.950962551112013,5.63,0
8036,5,18.337418047161258,1.35,1
8037,10,26.714733712300507,15.06,0
8038,32,17.24746249855714,3.91,0
8039,42,21.495517820272163,1.45,0
8040,41,12.653745145203569,7.99,0
8041,13,24.874117964421174,0.19,1
8042,39,13.26151973700215,3.92,0
8043,5,22.430166856664187,13.89,0
8044,10,19.45959366457173,24.39,1
8045,10,15.333347292853428,8.96,0
8046,38,22.478355882011087,2.45,0
8047,27,14.940058036096286,2.48,0
8048,21,21.84192899207647,9.26,0
8049,8,16.8902467956239,5.22,0
8050,1,13.113917684865065,1.95,0
8051,28,16.601340024651062,15.48,0
8052,49,15.170518149436187,2.23,0
8053,39,12.787416919238797,3.88,0
8054,14,16.16492910055517,0.63,1
8055,21,17.018433525871373,12.09,0
8056,30,2.727325465903256,3.22,1
8057,21,17.506817927177792,2.65,0
8058,49,18.705523983458722,3.61,0
8059,9,22.258228711984497,20.73,0
8060,17,8.819996886895545,7.3,1
8061,5,9.912480170564756,1.72,1
8062,31,16.046365821504214,14.89,0
8063,40,11.435370257087094,2.34,0
8064,38,9.051206275979421,5.32,0
8065,43,12.932971823107902,8.4,0
8066,19,13.2008994814856,8.78,0
8067,36,9.921751876027233,0.72,0
8068,33,9.888397659098072,18.13,1
8069,13,14.39340606595251,6.53,0
8070,14,7.756862037551995,45.34,1
8071,33,7.676410604912542,12.64,0
8072,29,15.35754425822727,49.02,0
8073,43,22.528215867939892,6.04,0
8074,49,18.665206674394575,1.52,0
8075,36,21.11309320262741,12.99,0
8076,44,5.974698674324593,15.04,0
8077,10,7.956996175036181,19.16,1
8078,31,15.053250916698616,3.59,0
8079,6,19.18111017811442,7.15,1
8080,1,18.190219362483486,19.48,1
8081,7,8.279174322097292,20.01,1
8082,27,20.678535124882295,0.26,0
8083,21,14.593256440444062,11.11,0
8084,28,18.888638661812603,9.21,0
8085,16,11.974612212350891,0.87,0
8086,46,7.2813115633993615,26.61,0
8087,23,19.22922577363264,5.89,1
8088,20,17.34823442900162,11.22,1
8089,38,8.771878252068445,21.44,0
8090,25,11.659136414042228,1.39,0
8091,28,18.430435630570983,19.37,0
8092,5,16.03017804053204,12.88,0
8093,21,17.50846085655073,18.3,0
8094,18,12.378233053962981,6.83,0
8095,47,22.115634575507897,0.34,0
8096,6,14.44424774917809,11.1,0
8097,29,3.1627114348123904,4.69,0
8098,19,15.534694699442099,5.15,0
8099,33,18.024713635847707,5.82,0
8100,1,16.48538353250789,6.79,0
8101,45,12.866819477232722,10.85,0
8102,3,5.231406642194669,12.97,1
8103,42,11.750135989930246,15.0,0
8104,21,12.222244308075288,11.14,1
8105,35,11.70404499652694,16.27,0
8106,41,18.059818272037973,1.3,0
8107,40,13.33288478299592,18.13,0
8108,3,21.90837552784547,4.9,0
8109,25,13.872201276527882,7.52,0
8110,45,21.07942094066798,5.69,0
8111,38,16.072324997168685,6.46,0
8112,45,16.31905947664951,3.36,0
8113,20,11.585675539171126,1.86,0
8114,44,8.24683120770496,1.11,0
8115,45,14.633366228949633,6.0,0
8116,34,23.43423342626082,1.34,0
8117,21,12.706514592956594,2.81,1
8118,48,11.913147988162727,1.43,0
8119,23,14.14040085221461,1.16,0
8120,6,23.840939720214052,21.41,1
8121,13,18.934684828637916,11.21,0
8122,49,21.07131463103914,25.74,0
8123,23,5.098304026239379,10.33,0
8124,9,10.87684725405551,18.58,1
8125,17,11.050329113590982,8.1,1
8126,2,20.680437598681255,6.21,0
8127,19,18.29940013833331,7.52,0
8128,19,20.279454363046945,3.86,0
8129,7,5.622060003461865,10.73,0
8130,42,20.551690020814156,22.75,0
8131,42,18.296631948186892,15.25,0
8132,20,10.379530764829074,6.2,0
8133,9,14.015373867604096,30.77,0
8134,17,10.53206911143917,42.28,1
8135,27,14.51695642695062,6.79,0
8136,47,17.246777459806772,20.0,0
8137,2,22.02109784075443,0.05,1
8138,36,10.302903233155183,0.69,0
8139,19,12.653918758988706,0.23,1
8140,17,9.485353893596297,14.84,0
8141,5,18.8328170065673,0.83,0
8142,39,7.122092461278004,0.17,0
8143,18,15.885069312055274,1.59,0
8144,7,8.871060052241553,3.66,1
8145,17,15.229059674506345,6.25,0
8146,39,20.77955862972116,0.68,0
8147,36,12.443686179376563,6.91,0
8148,40,16.104350203996947,2.85,0
8149,45,10.534168946684227,3.21,0
8150,4,14.437845897826607,17.25,0
8151,38,7.210502034152934,43.37,0
8152,25,18.538579533985466,6.23,0
8153,5,12.922679747098702,3.88,0
8154,30,13.95585475776664,26.8,0
8155,12,15.346020016176524,6.94,1
8156,4,5.16627877307981,13.11,1
8157,24,11.53883766612207,5.34,0
8158,29,15.676203706266687,2.26,1
8159,9,14.20040134932228,10.64,0
8160,4,25.886727428966488,10.93,0
8161,24,21.293588105270377,6.17,0
8162,14,15.697975123874965,3.15,0
8163,5,9.887504341361133,17.83,0
8164,18,12.525327922408618,3.22,0
8165,42,18.29067446345659,10.76,0
8166,19,15.383105675087503,4.84,1
8167,12,21.380520909929444,6.4,0
8168,18,15.343517013620088,2.37,0
8169,17,15.579170704773023,10.48,0
8170,30,23.121060817062165,2.56,0
8171,24,9.517179676334852,6.65,0
8172,11,23.669287717091485,3.98,1
8173,35,18.848164065235704,33.13,0
8174,23,31.177351015426428,40.3,0
8175,17,11.492838146647909,14.0,1
8176,1,23.147018850551177,41.3,1
8177,15,15.669359378328965,1.21,0
8178,32,14.07207899698757,48.7,1
8179,9,16.52451118400559,1.09,0
8180,15,15.626073730560275,5.37,1
8181,28,11.105420243549865,2.73,0
8182,24,14.341810664239402,30.76,0
8183,35,16.535533423362715,10.1,0
8184,22,12.874221922091369,9.09,1
8185,27,17.70220743651264,59.67,0
8186,19,13.52078792567563,9.48,0
8187,45,17.29172649251907,10.39,0
8188,12,16.688580661154173,0.46,1
8189,20,17.25666182855752,19.59,1
8190,1,8.256430788958985,35.1,0
8191,21,20.485414043609715,32.27,0
8192,49,10.669807025935054,2.5,0
8193,45,14.070733024299024,2.56,0
8194,1,11.77079789813975,4.56,1
8195,10,15.356742350055603,3.71,1
8196,47,14.444383132465054,3.65,0
8197,32,18.255965532735903,9.29,0
8198,39,15.219415185054714,16.38,0
8199,22,13.041574109196686,27.61,0
8200,18,6.012959000566266,0.7,1
8201,48,19.421617328998238,3.26,0
8202,46,17.587680885978646,2.94,0
8203,32,19.62562092560897,4.42,1
8204,27,14.073032266576528,5.52,0
8205,28,16.78466461106603,4.93,0
8206,18,11.733039610349225,30.4,1
8207,39,11.275983507573695,5.75,0
8208,49,13.58199194735593,8.02,0
8209,29,19.609034611095648,13.81,0
8210,18,13.626129630863561,12.91,0
8211,44,14.729570368462594,8.75,0
8212,8,16.212224109399155,19.72,0
8213,31,15.126713490951955,9.79,0
8214,34,20.071686183116604,20.78,0
8215,7,11.25965873956131,3.61,0
8216,36,15.498714170725869,1.42,0
8217,18,17.371138867836596,17.12,0
8218,38,6.788602996120035,4.82,0
8219,9,16.330247181861658,10.53,1
8220,9,21.710121272562326,13.37,0
8221,46,13.247545956707347,3.96,0
8222,8,9.574791695822094,7.04,1
8223,35,17.335166487742317,22.53,0
8224,18,15.897436383517578,21.19,0
8225,5,22.61223362631702,13.84,0
8226,14,17.188339766493822,14.39,0
8227,28,10.282264517585253,22.8,0
8228,30,10.056258983355072,13.33,0
8229,4,19.299095448272492,4.15,0
8230,39,16.78455912679161,1.29,0
8231,20,14.708902822266715,5.48,0
8232,25,15.861941022352788,0.91,0
8233,28,17.209679439904363,1.23,0
8234,12,16.864099629220885,29.99,0
8235,2,7.472614286384285,11.27,1
8236,43,21.083485075853908,19.08,0
8237,14,21.41805366492646,10.3,1
8238,22,24.05064203067647,5.42,0
8239,31,22.963027777722083,0.25,0
8240,23,22.1127288368209,31.2,0
8241,48,13.5675692927718,0.74,0
8242,20,16.50684738743515,9.42,0
8243,38,20.834993958181844,1.08,0
8244,4,5.996238822949039,3.34,1
8245,15,13.90660584013657,2.06,0
8246,24,6.473145264536276,8.07,1
8247,25,16.401408170190564,21.81,0
8248,1,21.329039699211904,10.1,0
8249,7,15.093991572797394,10.91,0
8250,31,12.153883951828497,23.96,0
8251,12,16.415825067000892,13.84,0
8252,42,17.062305825913214,20.1,0
8253,5,17.414734147226,5.39,0
8254,44,8.925302484484554,20.05,0
8255,42,16.21742696937956,10.38,0
8256,38,15.92084053321873,1.46,0
8257,12,19.741475005253164,0.39,1
8258,39,14.621957331875665,2.8,0
8259,18,24.871120524224825,4.75,0
8260,2,15.411676246655256,18.17,1
8261,10,12.609600483150423,13.52,1
8262,15,9.984424053135669,31.09,0
8263,30,12.430715995707107,8.19,0
8264,44,11.005071203942888,13.77,0
8265,17,14.219895189501703,3.22,0
8266,4,23.433632434099728,11.38,0
8267,7,7.7034554691233135,12.25,0
8268,41,8.054581219101385,18.87,0
8269,31,13.826822454690175,7.69,0
8270,39,8.185387248237525,10.47,0
8271,34,10.09031746894585,2.27,0
8272,6,16.69579942805252,13.35,0
8273,38,14.73698103893831,18.23,0
8274,45,17.192548077797493,9.01,0
8275,34,17.955290101308144,1.23,0
8276,44,21.712969635879226,3.75,0
8277,15,16.895166860560728,6.45,0
8278,14,21.024904912698965,11.31,0
8279,6,15.535372516493945,3.86,0
8280,37,16.952150309733693,18.34,0
8281,32,16.887602899018496,4.65,0
8282,3,16.42279000511172,0.44,0
8283,3,16.02837739470721,15.8,1
8284,22,24.104918844543306,10.33,1
8285,22,18.490481062480043,16.19,0
8286,10,12.763062883879927,4.29,0
8287,3,26.717124845149222,0.18,0
8288,12,13.114734638499108,0.77,0
8289,29,14.973856806123784,1.19,1
8290,48,10.84684628402323,16.36,0
8291,17,18.58556265814034,3.59,0
8292,7,23.451177680896556,61.65,0
8293,13,7.5441729237552115,14.2,1
8294,2,13.613145402763543,9.19,0
8295,4,20.583068345889615,41.12,0
8296,10,9.703413429507435,3.8,0
8297,39,17.871911277410057,1.81,0
8298,24,8.492796621283194,13.37,0
8299,17,17.039654087129957,3.26,0
8300,6,15.389087770416415,32.45,0
8301,19,31.587914953993174,44.29,0
8302,5,18.72234086501879,26.09,0
8303,32,4.137881804485886,28.96,1
8304,10,14.626268991256225,9.56,0
8305,9,19.12148038842792,11.78,1
8306,27,12.934211963808119,0.99,0
8307,13,12.717147100446308,14.4,1
8308,19,12.961276938493699,2.26,0
8309,21,17.73579676582912,18.35,1
8310,24,8.723650118651463,32.58,0
8311,38,12.192371700841584,2.39,0
8312,4,20.164900738903476,0.81,0
8313,24,12.564702401345485,6.61,1
8314,35,12.265470209535236,15.68,0
8315,3,8.118216877489651,14.72,0
8316,4,18.22956961020519,11.93,0
8317,37,17.127197036324873,17.19,0
8318,40,19.861822102836523,1.92,0
8319,48,14.43533338419044,10.55,0
8320,35,16.578910518397965,9.31,0
8321,31,16.536847484585078,1.67,0
8322,44,7.875059441091869,5.35,0
8323,25,26.767226096090404,19.14,0
8324,40,19.890292351893958,35.68,0
8325,13,15.394999363761599,10.95,0
8326,4,13.87892224697408,25.5,1
8327,46,21.619771494433067,1.42,0
8328,14,15.47961857899646,36.91,0
8329,13,19.568111959210352,0.34,0
8330,27,12.109887960288582,7.49,0
8331,6,10.622753507758974,3.44,1
8332,17,14.191318761386855,16.82,0
8333,36,15.052887654111244,2.45,0
8334,40,17.117608198733976,0.12,0
8335,49,22.33449534642399,5.35,0
8336,35,20.560159260449684,0.66,0
8337,17,21.59003381731047,3.43,0
8338,41,11.336952833609352,10.32,0
8339,2,13.525352449155978,3.49,1
8340,13,19.83997785834212,2.82,0
8341,2,21.074737346665195,1.69,1
8342,28,18.709260132832927,1.45,0
8343,43,12.186423232141637,7.46,0
8344,26,9.79191049936251,11.44,0
8345,22,16.1648882242848,6.03,0
8346,47,10.541375998611205,1.32,0
8347,43,17.303205509744934,10.43,0
8348,3,21.25342620039259,8.14,0
8349,35,15.945444618554967,4.8,1
8350,12,8.470853869141724,4.01,0
8351,24,12.453520802997097,2.02,0
8352,5,19.323416347482556,1.58,0
8353,20,17.369607122583936,4.14,0
8354,39,17.769462001264493,0.43,0
8355,39,23.84481429312872,5.74,0
8356,13,16.745345992130336,9.2,0
8357,41,16.58761881124628,28.41,0
8358,45,19.28337699067293,9.83,0
8359,12,9.134190479965872,9.78,0
8360,13,12.774448797086283,4.69,0
8361,10,11.307569304095027,1.43,0
8362,33,18.27457022325122,5.92,0
8363,40,10.404488352451486,9.13,0
8364,16,17.81723954395039,12.87,0
8365,45,13.916151594721148,17.49,0
8366,35,13.219220447733884,2.96,0
8367,3,19.559136018642583,2.76,1
8368,5,8.339175089023973,8.33,1
8369,26,12.556580768258938,8.35,0
8370,11,29.647601123240356,2.46,0
8371,7,24.252092570772625,8.85,1
8372,10,5.927925234753587,4.24,0
8373,42,12.462216361898198,10.2,0
8374,34,15.314076701778166,3.44,0
8375,3,7.9439654210810575,8.97,1
8376,8,25.090155134121158,14.62,1
8377,31,15.147906113471718,39.2,0
8378,11,14.07039176940485,24.2,0
8379,45,16.90532619851176,7.0,0
8380,7,16.825651561619804,6.7,1
8381,45,10.72822746468719,5.76,0
8382,2,21.57642372544394,0.28,0
8383,6,15.810179695883006,1.81,0
8384,41,21.54373279483071,0.61,0
8385,32,12.121808158988715,11.92,1
8386,20,6.020351508479775,5.33,0
8387,34,22.18645454930931,0.66,0
8388,16,18.701982333243112,11.73,0
8389,25,20.841080675186497,10.34,0
8390,12,21.14866055257273,12.73,0
8391,7,15.096424055344416,9.16,1
8392,39,13.165340737792638,1.76,0
8393,17,14.541609908412065,0.63,0
8394,45,17.757132853668452,16.99,0
8395,11,16.385192274147695,2.43,1
8396,6,5.8540952945759965,7.82,0
8397,23,14.407502332466748,6.64,1
8398,27,22.069484666165895,25.39,0
8399,46,14.993437621810477,8.04,0
8400,6,26.122702966046838,8.68,0
8401,38,10.194811756352275,3.85,0
8402,2,16.742656847813052,31.87,1
8403,22,10.073293437179846,9.48,0
8404,20,10.72212222743983,0.05,0
8405,25,10.768614705621612,8.12,0
8406,15,26.048399873810258,4.52,0
8407,49,13.73927954803754,0.33,1
8408,29,11.486808159702111,5.65,0
8409,8,14.986459371124207,14.85,1
8410,37,13.887928060710061,7.01,0
8411,49,19.057256663404374,10.2,0
8412,33,4.803649842122573,10.21,0
8413,22,10.226929421168249,11.12,0
8414,47,19.2325274698697,4.9,0
8415,5,12.556856966842682,4.62,1
8416,39,11.22524388310116,0.05,0
8417,18,11.001492988465003,1.67,1
8418,38,18.618224117039723,30.12,0
8419,37,18.399825815436884,18.48,0
8420,30,19.78810047696833,3.22,0
8421,31,9.186510127945791,5.13,0
8422,10,8.890891207298314,28.12,0
8423,15,20.68674883973793,2.88,0
8424,42,16.025619879299107,7.6,0
8425,48,11.970271641008909,0.22,0
8426,44,14.21420502836931,9.67,0
8427,18,8.828337455116202,26.6,0
8428,23,12.351978061863411,21.61,1
8429,33,15.796073530459617,6.97,0
8430,16,16.772359595156235,10.49,0
8431,38,14.56284535256761,8.44,0
8432,35,14.05147480377428,0.69,0
8433,34,18.666284635624567,1.73,1
8434,28,14.493118404627017,33.19,0
8435,2,12.764423656172598,2.96,0
8436,30,11.188514916001472,4.85,0
8437,13,6.162027457585438,7.11,0
8438,41,18.249594370380212,38.7,0
8439,16,22.317924545234735,11.71,1
8440,5,10.86744752016175,9.93,0
8441,28,8.6497317438078,7.43,0
8442,39,11.886376652602362,12.06,0
8443,45,16.452670566750413,10.91,0
8444,20,12.473500347125778,23.31,0
8445,24,12.386541538290047,7.81,0
8446,27,14.585383399668828,5.47,0
8447,30,15.504044153996347,16.46,0
8448,45,16.841260812696387,16.08,0
8449,27,13.524235744848585,1.86,0
8450,26,13.435218967363506,2.7,0
8451,7,5.390070206063076,31.85,1
8452,42,19.67842811161695,5.87,0
8453,47,16.26184678654842,7.33,0
8454,38,22.55531897141315,3.71,0
8455,5,17.555553695360484,6.56,0
8456,23,14.632016999711013,13.6,0
8457,28,7.569927383165106,6.58,1
8458,34,6.8311842881341285,3.78,0
8459,15,20.24174112615043,1.01,1
8460,32,17.807742317681168,26.35,0
8461,26,22.32699967869337,20.53,0
8462,48,19.656241697435973,15.67,0
8463,31,13.144346379395445,11.84,0
8464,19,3.499579852451207,7.25,0
8465,9,18.02260108626177,22.77,1
8466,29,9.919501216404882,15.69,1
8467,39,14.078489816119559,16.93,1
8468,4,17.060554722371716,3.7,0
8469,3,11.846772606593937,5.51,1
8470,29,10.874165768882708,12.27,0
8471,11,13.46411366834087,4.64,0
8472,33,4.769096146809208,6.81,0
8473,38,9.831552641448909,10.4,0
8474,11,9.759293289047775,5.76,1
8475,27,13.820760064556339,15.75,0
8476,33,10.264211868572149,1.24,0
8477,21,12.420894506627462,12.66,1
8478,39,12.775176915870553,1.57,0
8479,31,25.638428300619108,27.78,0
8480,38,18.847856242252202,3.77,0
8481,46,14.398087347716588,15.87,0
8482,2,17.245390858855657,7.37,1
8483,27,19.60358019061338,0.96,0
8484,36,16.438847247824683,8.74,0
8485,11,9.830553994884392,24.32,0
8486,47,14.314952226913457,1.71,0
8487,18,10.120538286759302,3.88,1
8488,1,13.35460413323973,5.78,0
8489,35,14.20567154296008,3.22,0
8490,35,20.262898185527987,28.78,0
8491,31,11.029399145434992,4.74,0
8492,28,10.628839154122439,10.73,0
8493,39,11.415331008739283,2.53,0
8494,1,11.954969620936094,2.48,1
8495,25,13.409156784693812,1.93,0
8496,43,16.64661666341865,5.71,0
8497,38,11.074459671784847,7.61,0
8498,20,15.57446104999579,0.11,0
8499,3,15.636259074344682,17.89,0
8500,2,17.768379108692503,7.19,0
8501,18,13.9461267485245,1.71,0
8502,44,19.160423124752985,0.7,0
8503,10,16.845156030681892,0.65,0
8504,5,16.620899641910718,2.98,0
8505,9,12.246560300988158,6.92,1
8506,2,16.372816993298756,19.68,0
8507,34,16.76143941235828,23.33,0
8508,38,12.012052930471857,17.86,0
8509,31,20.971412316809293,3.98,0
8510,10,28.117529499190454,3.66,0
8511,12,11.714345542284569,43.79,0
8512,36,12.64907245325183,11.43,0
8513,21,12.774874813720308,3.64,1
8514,49,8.452187038288375,3.99,0
8515,47,10.61854722133269,5.7,0
8516,6,19.28613988326086,9.72,1
8517,48,14.589932300395612,22.83,0
8518,49,24.59508168090126,2.21,0
8519,3,13.557479782889947,0.88,0
8520,10,17.081754132039624,5.2,0
8521,5,10.47853080032661,2.82,1
8522,46,14.449093513718589,8.58,0
8523,26,15.439105574268954,12.01,0
8524,21,4.479578114948842,3.72,0
8525,45,10.875187490952651,11.57,0
8526,26,18.17965219342458,4.2,0
8527,38,17.913337166103027,10.08,0
8528,44,8.75812312713055,10.03,0
8529,26,13.195190866361711,3.26,0
8530,8,3.1519300212614176,10.1,0
8531,5,14.982814702181164,4.8,1
8532,15,21.301499438597922,4.1,0
8533,16,21.518109682661233,3.41,0
8534,1,21.34034396561904,4.24,0
8535,16,17.63484015719079,15.45,0
8536,37,20.791022887385424,2.81,0
8537,3,14.053686233268389,11.46,0
8538,47,12.390646670380045,23.09,0
8539,31,20.703076095991577,4.31,0
8540,13,16.442297810230993,0.3,1
8541,16,6.0238121279835415,0.25,0
8542,43,21.082889480589124,1.5,0
8543,21,13.900748234228015,1.17,0
8544,2,11.66437149998318,13.79,1
8545,27,19.894522762309116,3.49,0
8546,38,19.22032613161009,10.57,0
8547,26,10.215597301771348,0.43,0
8548,38,14.21456104830259,3.51,0
8549,46,10.457854686253807,2.67,0
8550,25,10.590276383716684,3.24,0
8551,11,1.0,2.12,1
8552,8,9.930040211045144,9.62,1
8553,8,14.144263552825654,10.87,0
8554,33,1.0,1.61,0
8555,7,8.140737745869044,13.51,0
8556,38,18.03525875537918,2.88,0
8557,21,7.938484278765934,3.33,0
8558,8,14.213836388462878,17.65,1
8559,21,6.733175488024369,23.14,0
8560,20,17.047187771608193,17.42,0
8561,8,13.371230004691343,1.6,0
8562,46,10.4116292119526,72.19,0
8563,31,1.7775023631444409,11.15,0
8564,29,10.530672223337596,7.15,0
8565,48,18.32370839618121,30.98,0
8566,9,22.750295268107276,17.0,1
8567,15,13.903711995346766,11.77,1
8568,30,14.499590410543833,18.23,0
8569,26,11.612682050957225,4.87,0
8570,10,21.14641680682964,11.53,0
8571,29,13.796704892851057,2.11,0
8572,16,19.46864357121268,44.23,0
8573,36,16.24104509711738,8.89,0
8574,20,15.614526471313116,16.83,0
8575,45,9.898719864018735,5.23,0
8576,37,23.912973171572926,14.21,1
8577,22,22.329668429673788,4.9,1
8578,7,26.370978218383453,8.92,0
8579,23,9.503050241809415,15.06,1
8580,41,16.32015250301774,1.24,0
8581,40,11.033429795415127,4.41,0
8582,29,17.21830809786718,7.87,0
8583,16,16.461116142629916,4.06,1
8584,38,12.930067764375398,3.7,0
8585,28,13.856901032456012,3.31,0
8586,48,25.453840800459602,2.59,0
8587,38,14.323438857858473,18.9,0
8588,31,3.98711671470107,25.73,0
8589,14,12.319244620674398,12.05,0
8590,33,9.52365463961743,0.3,0
8591,9,10.40116420049324,15.43,1
8592,27,18.54673804674408,7.59,0
8593,24,19.454563630351977,14.19,0
8594,13,10.784761925000804,5.75,0
8595,26,12.246576353921403,0.42,0
8596,29,11.509205749143067,11.45,0
8597,49,22.590521151975686,5.87,0
8598,43,19.60399426377976,20.72,0
8599,28,18.38470366825123,13.4,0
8600,28,9.839713433063071,4.46,0
8601,8,6.4537033465134055,12.88,0
8602,23,21.15238642509148,6.84,0
8603,29,24.594583707980252,2.22,0
8604,5,6.217152023327422,5.45,0
8605,42,26.207433925615156,2.52,0
8606,7,14.469939234032813,0.05,0
8607,42,15.84087214503264,2.83,0
8608,36,8.410570278452031,2.35,0
8609,41,6.126206746754878,0.04,0
8610,27,3.6809856014352054,15.32,0
8611,46,20.154111862158665,0.8,0
8612,2,14.586317341106819,5.96,1
8613,25,17.30391203857208,5.41,0
8614,9,20.66558476071375,2.0,0
8615,27,14.521002259938344,34.07,0
8616,1,23.447332883330738,9.26,1
8617,23,10.872929691788173,16.79,1
8618,10,12.911936373220502,6.85,0
8619,42,10.485891250621806,12.83,0
8620,25,19.17753128376993,34.99,0
8621,3,20.567800354400855,4.28,1
8622,6,12.735387730275558,7.02,1
8623,6,8.03426324225897,7.23,1
8624,2,21.153056671208617,48.28,0
8625,18,10.596254360854454,2.65,0
8626,23,12.985995233779843,11.25,1
8627,2,9.63371692141356,1.49,1
8628,12,16.437292807284148,26.18,1
8629,22,11.150189612477062,8.93,0
8630,37,18.507036787686708,19.62,0
8631,20,12.20120120138732,22.56,1
8632,39,17.689222990038363,8.14,0
8633,24,10.376575390223564,11.46,0
8634,48,21.13131438717741,12.0,0
8635,20,12.500486991010247,6.17,0
8636,1,15.450341018762167,5.71,1
8637,1,9.060498105829584,2.06,1
8638,17,14.919599436698075,4.84,0
8639,1,9.246062613459284,46.84,1
8640,45,14.780525415115976,3.15,0
8641,30,10.192335492353578,14.37,0
8642,41,14.223239402704614,0.61,0
8643,47,17.329605106486156,6.3,0
8644,3,8.138307965980205,0.6,1
8645,46,14.782357250118222,6.46,0
8646,11,17.041547948517582,0.28,0
8647,24,17.02035858824523,9.5,0
8648,22,24.591912052520055,8.83,0
8649,44,11.277457801821216,15.99,0
8650,45,14.98595745964753,8.75,0
8651,26,23.738608954519595,26.04,0
8652,13,8.13371891818594,15.28,1
8653,1,3.5122674538362997,1.42,1
8654,24,17.67785830947893,3.09,0
8655,10,20.216117808021686,0.27,0
8656,35,4.449886099064388,4.88,1
8657,24,13.400995811259548,7.12,0
8658,28,9.91031685468061,29.18,0
8659,36,16.548376393009303,7.39,0
8660,16,14.83076203144118,15.19,0
8661,40,21.54473066548103,3.12,0
8662,16,8.275723121666472,1.66,1
8663,17,16.930167217238804,16.65,0
8664,15,18.10806127627435,2.84,0
8665,16,15.251713171735243,20.51,0
8666,15,4.965529905776535,1.86,1
8667,34,17.07769925655105,19.08,0
8668,11,11.346722518028798,14.82,0
8669,1,6.283617493357784,9.45,1
8670,15,16.846013643847524,18.99,0
8671,26,18.836008374340658,4.02,0
8672,4,11.923001623875908,1.82,0
8673,43,19.169208231146307,1.71,0
8674,5,19.219405940362865,3.15,0
8675,35,14.912728302671193,5.91,0
8676,13,17.981693425213304,20.88,0
8677,10,19.881798841923835,0.94,0
8678,11,17.625232369348208,24.68,1
8679,18,3.5650758723410387,25.97,1
8680,34,2.398257628314882,12.99,0
8681,39,20.33031249667888,23.05,0
8682,41,11.557911948742667,14.7,0
8683,42,12.520209735821066,7.51,0
8684,23,24.44996995463345,9.18,0
8685,7,11.331600578497362,9.89,1
8686,39,14.30767854684432,1.36,0
8687,3,15.062342188931954,2.14,1
8688,12,13.935217194627144,7.41,0
8689,7,21.72040711710903,1.22,0
8690,49,13.126983883850528,33.52,0
8691,26,18.596753221651205,7.08,0
8692,33,15.351302934236827,4.78,0
8693,37,19.834661714520937,1.71,0
8694,48,8.140253638577608,5.39,0
8695,15,3.7321867061871288,3.6,0
8696,2,15.148744934031354,0.92,1
8697,41,10.762748414996501,34.11,0
8698,7,22.324399573118985,3.08,0
8699,32,14.584672064083662,11.73,0
8700,4,16.09887165072409,0.96,1
8701,20,13.463175177141121,24.44,0
8702,36,11.743297003222686,8.93,0
8703,32,15.287533697059047,10.7,0
8704,28,20.07362720320198,15.22,0
8705,13,13.43706566934189,9.31,0
8706,1,13.08587180294863,0.74,1
8707,35,19.024084224796628,5.61,0
8708,48,6.576683259628121,3.04,0
8709,30,20.942361665099753,6.67,0
8710,36,10.968231111540746,5.18,0
8711,25,19.722805727558107,17.52,0
8712,16,16.469226853057975,2.84,0
8713,19,4.58029592534119,2.25,1
8714,1,15.05936342355494,31.72,0
8715,5,21.57140789543576,29.86,0
8716,22,13.482239226531659,50.31,0
8717,24,13.941221210745066,8.4,0
8718,43,11.162949192371329,1.2,0
8719,45,20.977555817357747,21.22,0
8720,37,12.68541526835175,1.57,0
8721,36,23.957650079991517,1.69,0
8722,36,20.776675234927133,2.15,0
8723,4,21.65971832553369,10.6,0
8724,36,15.400866943627312,1.13,0
8725,18,12.568369003346175,15.06,0
8726,16,17.39212536124738,0.6,1
8727,41,22.75995815443621,1.17,0
8728,18,23.866203058342187,5.7,0
8729,22,5.714015444260692,4.77,1
8730,2,28.523986953579403,45.76,0
8731,21,16.260712978655533,34.07,0
8732,36,18.895656109437606,2.1,0
8733,44,10.523584534884824,29.31,0
8734,39,10.179117475463856,11.79,0
8735,47,7.805904267746353,5.26,0
8736,39,23.518260914627096,13.46,0
8737,29,11.559633326593303,23.04,0
8738,26,14.540534056383706,1.99,0
8739,21,13.493182301877308,2.18,0
8740,17,9.895861568296194,5.25,1
8741,16,14.005225965720571,1.85,1
8742,31,15.439500051771686,4.47,0
8743,9,21.243889584130688,10.38,0
8744,31,9.704503318527506,16.76,0
8745,14,12.082495809176253,3.59,0
8746,49,17.750536967242237,3.31,0
8747,37,15.226954723337121,15.13,0
8748,2,15.319058644418872,4.8,0
8749,48,10.144633854252618,17.06,0
8750,46,18.892309965764316,50.18,0
8751,14,22.06811977779236,38.96,0
8752,33,21.605832797975445,10.87,0
8753,35,14.031926558478785,4.7,0
8754,39,2.0852173966169616,0.68,0
8755,47,16.168654173247248,13.4,0
8756,20,15.50155149789065,38.15,0
8757,2,9.909406965154616,0.7,1
8758,41,10.891713693700662,0.06,0
8759,19,10.022213757897005,17.82,1
8760,37,16.372621148922544,1.08,0
8761,18,10.887971896197115,0.85,0
8762,16,15.825437296085703,24.12,0
8763,4,26.882705655243925,0.83,0
8764,12,14.070800414484188,1.21,0
8765,29,9.199832059036046,8.43,0
8766,7,7.733277675949947,14.14,1
8767,14,16.650344186842272,5.1,0
8768,12,25.014467583753763,5.46,0
8769,35,10.492000064458129,10.01,0
8770,5,4.225169314071559,7.04,0
8771,17,23.537329562518217,0.19,1
8772,42,27.581272094133737,1.21,0
8773,32,18.783628701388054,8.71,0
8774,10,17.152771648191205,15.78,1
8775,43,15.333627595777363,14.4,0
8776,17,18.405103840813133,13.47,0
8777,5,18.17402566059107,14.75,1
8778,45,16.414934048228,0.45,0
8779,42,10.238453889121772,22.55,0
8780,9,16.388474502173718,22.01,0
8781,49,14.507933722653128,7.59,0
8782,33,10.98975376870833,2.86,0
8783,36,16.376799896164997,8.97,0
8784,36,12.569013286363568,8.16,0
8785,18,15.338676119837494,2.52,0
8786,9,17.28244135243043,9.24,0
8787,29,17.990768082315338,15.96,0
8788,14,12.69220937699294,16.4,1
8789,25,17.251959290774987,0.62,0
8790,15,18.41590353448334,2.2,0
8791,6,19.869425266614357,11.03,0
8792,42,16.52430416254486,19.65,0
8793,29,18.026743415225813,7.37,0
8794,15,12.89299948448488,12.29,0
8795,29,27.884598755206575,0.21,0
8796,4,14.679441517799534,9.38,0
8797,18,20.60592394835151,32.68,0
8798,49,12.566203600696547,10.82,0
8799,44,16.873769366012535,25.55,0
8800,39,16.687121379451327,8.35,0
8801,16,17.639069423017887,18.54,0
8802,11,10.759985709242116,1.33,0
8803,14,16.947212239533666,1.32,0
8804,3,12.585626695413517,1.28,1
8805,42,19.09728747586219,6.71,0
8806,38,10.608855401707977,4.01,0
8807,45,16.529498908912746,12.7,0
8808,42,14.858461553496301,23.29,0
8809,18,24.27452925939832,9.66,0
8810,20,20.588936674175457,2.4,0
8811,48,21.862486686087266,26.72,0
8812,25,11.142224449956931,7.5,0
8813,38,13.083185003339201,12.73,0
8814,13,14.979658433006588,22.12,1
8815,4,20.722793756931104,45.89,0
8816,14,16.8803814700399,7.05,0
8817,33,11.254112127318749,16.51,0
8818,28,11.465460923004763,8.37,0
8819,37,20.962357715699653,6.66,0
8820,8,17.04170026849654,7.72,1
8821,44,15.262306774773931,6.62,0
8822,34,14.848063945704364,5.47,0
8823,44,19.476978303438788,12.86,0
8824,5,9.728123974628346,2.87,1
8825,5,15.25930535681929,9.58,1
8826,31,15.55810612921729,12.48,0
8827,45,8.770449256248376,22.26,0
8828,9,13.962992955060683,4.03,1
8829,42,26.432622049572878,19.7,0
8830,32,10.824961314220461,29.06,0
8831,33,15.630199798679065,10.46,0
8832,3,4.614357224351991,14.76,1
8833,30,14.305437453258698,5.2,0
8834,12,9.628127285926588,30.39,1
8835,29,13.24089601692938,11.11,0
8836,3,17.130833900701035,3.71,1
8837,26,9.371170403099816,5.18,0
8838,30,16.205173110710607,9.62,0
8839,9,11.101131854885043,2.67,1
8840,26,8.322733197959941,14.02,0
8841,2,19.91352024047753,2.54,0
8842,3,10.192958432590952,8.96,1
8843,46,12.880806971094238,11.94,0
8844,4,12.14631198228813,19.64,0
8845,25,16.084420323271253,13.24,0
8846,13,15.161511554082209,16.04,0
8847,39,14.173840604241763,24.41,0
8848,44,11.456318224484523,9.11,0
8849,35,13.67348667574473,18.73,0
8850,23,16.469208230919158,2.64,0
8851,9,15.589464472002154,16.86,1
8852,2,20.608845413419267,2.51,0
8853,41,18.81505329958945,27.28,0
8854,44,20.532325271825496,4.0,0
8855,31,21.767042561309765,1.89,0
8856,44,15.935427875660451,1.6,0
8857,47,19.268107095902707,2.07,0
8858,2,16.678459392468636,5.93,1
8859,32,21.633813077774047,7.38,0
8860,18,6.225716203071123,24.51,0
8861,13,13.42219354999003,4.8,0
8862,46,17.05036899157819,2.45,0
8863,5,17.849804162938423,13.62,0
8864,42,14.911806700944389,1.45,0
8865,44,6.687498480163745,22.28,0
8866,10,14.11221194866851,5.27,0
8867,43,19.081023675282545,9.52,0
8868,25,13.421743808885623,2.06,0
8869,34,15.462508088068462,1.57,0
8870,37,24.58274637686867,16.04,0
8871,30,14.065613267675518,5.62,0
8872,7,14.213089745604977,43.23,1
8873,6,15.970864390755407,7.43,1
8874,3,16.18769431796887,18.69,1
8875,13,15.67309005169345,39.1,0
8876,3,16.9660039086902,3.3,0
8877,26,9.049672775080012,16.14,0
8878,24,14.393975930262625,0.22,0
8879,6,8.858109353418211,11.39,0
8880,43,15.279835430490936,13.67,0
8881,49,18.02287927161356,6.49,0
8882,42,14.306515849484933,1.77,0
8883,12,10.265806774728572,9.59,1
8884,49,12.845407321361872,22.78,0
8885,36,24.00504554810022,26.78,0
8886,2,22.248484936066802,13.71,1
8887,11,12.288920482737554,3.06,0
8888,39,12.264059489320926,20.43,0
8889,34,14.456094333221088,21.97,0
8890,26,21.198392062402828,4.58,0
8891,18,6.2452069741049705,2.02,1
8892,21,12.224139364471196,20.77,0
8893,36,17.056595766139164,21.64,0
8894,40,16.479398084862336,1.06,0
8895,46,12.861753530621536,34.11,0
8896,44,13.738542453746422,7.62,0
8897,22,16.654805268925216,50.72,0
8898,30,12.948018498450576,5.89,0
8899,43,9.682780022768442,7.62,1
8900,30,14.072980120157336,3.09,0
8901,8,15.946783559068527,22.92,0
8902,34,4.377775105196648,5.86,0
8903,47,16.961115879375782,16.85,0
8904,9,19.870878344959035,0.83,0
8905,20,13.213719804663606,15.52,1
8906,40,13.304421944375402,6.74,0
8907,25,11.307913747291426,0.05,0
8908,19,14.238078653944399,2.57,0
8909,5,12.20914069278798,2.15,1
8910,11,22.238027860317384,13.93,0
8911,15,15.623032211929655,6.49,0
8912,8,4.262442139645588,1.74,1
8913,19,17.852673177334026,2.97,1
8914,23,23.5956991136855,7.01,0
8915,27,17.545340251405058,0.2,0
8916,40,20.950082847976354,5.52,0
8917,32,18.38590611363924,11.33,0
8918,26,19.954919319211488,7.29,0
8919,27,19.711466144016654,9.12,1
8920,19,19.768760327929,3.95,0
8921,42,16.583380458233172,2.02,1
8922,29,6.424835837153209,16.59,0
8923,39,9.553551221046687,23.61,0
8924,41,9.645217384214703,7.15,0
8925,33,2.372018877759574,3.64,1
8926,19,12.826176542530382,7.16,0
8927,37,22.077366215947055,21.12,0
8928,19,7.818119489115276,11.76,0
8929,33,18.64037584752632,19.56,0
8930,47,17.64551980836473,3.98,0
8931,16,16.149843786886347,12.45,0
8932,23,20.912902712073087,10.59,0
8933,7,14.793429485411375,8.48,0
8934,26,22.60762282880041,7.51,0
8935,32,14.002543942718038,8.01,0
8936,12,16.716819506483205,18.95,1
8937,8,14.291989816382312,24.77,0
8938,5,10.381010842897417,1.2,1
8939,42,8.267072485149749,8.41,0
8940,28,17.876209429724952,25.06,0
8941,5,21.736433781009904,1.45,1
8942,49,16.220772307139377,5.32,0
8943,26,17.56975879545758,0.93,0
8944,5,7.2283915424682865,1.2,1
8945,22,16.9262890842679,23.45,0
8946,15,4.602071668093554,5.91,0
8947,13,9.022097350160237,11.67,0
8948,28,21.670964072192923,1.5,0
8949,33,15.068250206350315,0.22,0
8950,43,15.529179988382003,22.12,0
8951,23,17.769006342566072,8.55,0
8952,33,18.99065105597992,0.2,0
8953,43,13.645862652315447,48.72,0
8954,18,16.464586909109187,6.78,0
8955,30,14.652439306585508,6.46,0
8956,26,7.3400756487016485,9.7,0
8957,16,13.227467559875086,0.08,0
8958,13,17.065236775089797,8.42,1
8959,39,13.075087310220555,9.93,0
8960,33,13.120462489137516,3.52,0
8961,26,18.910994106186436,12.98,1
8962,48,15.80559444385473,4.74,0
8963,1,16.75937576198673,12.65,1
8964,49,6.876382897742019,1.55,0
8965,38,17.24160005337762,24.5,0
8966,2,9.45778892286393,21.16,0
8967,49,14.87739441296643,1.63,0
8968,6,9.68398340276185,27.88,1
8969,46,19.664627237246417,8.16,0
8970,38,24.1480395855614,12.09,0
8971,42,14.26212417801403,18.34,0
8972,24,14.21555212320411,0.87,0
8973,18,20.153748328484113,1.85,0
8974,27,17.859435166940678,3.43,0
8975,41,14.643586299262736,6.49,0
8976,8,16.841049428873415,4.25,1
8977,28,25.149067323583346,7.05,0
8978,10,11.640647977374497,2.06,0
8979,17,12.0705700358104,11.46,0
8980,29,18.973291387595946,0.57,0
8981,6,25.56217192264424,4.49,0
8982,14,15.886079769442029,1.97,0
8983,22,6.4521938751545616,13.09,0
8984,6,16.95191032048668,21.51,0
8985,26,12.375257284114836,0.82,0
8986,39,17.380809399529625,15.37,0
8987,12,8.203374144042337,22.61,0
8988,35,7.621051085319907,36.49,0
8989,14,13.515647090461812,8.66,1
8990,22,23.261249456408127,3.97,0
8991,23,8.141914554783956,3.89,1
8992,48,13.398272430856212,4.76,0
8993,7,7.680980433771968,9.48,0
8994,40,16.449360983035653,6.74,0
8995,25,16.107521776052113,10.6,0
8996,13,7.880437642849496,0.4,0
8997,21,21.438651332299816,1.12,0
8998,41,5.388968582492193,37.52,0
8999,10,22.882264544170773,53.79,0
9000,9,21.87234436715552,13.73,0
9001,15,16.52898459225498,2.96,0
9002,2,19.480556587935432,30.66,0
9003,25,14.109451341790914,2.4,1
9004,13,7.298144895338156,13.15,0
9005,34,16.182427677490136,1.22,0
9006,34,7.145412795760556,10.47,0
9007,35,14.945599532468407,14.25,0
9008,38,8.815787054382577,19.64,0
9009,3,19.877068659644397,13.25,1
9010,42,16.90084416307997,25.7,0
9011,6,18.391526270273296,7.36,1
9012,48,16.701462049390514,11.31,0
9013,49,24.404068551379083,4.61,0
9014,19,20.111998896154024,0.1,1
9015,3,23.518109185076035,14.13,1
9016,18,10.499748291954857,20.39,0
9017,39,12.28707346338202,1.91,0
9018,9,2.883444744572195,0.29,0
9019,12,13.038059792626001,1.8,0
9020,5,14.822255412716418,22.57,1
9021,3,17.171560334513075,3.5,0
9022,11,12.345288072111305,2.66,0
9023,30,18.682005600944237,0.15,0
9024,4,18.331714921207727,3.52,1
9025,5,12.632139450303953,12.58,0
9026,1,10.207839473743103,31.96,0
9027,27,15.329539096052635,3.75,0
9028,28,15.496610920191197,2.75,0
9029,29,11.961306240712828,21.9,1
9030,18,13.703957290176179,19.14,0
9031,12,7.9107040439837615,3.98,0
9032,13,18.392752769647217,0.71,0
9033,41,18.47366427446371,48.27,0
9034,2,15.244936017599713,11.42,0
9035,37,18.827510054390153,26.12,0
9036,45,15.65578257139327,4.18,0
9037,16,23.081330350945514,10.43,0
9038,48,8.51795847954814,11.22,0
9039,24,16.00895215792595,20.63,0
9040,35,19.516743743286618,49.7,0
9041,22,22.460500129146688,1.15,0
9042,36,18.962875463733983,9.97,0
9043,11,9.810097971312052,4.1,1
9044,46,6.724756324527384,16.69,0
9045,29,14.150614704909108,14.03,0
9046,35,16.808591550013652,22.3,0
9047,48,19.723675266724804,4.21,0
9048,15,9.522650224723217,2.04,0
9049,31,18.05369029507288,0.22,0
9050,42,1.6118586801962493,2.95,0
9051,41,11.30253123488907,4.58,0
9052,43,19.301387123126688,29.2,0
9053,16,9.0439468763974,6.76,0
9054,10,9.482084447473959,8.13,0
9055,49,12.372884884235997,21.21,0
9056,32,15.884961054611153,21.63,0
9057,2,9.423725371246842,7.51,1
9058,24,14.838581513482728,1.21,0
9059,23,12.839107452521684,3.15,0
9060,2,20.7896599980086,6.1,1
9061,38,12.581096214152236,13.91,0
9062,31,15.141697424434412,12.44,0
9063,40,15.831685584201722,10.29,0
9064,26,12.901313543213613,21.22,0
9065,29,18.8485065716457,16.23,1
9066,3,19.88806788641262,40.24,1
9067,14,12.555172200709665,22.0,1
9068,25,16.46560152847118,2.18,0
9069,48,10.36235529573666,0.59,0
9070,1,17.819008497506093,5.35,1
9071,3,16.16411531065039,9.61,1
9072,26,13.180296783263053,10.3,0
9073,18,16.64966201925036,3.11,0
9074,9,17.96427832551839,19.65,0
9075,38,21.151939065510152,3.99,0
9076,23,16.98741087947842,25.15,0
9077,21,19.442051828418716,6.38,0
9078,1,24.5242768113089,0.1,0
9079,21,9.830171300141746,1.77,0
9080,27,20.856612316122593,1.08,0
9081,42,10.604256978651243,0.45,0
9082,6,11.432747455929956,12.52,1
9083,44,14.941001637116727,2.14,0
9084,36,11.769845835885977,18.24,0
9085,28,10.933839801899602,3.07,0
9086,45,14.69797631211112,0.33,0
9087,17,13.33375508839461,17.19,0
9088,40,11.673486387852709,6.28,0
9089,3,10.236919752924344,9.15,1
9090,12,22.125746462377247,4.1,0
9091,39,8.998998527512203,0.47,0
9092,12,14.16160216779697,4.62,0
9093,2,20.58961340838358,7.3,0
9094,46,19.04773649787782,0.12,0
9095,22,16.168574736473563,8.54,0
9096,23,11.881790299443129,22.35,0
9097,30,14.906229668871232,2.46,0
9098,5,9.379648171765252,26.14,1
9099,9,13.574326923327806,1.03,0
9100,21,13.498660945863481,17.45,0
9101,11,13.98148458663798,18.35,0
9102,5,11.059950660012905,2.98,1
9103,35,6.520594521278047,31.66,1
9104,27,21.259266273912214,5.39,0
9105,49,20.14884798677109,1.52,0
9106,2,19.373271525922828,8.96,0
9107,24,16.892096292441344,56.88,0
9108,31,15.851812837937922,22.96,0
9109,33,11.531573054016302,3.27,0
9110,39,12.065868482298542,8.6,0
9111,30,22.276777351643975,1.23,0
9112,46,23.41453672382208,6.2,0
9113,37,14.076232995112829,7.4,0
9114,28,15.018820876666696,3.79,0
9115,31,18.661607776213632,6.62,0
9116,11,15.467332810201228,25.25,0
9117,23,15.845172774324656,6.93,1
9118,2,14.70100368985897,17.78,0
9119,40,10.310820477242697,3.82,0
9120,41,13.13493809759163,35.54,0
9121,27,14.331668777889904,0.98,0
9122,35,2.399496593404834,8.81,0
9123,2,15.437566303045779,15.6,1
9124,39,26.612829397140136,16.82,0
9125,37,12.853154609557885,2.21,0
9126,21,15.165630923561944,5.14,0
9127,5,10.797570142744032,9.79,1
9128,45,9.530503549565966,3.8,0
9129,21,13.449541417573824,10.74,0
9130,29,18.14896607293387,4.76,0
9131,20,13.83123289993936,4.32,0
9132,38,13.129613708014581,1.14,0
9133,20,17.477978574488464,0.4,1
9134,25,16.000485592120366,18.03,0
9135,2,16.396369204522653,6.72,1
9136,32,20.95147220563037,8.28,0
9137,26,20.323171145861014,4.66,0
9138,6,22.478700137634693,1.47,0
9139,41,8.935841945205206,5.97,0
9140,3,19.286277163217648,2.6,0
9141,33,23.229114666092094,18.18,0
9142,1,6.836719967264857,43.27,0
9143,5,14.89952801660532,21.99,0
9144,13,12.283663284203246,7.51,0
9145,19,14.8783236686941,9.89,0
9146,12,20.734891412371656,29.59,0
9147,48,8.021322469655951,7.74,0
9148,25,16.224938575862552,10.18,0
9149,35,12.176922722520018,9.92,0
9150,12,20.88820809092609,12.31,1
9151,30,17.104672110621436,10.22,0
9152,5,14.211266959872924,11.11,1
9153,34,11.40941515453287,12.94,0
9154,22,28.289609465925658,16.56,0
9155,39,16.399442801718273,5.16,0
9156,13,7.900227639944712,13.7,1
9157,47,10.946289548758529,1.06,0
9158,3,17.06307644874594,20.89,1
9159,20,11.349868625765472,3.43,0
9160,31,11.964959501443207,5.17,0
9161,5,19.929629085438936,16.28,1
9162,24,19.48704817820721,10.13,0
9163,40,12.143964677824137,3.69,0
9164,33,20.85427598741409,2.55,0
9165,8,11.446922402928852,31.63,0
9166,24,23.46770576117776,0.92,0
9167,20,17.68772901278285,0.04,1
9168,16,16.450908589543396,11.18,1
9169,12,13.075983330248405,9.53,0
9170,13,11.956741479130333,13.38,1
9171,45,3.367508157119996,13.15,0
9172,42,13.529271492019488,19.9,0
9173,39,14.947522519509938,25.52,0
9174,25,5.86949239891641,14.92,0
9175,46,19.11691964545439,2.64,0
9176,32,14.198142568103187,6.23,0
9177,24,21.073560461303114,10.26,1
9178,48,11.581697905384372,7.75,0
9179,47,21.182103909031262,1.73,0
9180,44,12.75484548570538,8.9,0
9181,9,14.748574156712538,21.76,1
9182,40,16.078076208010465,5.42,0
9183,23,14.79169115926664,11.05,0
9184,13,16.521783814923957,9.57,0
9185,32,5.377257796169598,4.73,0
9186,15,14.30306126858372,8.33,1
9187,36,14.597890508185877,2.36,0
9188,49,5.067595665116185,7.9,0
9189,5,18.21235188056633,16.04,1
9190,22,10.443232992650866,14.23,0
9191,16,19.71164611822991,4.43,0
9192,41,15.429758303140309,1.19,0
9193,10,12.128590614498625,16.09,1
9194,24,20.023460292648092,3.08,0
9195,18,23.309335268046514,0.55,0
9196,49,15.19253367139848,5.89,0
9197,18,21.874430455719498,13.45,0
9198,7,14.119366982814586,16.53,0
9199,4,19.811609287660424,40.29,0
9200,26,13.162613988991737,2.1,0
9201,5,24.129458895814263,3.48,0
9202,16,20.386536448125142,9.4,0
9203,35,17.351723708294163,16.68,0
9204,26,2.3306439989759724,2.67,0
9205,18,17.244083207002628,5.27,0
9206,29,8.825335171868632,5.25,0
9207,23,16.766265037738396,14.83,0
9208,14,21.387495943194324,2.76,0
9209,15,18.444984835069732,34.66,0
9210,49,19.29356202907657,7.14,0
9211,33,13.13488275244914,3.31,0
9212,25,7.376996443898461,3.34,0
9213,21,11.14276420705921,0.18,1
9214,17,13.351317749553523,11.79,1
9215,23,14.929696898996477,14.96,0
9216,43,21.34563981739605,0.33,0
9217,17,18.652889347210753,8.82,0
9218,14,26.098626108127448,15.22,0
9219,29,9.993563361949999,4.72,0
9220,20,20.819839117409522,5.67,0
9221,30,19.376780386729003,4.49,0
9222,19,14.417189224003808,3.79,0
9223,39,10.195169808394613,6.76,0
9224,13,11.92260414797246,1.82,0
9225,18,11.68221898116294,5.81,0
9226,23,23.55333870760389,28.44,0
9227,46,19.1412522916454,0.28,0
9228,33,19.328281411827643,1.8,0
9229,39,15.438368246503199,15.04,0
9230,40,13.856019907410392,1.42,1
9231,18,16.6866789942764,3.16,0
9232,9,15.512326797965278,6.07,0
9233,33,14.519851517011672,28.68,0
9234,32,16.833444378274876,2.03,0
9235,17,9.670583294187903,25.65,0
9236,19,16.335047628402087,12.68,0
9237,27,14.44600023889944,11.12,0
9238,6,11.426918705487532,12.86,1
9239,35,18.20313633742113,0.32,0
9240,37,23.975913445704812,1.04,0
9241,34,21.390348558291958,4.08,0
9242,20,13.586925317934657,0.77,0
9243,25,18.321987401952832,43.89,0
9244,4,19.216934065947253,8.68,1
9245,10,15.595858814675557,6.68,0
9246,10,14.880025983229466,15.4,0
9247,24,16.718797139225302,37.7,0
9248,21,27.56289417032569,31.04,0
9249,11,16.286586456832822,15.75,1
9250,27,8.662895538775716,4.73,0
9251,16,9.76853469490383,0.68,0
9252,26,14.144042078040332,1.04,0
9253,30,8.76558063480518,0.01,0
9254,49,14.33741138009448,0.02,0
9255,16,26.126053321934545,27.55,0
9256,7,12.442837145936943,26.18,1
9257,16,9.563583249028245,11.01,0
9258,35,13.9621081093516,12.97,0
9259,16,14.480256169685713,7.2,0
9260,40,10.055862988966265,2.72,0
9261,12,8.808173844364397,24.58,0
9262,35,21.78125523349292,3.25,0
9263,49,17.503820176490834,13.46,0
9264,21,12.58629936562321,2.82,0
9265,43,9.222976646078434,20.41,1
9266,36,12.412791702892381,10.53,0
9267,48,8.869820396563131,10.29,0
9268,17,12.102588462514138,1.02,0
9269,32,25.33454003552723,5.44,0
9270,41,16.194272732432573,7.44,0
9271,6,11.90991923465688,3.48,0
9272,24,18.39767797596877,21.28,0
9273,27,10.349783854622455,18.18,0
9274,20,12.97187599160957,6.8,1
9275,25,5.729142770604234,4.16,0
9276,2,21.370345241830254,16.17,0
9277,9,13.99135301019311,2.19,1
9278,28,10.906177542772888,0.74,0
9279,38,18.24745378011149,0.47,0
9280,3,9.761391748316655,0.39,1
9281,20,10.065326931946267,6.71,1
9282,6,13.10476009462852,2.95,1
9283,39,9.01241067942908,11.72,0
9284,33,11.732756630749195,10.61,0
9285,1,14.009212106789349,7.81,1
9286,37,14.460626422952572,4.35,0
9287,6,8.376827427623011,19.0,1
9288,45,13.778350779937554,12.37,0
9289,34,17.903336601721197,3.17,0
9290,47,18.73718170269887,6.97,0
9291,15,12.512366091868858,1.7,0
9292,45,14.05580356702038,3.99,0
9293,26,13.760900997416245,58.57,0
9294,14,8.041521931842926,2.53,0
9295,7,12.299207134938978,11.98,0
9296,46,18.981141485550467,2.72,0
9297,31,19.060573960913892,27.83,0
9298,24,17.059460386087416,3.71,0
9299,31,1.6939213428064352,4.26,0
9300,29,11.092436582682003,9.01,1
9301,42,17.337972170071403,8.87,0
9302,32,23.561963091742182,8.65,0
9303,17,14.927199581904118,8.52,1
9304,14,15.479364534302643,3.74,0
9305,40,14.43424132844484,5.7,0
9306,36,8.46737054115243,9.0,0
9307,48,16.759632049778386,11.13,0
9308,24,7.393261763544552,2.92,0
9309,45,14.573792720791605,12.09,0
9310,27,15.445248909519789,25.68,0
9311,25,15.246491378297037,14.19,0
9312,32,8.507964205530836,0.88,1
9313,18,11.454866735785966,6.33,0
9314,46,18.443680032172935,5.71,0
9315,18,15.364289100759754,4.1,1
9316,37,11.487630209747941,6.76,0
9317,26,9.64433468083233,5.79,0
9318,9,19.014051250113994,0.06,1
9319,35,15.171814956358352,2.7,0
9320,8,9.346208219279935,2.41,1
9321,20,14.056744895380747,4.3,0
9322,42,10.969461632888198,1.92,0
9323,22,16.50689837456585,0.7,1
9324,19,21.268093861168964,2.19,0
9325,30,9.595802397980208,19.25,0
9326,28,15.785870962220407,15.95,0
9327,35,15.694922542705775,5.84,0
9328,43,4.277384874948272,21.02,0
9329,11,19.163082083907373,2.65,0
9330,31,25.494737861545893,8.78,0
9331,49,15.690181775994692,1.54,0
9332,48,21.798100029915794,17.92,0
9333,39,8.727194810430813,1.4,0
9334,36,11.406178855230156,0.32,0
9335,30,15.356216172031239,3.19,0
9336,23,10.73159970055851,23.12,0
9337,19,15.190489530228502,1.39,0
9338,12,20.016873526281294,4.01,0
9339,15,10.58467612121117,3.8,0
9340,31,20.237596966062352,16.18,0
9341,43,5.383531394436128,5.47,0
9342,37,12.156174072665417,9.46,0
9343,37,14.015339113613225,5.18,0
9344,15,10.365210171699388,8.02,0
9345,29,12.225932742013974,0.64,0
9346,43,21.98072414533477,4.68,0
9347,26,21.19965952416148,19.32,0
9348,44,18.60017130750585,11.75,0
9349,2,20.20606183316761,40.08,1
9350,20,11.898147898656957,15.51,1
9351,15,8.885797872848267,6.01,0
9352,4,10.961995760137357,11.28,1
9353,22,11.704911021813498,14.96,0
9354,38,11.952425165362927,3.14,0
9355,23,17.640693958133443,0.62,0
9356,26,16.615889397581025,5.21,1
9357,11,14.121690340051368,1.56,1
9358,28,14.429611782948257,3.25,0
9359,2,20.474611409012002,29.35,0
9360,8,8.540885204497805,18.78,0
9361,29,18.94836533507853,8.98,0
9362,11,4.443528998974378,5.13,0
9363,37,12.170521686572037,3.07,0
9364,18,22.552933874037784,8.47,0
9365,14,16.5042094615807,7.62,0
9366,10,12.66679147427718,15.18,1
9367,35,19.576601783866785,26.31,0
9368,9,17.97552038376676,3.99,1
9369,35,17.773074177264732,2.31,1
9370,11,13.993204139506178,5.16,0
9371,44,19.799725248613207,5.75,0
9372,12,11.780491772637003,0.41,1
9373,3,11.544079646572271,19.78,1
9374,39,24.371398268191257,54.24,0
9375,14,12.500418227485905,25.67,1
9376,28,4.840777018093201,19.71,1
9377,11,20.31247631773425,49.06,0
9378,39,21.80651095595494,23.84,0
9379,25,13.821248484758744,11.66,0
9380,21,4.527999881466469,1.82,0
9381,10,14.723910451635646,1.7,1
9382,43,25.361505607133765,0.5,0
9383,15,16.012795584799502,5.31,1
9384,19,18.846790207738216,16.55,0
9385,48,19.134060201534574,6.74,0
9386,22,19.85646739701355,4.56,0
9387,21,24.312649759376356,1.16,1
9388,44,20.400605019029026,0.53,0
9389,32,14.596414989103618,5.09,0
9390,23,9.42062882475387,1.05,1
9391,13,17.14857139456286,1.09,0
9392,5,14.032739713744869,5.03,1
9393,4,18.583931870322225,6.99,1
9394,28,10.685648452270277,2.07,0
9395,14,13.496939317123456,11.54,0
9396,8,15.055798453660442,5.42,0
9397,9,10.303961273148605,0.96,1
9398,35,15.199302008716785,10.13,0
9399,37,18.934279012413498,4.42,0
9400,21,24.55069201948752,0.54,0
9401,18,11.323450934074573,29.56,0
9402,33,19.529129914085203,8.47,0
9403,8,5.109917644782856,6.5,1
9404,49,14.962302291066713,19.6,0
9405,17,15.353247040302804,27.61,1
9406,43,19.07094737225993,2.49,0
9407,31,12.401599461503999,16.61,0
9408,34,16.223789012800484,17.78,0
9409,6,20.542085577304572,0.56,0
9410,22,9.363858504174381,12.45,0
9411,14,5.207393314089524,0.65,1
9412,3,20.397589710241792,9.03,1
9413,12,10.012443130617822,11.06,1
9414,36,17.284754631307624,4.57,0
9415,12,24.750439172515602,21.27,0
9416,45,19.18190878082321,16.12,0
9417,2,10.14331108893942,26.03,1
9418,2,7.688788204795886,3.78,1
9419,15,11.107645431631319,0.22,1
9420,23,15.864147504515234,16.68,0
9421,29,13.75041807458695,2.52,1
9422,17,21.8092905022467,6.3,0
9423,32,18.3356368183401,17.0,0
9424,7,11.346818807786633,2.44,1
9425,30,19.230338558641343,3.74,0
9426,28,22.53209112560154,5.78,0
9427,14,13.424580361488454,3.17,0
9428,44,17.397909222440646,6.19,0
9429,30,10.627142666542042,0.1,0
9430,17,14.291265015963596,2.38,1
9431,32,10.539972148136762,17.87,0
9432,46,21.196451068641903,5.34,0
9433,6,12.491121247956873,10.12,0
9434,24,17.20018145249094,2.64,0
9435,6,18.176234541942062,10.49,0
9436,27,30.54538778445042,105.52,1
9437,18,13.671327679793706,9.05,0
9438,24,11.114274874113173,9.9,1
9439,37,14.638900810181193,1.18,0
9440,24,10.74742381975718,5.16,0
9441,38,12.562658322417192,19.71,0
9442,34,18.637044806323267,17.97,0
9443,40,11.641560677107943,7.39,0
9444,47,17.809854538195516,23.38,0
9445,15,17.982240940071453,1.54,0
9446,11,16.246865898399726,10.73,0
9447,22,18.34754384503169,2.86,0
9448,24,13.527993667589195,10.37,0
9449,1,4.986299324427046,0.91,0
9450,18,15.296315811450517,28.75,1
9451,44,15.391462157533855,15.43,0
9452,12,13.149218758654238,2.24,0
9453,43,18.239391158598835,10.14,0
9454,28,18.821529561764493,14.24,1
9455,40,16.090786346710132,2.35,0
9456,7,15.493193029514941,0.98,0
9457,23,21.09389953809548,4.34,0
9458,21,9.629958902674488,1.46,1
9459,34,13.343119544248992,8.34,0
9460,11,19.989096072048852,5.52,1
9461,22,17.678875194885205,6.21,0
9462,42,13.82485248209792,7.83,0
9463,35,16.952865694066283,40.2,0
9464,29,12.258959315323596,15.73,0
9465,42,15.806402266564705,9.93,0
9466,28,18.44027911088634,4.52,0
9467,18,21.459342752987897,0.27,0
9468,14,18.304529609083485,1.24,0
9469,18,21.818152038521035,13.13,0
9470,28,7.786807472889978,4.61,0
9471,24,3.936438208192847,4.07,0
9472,8,4.087703081205628,21.98,1
9473,42,20.580283276402255,6.63,0
9474,45,18.0184372065659,22.98,0
9475,8,11.408427887210937,21.77,1
9476,4,13.075530148299507,0.84,1
9477,27,16.682387254852323,29.07,0
9478,36,11.383474754196898,0.8,0
9479,5,10.914006804936893,33.11,1
9480,33,11.727120377501986,6.03,0
9481,49,11.297477863399644,14.31,0
9482,34,15.220954983975307,12.25,0
9483,30,23.315208227281484,7.31,0
9484,8,9.964444493267884,9.66,1
9485,39,14.633868375630664,29.94,0
9486,47,17.303078537836498,26.22,0
9487,26,17.67777064174976,10.62,1
9488,37,12.470615539378096,10.72,0
9489,34,18.093496069461295,2.84,0
9490,7,17.100144855511378,17.64,0
9491,40,12.74370427064595,10.01,1
9492,28,8.23637944095039,17.5,0
9493,39,9.283421868362575,10.73,0
9494,39,18.729277230735576,3.56,0
9495,28,22.135320338167737,2.1,0
9496,14,15.00377545538923,0.8,0
9497,38,22.009527644144384,8.82,0
9498,4,14.738097627810685,3.34,0
9499,42,9.277587025461921,9.96,0
9500,18,13.952664425714058,0.6,1
9501,44,22.459284664184253,4.71,0
9502,48,11.982671965471578,3.02,0
9503,25,14.320238861891522,4.63,0
9504,7,20.928173541211628,0.56,0
9505,38,20.583959044539977,12.88,0
9506,28,16.529631788044277,1.24,0
9507,5,17.67323956096083,0.15,1
9508,3,20.314248659012748,29.24,0
9509,44,16.542795790698204,2.14,0
9510,31,21.402550848377068,17.61,0
9511,47,18.359698436442077,33.37,0
9512,42,14.260516979476119,7.64,0
9513,20,17.172601384139796,7.47,0
9514,19,13.072791394428135,4.58,1
9515,48,10.172289719065567,5.54,0
9516,11,9.29279066229658,6.58,0
9517,40,13.96708151085998,1.65,0
9518,3,16.564901714441916,4.54,0
9519,23,24.00525452078081,16.93,0
9520,7,17.080399307226067,2.01,1
9521,23,15.957461611226059,13.09,0
9522,7,14.501811978076805,10.54,0
9523,46,13.213154321402357,0.59,0
9524,34,15.653790344661926,0.23,0
9525,42,13.621188698901886,4.35,0
9526,19,13.375746204351168,11.78,1
9527,9,19.103873619763394,4.01,0
9528,48,10.462655284787424,11.02,0
9529,18,13.750397724401466,10.95,0
9530,41,11.561920104206099,16.43,0
9531,48,15.588023221003962,1.05,0
9532,45,19.268798719115573,8.61,0
9533,42,16.74994632307117,0.65,0
9534,25,13.895497696796108,1.94,0
9535,14,19.70190727570263,3.94,1
9536,44,19.413535233440665,12.29,0
9537,25,15.197496071672017,36.45,0
9538,19,22.96498539879218,4.19,0
9539,39,17.096945690206695,7.36,0
9540,15,16.96212982399673,3.0,0
9541,16,8.98661420532461,11.25,1
9542,27,6.581525160221679,4.57,0
9543,40,15.317182549339337,6.57,0
9544,10,19.986273140291214,8.39,0
9545,4,16.642532054154284,11.59,1
9546,19,19.754429385362855,0.62,0
9547,28,12.932401236207614,8.09,0
9548,21,15.412479150979468,5.64,0
9549,47,15.083447528206282,1.44,0
9550,14,5.992544211508367,2.33,0
9551,33,23.944596755896423,21.53,0
9552,48,20.987807834271393,20.54,0
9553,10,19.642168452755268,0.34,0
9554,19,21.424634998404656,11.69,0
9555,30,12.665370036373757,8.08,0
9556,22,18.978873466065817,28.1,0
9557,3,12.653864727106775,23.86,1
9558,37,15.740000840964644,8.66,0
9559,41,6.28882807621253,1.5,0
9560,18,14.256068247141693,6.16,0
9561,11,7.348723909440574,12.92,1
9562,48,8.729306661584282,30.31,0
9563,2,14.731489106176117,4.52,1
9564,12,11.461340567779587,15.36,0
9565,6,16.69478257238449,11.5,1
9566,43,23.374765054871354,0.82,0
9567,40,11.891441720442852,8.16,0
9568,44,13.676153299300164,2.03,1
9569,29,18.322552805593034,11.51,0
9570,30,11.65046913830821,9.42,0
9571,2,11.423022928482874,36.14,0
9572,9,12.777775442457099,27.39,0
9573,47,19.404402662311178,0.09,0
9574,2,6.158925064908482,0.83,1
9575,29,10.762579119928503,14.66,0
9576,33,22.654439674890973,11.57,0
9577,10,1.0,16.14,0
9578,34,14.363150703053618,3.1,0
9579,44,22.649665790516803,18.93,0
9580,8,24.549933132008235,5.84,1
9581,37,18.996775589151213,3.04,0
9582,33,20.859190290232263,0.11,0
9583,47,10.256935369318922,20.51,0
9584,6,10.667721015614132,7.66,1
9585,44,23.570820569512065,37.04,0
9586,40,13.680797299711868,12.54,0
9587,45,5.614673895546284,0.84,0
9588,19,17.092064572074666,8.87,0
9589,32,14.045014140023847,0.17,0
9590,27,15.405658606449254,8.16,0
9591,1,3.0936093735085493,4.31,1
9592,43,1.7589630990603826,10.31,1
9593,33,16.512797037211843,7.8,0
9594,40,13.48434720125875,3.03,0
9595,32,12.715687829201567,1.77,0
9596,5,16.952418032413895,5.19,0
9597,17,11.105596632467371,43.3,1
9598,8,13.672796110639926,5.72,0
9599,42,12.756216640105087,13.81,0
9600,34,19.42722994695795,0.59,0
9601,9,5.605628082528796,4.76,1
9602,23,11.763234627436665,8.68,0
9603,35,20.44880848712426,13.91,0
9604,7,10.814304810699749,7.52,1
9605,15,15.599764651298452,7.24,0
9606,20,23.3472033438359,14.44,0
9607,25,15.791955038352569,3.76,0
9608,3,25.70251435500063,0.95,1
9609,46,21.99946286555888,4.26,0
9610,24,11.741679955074854,1.73,0
9611,34,8.67989707567633,33.8,0
9612,46,11.980410520568977,8.62,0
9613,22,16.90026949994251,5.92,1
9614,11,16.731300963033608,24.31,0
9615,48,18.322651477928773,23.06,0
9616,8,10.372984309300154,5.37,0
9617,39,11.10853654351275,20.77,0
9618,43,17.792666494892732,0.66,0
9619,35,24.954502326848072,21.69,0
9620,49,9.515238615272146,3.72,0
9621,46,14.63782796497167,8.33,0
9622,38,13.200935759329202,3.14,0
9623,8,15.726866124193029,41.86,0
9624,37,9.013839695624561,0.74,1
9625,27,15.44061884775689,5.92,0
9626,28,21.103915533716865,9.7,0
9627,40,6.880054546248637,9.56,0
9628,34,19.98016249070841,13.42,0
9629,32,9.025466918377305,12.89,0
9630,15,16.29071440526487,15.76,0
9631,44,17.444055979707475,2.67,0
9632,17,16.875880574999066,4.63,0
9633,33,13.332603060680468,4.81,0
9634,47,18.312452293707388,31.2,0
9635,46,8.713828485518134,5.26,0
9636,16,19.572868416749333,2.51,0
9637,29,12.67483448922793,10.01,0
9638,9,16.609995654669135,5.57,0
9639,33,13.24287637816937,2.88,0
9640,49,22.660524645674275,12.56,0
9641,29,17.193180729471518,2.13,0
9642,13,18.263639911737776,10.03,0
9643,21,18.937809804554185,5.63,0
9644,21,13.795055877656763,3.84,0
9645,5,16.446366055429095,29.18,0
9646,10,15.826421972537895,3.92,0
9647,6,18.224503131040862,4.27,1
9648,13,12.771984370817275,20.45,0
9649,1,11.467143576518477,1.38,0
9650,20,20.90908187270038,1.14,0
9651,47,18.933559047640028,3.32,0
9652,46,10.803215980565081,8.96,0
9653,8,24.511172187731795,4.85,0
9654,10,12.142933450664717,9.38,0
9655,9,15.593116046010332,1.74,1
9656,49,20.843433771202957,3.03,0
9657,41,20.79576904213622,8.33,0
9658,3,11.472689431313071,2.45,0
9659,11,17.58621035501218,5.5,0
9660,12,13.4489246314341,8.5,0
9661,10,17.097811061345276,36.36,0
9662,25,14.371675577718785,0.83,0
9663,49,12.98621447597906,6.17,0
9664,49,10.188135769591224,5.05,0
9665,25,20.925856942483875,17.39,1
9666,11,11.281099601789483,23.06,0
9667,36,22.34184936594371,23.75,0
9668,39,13.53099368816549,4.7,0
9669,26,17.423261018835678,3.63,0
9670,14,22.69625134130348,5.96,0
9671,39,12.847040140029874,4.22,0
9672,40,17.359233931818036,12.69,0
9673,1,17.470167153681217,2.4,1
9674,4,11.667130485603556,10.75,1
9675,30,16.111295266990798,26.17,0
9676,12,18.72393314862213,3.28,0
9677,35,23.504741787994824,11.3,0
9678,13,12.92549880089708,1.55,0
9679,31,16.72938068468141,1.29,0
9680,38,14.364658481736209,1.23,0
9681,43,15.96680707809633,1.49,0
9682,23,12.041033616445239,2.44,0
9683,4,14.154792779630615,8.27,0
9684,16,22.59105959256923,14.57,0
9685,7,15.637142730194393,1.36,0
9686,22,15.380527704799908,20.4,0
9687,29,10.73801214237049,18.5,0
9688,11,20.45497535716598,13.0,1
9689,33,19.234803296319033,5.55,0
9690,29,15.636309506994019,0.02,0
9691,39,24.50561902520403,13.27,0
9692,12,12.337030065635798,21.12,1
9693,7,9.788496969422631,4.08,1
9694,39,14.52537345509054,12.66,0
9695,42,10.763894748754497,0.64,0
9696,48,16.203323429286428,12.36,0
9697,26,15.365977433046885,0.71,1
9698,40,20.7644938608833,8.85,0
9699,9,12.721409130478389,9.1,1
9700,41,16.660099969020926,3.6,0
9701,34,15.926172380654961,0.82,0
9702,45,19.16267049328494,29.83,0
9703,13,9.347918706116335,7.67,1
9704,36,10.511111011020226,8.67,0
9705,25,12.105391386875423,9.55,0
9706,24,9.578240986129014,22.17,0
9707,44,18.06164861620764,0.62,0
9708,17,18.109469811039894,22.38,1
9709,2,20.460318963751522,2.74,0
9710,13,14.271336527064964,0.81,0
9711,31,12.688035006623325,10.71,0
9712,29,10.264189329538633,37.71,1
9713,28,21.517809462118578,0.59,0
9714,27,13.888766139641223,5.55,0
9715,15,11.37082649992971,7.55,0
9716,31,18.752121964186163,2.91,0
9717,40,13.303917305401285,40.67,0
9718,15,9.665159146165204,10.24,0
9719,33,10.663164364605365,18.6,0
9720,20,15.452612827317193,5.37,0
9721,42,9.638429175063306,4.37,0
9722,12,14.572062728188925,8.06,0
9723,37,10.676081806606234,5.71,0
9724,9,10.270052768468785,12.55,0
9725,23,12.560256754018756,3.09,1
9726,8,15.796409120752797,5.97,0
9727,32,16.597482988306666,22.55,0
9728,48,19.621630304442995,14.11,0
9729,14,11.084722655412182,1.84,1
9730,27,21.957544776982044,21.79,0
9731,25,28.604757117177005,8.89,0
9732,13,12.900268158822962,11.37,0
9733,21,6.164090143262252,3.49,0
9734,45,6.292107869678226,5.83,0
9735,31,12.515930153164957,16.44,1
9736,37,11.529412981774325,4.01,1
9737,48,15.025693803784863,1.8,0
9738,43,17.541425887915086,4.75,0
9739,5,8.56960122875726,0.72,1
9740,13,14.142382734606933,12.65,0
9741,28,12.47010459953686,1.6,0
9742,43,25.177754758922354,3.36,0
9743,25,8.092086420883309,21.29,0
9744,35,11.205902826615013,7.78,0
9745,47,15.167660247858125,3.88,0
9746,39,11.239523397732526,7.93,0
9747,7,20.66557754178849,2.46,1
9748,38,9.900626313752841,0.25,0
9749,32,10.42058716447826,9.26,0
9750,3,21.09674745144925,12.52,0
9751,45,9.045462846798069,21.18,0
9752,39,19.172946840761387,14.78,1
9753,37,12.737150910340192,26.13,0
9754,22,11.908299747081749,42.65,0
9755,8,12.460781215699994,13.66,0
9756,17,9.397268621102716,20.24,0
9757,27,19.53532221280045,11.2,0
9758,33,15.680335024067782,1.87,0
9759,46,19.454814818761605,2.01,0
9760,17,20.881739794817435,1.17,1
9761,42,17.705134437533946,28.64,0
9762,12,7.73612061022963,11.17,0
9763,48,10.153572819194814,15.6,0
9764,46,19.254569145734024,4.02,0
9765,27,15.277521154395524,6.17,0
9766,48,18.251896565884024,0.41,0
9767,8,14.555357333620712,21.98,1
9768,23,12.851530067723315,19.17,0
9769,42,18.25826861910228,15.36,0
9770,49,6.362875375464931,0.6,0
9771,29,13.40132801320779,1.91,0
9772,20,15.33238214572403,4.07,0
9773,16,16.043462917717697,3.05,0
9774,17,8.527514587216771,18.23,0
9775,16,8.734430399755993,2.17,0
9776,19,13.034242105116796,7.6,0
9777,8,14.686183206932462,8.47,1
9778,38,22.775293065630784,5.53,0
9779,38,10.610101277618206,2.75,0
9780,29,12.534310367028818,32.26,0
9781,41,22.957504146993244,5.33,0
9782,36,20.320437806323294,12.99,0
9783,26,9.430009920785672,2.03,0
9784,31,18.377233201802397,17.31,0
9785,44,19.162015007315073,2.43,0
9786,12,15.978770483523276,11.25,0
9787,17,9.134025353362205,7.06,0
9788,15,12.022478032672646,1.58,1
9789,9,11.86019056682388,0.25,0
9790,39,17.64454503905792,26.7,0
9791,42,12.85281851745865,1.34,0
9792,48,13.676001588335689,12.21,0
9793,12,11.990027344159314,10.58,1
9794,32,7.207745750320525,4.18,0
9795,25,27.97548226706163,2.05,0
9796,39,17.0139581094438,1.96,0
9797,18,22.360065294032644,8.8,1
9798,15,9.421974525485153,7.92,1
9799,32,22.59357262910422,20.87,0
9800,6,13.017630932927279,10.22,0
9801,44,17.65137306537766,17.11,0
9802,43,19.95875118071079,0.33,0
9803,35,22.554718403814306,11.12,0
9804,34,14.768104623677907,2.66,0
9805,38,9.97827046459805,2.91,0
9806,5,14.926130367732222,12.75,1
9807,18,17.955239324505005,15.77,1
9808,16,12.320598605827584,4.65,0
9809,8,12.8844528210346,15.61,0
9810,25,7.258633521142511,5.87,1
9811,32,10.109174254853189,19.49,0
9812,26,17.221493083045477,0.25,0
9813,22,19.409712674220884,0.87,0
9814,31,20.50878032484659,14.98,0
9815,43,26.37977341736656,9.78,0
9816,10,22.44081547173446,8.19,0
9817,12,14.239895068076159,9.52,1
9818,28,10.321610781380716,26.62,0
9819,6,13.719271453187156,10.66,1
9820,20,12.24420274042042,10.43,0
9821,5,15.82941538284122,14.25,0
9822,23,19.454714869940666,20.15,0
9823,9,17.398829315637908,3.04,0
9824,29,22.879776513752176,9.59,0
9825,16,16.977629679576758,8.77,0
9826,46,8.622010291866053,1.45,0
9827,22,12.150039749572446,7.35,0
9828,8,17.012875937235957,0.72,0
9829,20,16.14334834809327,2.05,0
9830,14,21.541262145117802,24.41,0
9831,39,15.035190700389029,1.27,0
9832,37,14.11798595009802,8.65,0
9833,34,7.13008668172343,3.91,0
9834,11,10.966385451256084,8.1,0
9835,40,16.543860967226653,2.68,0
9836,33,16.048269226198922,5.88,0
9837,31,17.974432521998796,20.2,0
9838,44,17.252899832413142,4.72,0
9839,34,14.433150523402771,4.35,0
9840,7,9.991525495317948,5.91,0
9841,49,15.002861031191694,1.06,0
9842,23,14.778773347007562,4.9,1
9843,46,21.859108522238067,0.07,0
9844,7,21.640933573508796,7.0,0
9845,25,12.606103199070787,18.83,0
9846,3,11.890390688101792,8.03,1
9847,38,8.231578810810424,9.36,0
9848,20,14.175560319139988,0.31,0
9849,34,12.628964042878838,19.63,1
9850,49,28.036632983337803,4.86,0
9851,44,9.423103197969489,36.83,0
9852,44,15.292904942301618,1.28,0
9853,30,11.785696455369592,28.94,0
9854,17,15.123085281461792,10.06,0
9855,10,13.333019124443258,0.54,1
9856,35,19.05748510739146,35.65,0
9857,20,17.20159060713975,0.14,0
9858,18,18.890325469086672,13.12,0
9859,45,11.23998246571616,22.03,0
9860,44,20.396516002126337,1.93,0
9861,27,12.591498494911884,4.21,0
9862,49,7.968764477092433,8.24,0
9863,36,14.090548048158755,11.39,0
9864,23,15.566827637735758,20.55,0
9865,32,8.7512934106672,14.32,0
9866,10,19.36797826548751,4.52,1
9867,11,10.944199399287058,17.24,0
9868,38,10.730210848150099,33.84,0
9869,6,14.999795768465216,2.57,1
9870,41,19.28651895328056,0.77,0
9871,47,8.920883488016607,5.56,0
9872,34,19.703141354462268,21.32,0
9873,36,4.203167352998552,1.63,1
9874,37,16.65333982419533,21.7,0
9875,17,9.35152915590443,48.55,0
9876,40,11.00724690472519,0.56,0
9877,40,23.68943758145322,6.84,0
9878,12,10.059186844453164,3.99,0
9879,21,14.718781991238941,5.0,0
9880,40,9.666444462645538,6.01,0
9881,19,18.845944080047925,13.46,0
9882,3,17.044713834504766,8.95,0
9883,18,17.749009313853342,32.49,0
9884,19,20.654346792738828,4.05,0
9885,47,13.310951139256405,7.8,0
9886,6,20.37253784901518,16.78,1
9887,16,22.44953040975029,4.67,0
9888,8,16.42222669165607,6.26,0
9889,48,9.468581877982132,11.55,0
9890,18,8.975211180913139,19.71,1
9891,48,17.211368153500995,5.37,0
9892,43,9.465375835163496,7.59,0
9893,39,8.283016051881564,36.94,0
9894,49,19.418710058891826,0.43,0
9895,49,12.70601175151587,5.95,0
9896,12,27.09700078238432,10.11,0
9897,45,11.712671533099577,0.08,0
9898,10,12.513206730391655,9.08,0
9899,7,16.79605850074734,0.58,1
9900,46,16.022825277132675,19.49,0
9901,1,14.57907364489198,16.46,1
9902,49,14.46018483758593,0.33,0
9903,36,31.214160358841273,0.5,0
9904,21,23.303854287070017,14.01,0
9905,37,19.217618845736617,4.61,0
9906,24,8.872899008921928,8.56,0
9907,25,14.630446390677545,3.15,1
9908,7,18.302721445268034,1.9,1
9909,42,18.74109557590127,3.51,0
9910,17,21.388036913563568,2.83,0
9911,29,11.794235838210033,5.95,1
9912,30,14.807320359696911,13.73,0
9913,7,11.224925571942723,8.08,0
9914,33,21.67373429167222,9.4,0
9915,7,18.494135426681034,6.35,0
9916,24,12.46328773150616,3.93,0
9917,11,16.124389481996168,1.55,0
9918,9,15.251547011224957,4.38,1
9919,12,10.600339958248442,10.94,1
9920,35,19.650831144407995,13.23,0
9921,4,15.384877134764789,6.33,1
9922,36,12.353399394962015,10.36,0
9923,28,10.514452989805795,2.36,0
9924,13,19.272981804866966,19.67,0
9925,23,16.34070683048609,20.09,0
9926,19,11.526732179476586,3.86,1
9927,42,12.510823354109759,7.93,0
9928,37,15.027600307884473,9.33,0
9929,39,15.319051939432343,6.39,0
9930,24,15.960272101390197,24.21,0
9931,16,6.1540493893339185,13.46,0
9932,33,15.602062426288601,11.16,0
9933,12,8.904246295289298,7.34,0
9934,34,22.095020981255804,0.89,0
9935,7,20.214631632184652,1.14,1
9936,11,20.783652076279555,3.55,0
9937,31,2.705532055831414,2.38,0
9938,29,13.504090842730896,30.48,0
9939,13,14.609962690736488,5.27,0
9940,31,17.874982394881847,20.92,0
9941,2,19.504372805853823,17.04,1
9942,39,21.423128202011977,16.74,0
9943,15,3.417474176070442,2.43,0
9944,11,10.993497592269883,5.93,1
9945,34,15.288994190939118,3.83,1
9946,39,19.147495242266725,35.2,0
9947,4,19.009058582630285,20.93,1
9948,11,17.3745124625215,2.88,0
9949,29,11.814695791006661,3.76,0
9950,2,12.450996550237214,7.53,1
9951,16,11.852755981722652,3.27,1
9952,39,10.094732348676516,17.4,0
9953,13,10.024709295189659,17.11,1
9954,37,9.546533776492995,12.89,0
9955,17,16.679750685197273,11.69,0
9956,21,15.621652420439753,7.93,0
9957,44,10.366066333518617,4.26,0
9958,19,6.442586723793896,18.14,1
9959,7,13.153333703288178,19.58,1
9960,38,22.400277614936144,0.51,0
9961,8,15.03021630479252,5.09,1
9962,13,19.000383819129617,0.27,0
9963,37,15.900229746178871,18.29,0
9964,2,14.70932652587709,1.95,0
9965,41,7.6347405586991135,11.2,0
9966,11,12.966574998216373,4.42,0
9967,24,12.326059497202872,16.93,0
9968,6,22.406093051244387,7.13,0
9969,26,15.916103276516361,3.92,0
9970,7,21.387678939126946,3.91,0
9971,39,20.63723213742814,3.96,1
9972,19,10.770429798309442,15.54,1
9973,6,15.00579781884848,12.42,1
9974,43,23.424392985913574,3.85,0
9975,29,17.81589613436816,6.74,1
9976,43,17.51359481580852,0.79,0
9977,39,19.56790540804682,17.57,0
9978,2,17.401905590106022,3.09,1
9979,19,17.731775646058303,22.0,1
9980,4,16.510552355874434,9.08,1
9981,6,13.30121448580864,8.39,0
9982,49,9.709545378898921,1.78,0
9983,37,5.715243613632492,0.72,0
9984,28,13.35312451755392,8.04,1
9985,30,17.183021892867444,6.31,0
9986,7,16.192855461444708,1.27,0
9987,9,18.179557088355047,18.05,0
9988,25,14.369781660676384,5.4,0
9989,33,28.610000467292302,3.02,0
9990,1,25.13628605284457,15.52,0
9991,6,7.412023963364431,24.43,1
9992,18,18.28254400382654,3.65,0
9993,10,19.843877127382346,14.96,0
9994,28,4.387408997069343,10.57,0
9995,11,15.83442095452559,45.78,1
9996,33,17.58457577301231,2.28,0
9997,1,14.971891531996786,32.36,0
9998,13,16.929868874809255,3.79,0
9999,37,15.39531733768457,5.31,0
10000,20,18.512897297403377,4.44,0
